rank,ticker,group,is_etf,total_pnl,trades,win_rate,avg_hold,avg_pnl,tp_exits,sx_exits
1,ARWR,IWM50,False,1028.07,168,63.7,2.5,6.119,73,95
2,KLAC,QQQ50,False,284.13,173,58.4,1.9,1.642,40,133
3,MELI,QQQ50,False,197.68,83,72.3,1.5,2.382,21,62
4,KTOS,IWM50,False,191.36,109,65.1,1.9,1.756,26,83
5,GTLS,IWM50,False,125.53,102,64.7,1.5,1.231,24,78
6,SNPS,QQQ50,False,104.55,93,74.2,1.2,1.124,18,75
7,INTU,QQQ50+SPY50,False,93.81,81,70.4,1.2,1.158,22,59
8,NVAX,IWM50,False,90.87,141,67.4,1.7,0.644,56,85
9,ADBE,QQQ50,False,75.51,133,61.7,1.5,0.568,33,100
10,MU,QQQ50+SPY50,False,73.87,211,62.6,1.7,0.35,55,156
11,STRL,IWM50,False,62.63,143,58.7,2.2,0.438,49,94
12,ONTO,IWM50,False,60.33,32,75.0,2.0,1.885,8,24
13,USO,ETF,True,59.08,81,65.4,0.8,0.729,5,76
14,LLY,SPY50,False,49.69,66,63.6,1.1,0.753,5,61
15,QQQ,ETF,True,46.62,54,64.8,0.6,0.863,7,47
16,NXPI,QQQ50,False,45.65,50,68.0,1.2,0.913,9,41
17,CRM,Dow30+SPY50,False,45.27,57,68.4,1.3,0.794,11,46
18,TMO,SPY50,False,44.19,64,59.4,1.5,0.691,6,58
19,SMH,ETF,True,43.97,83,68.7,0.9,0.53,10,73
20,MRVL,QQQ50,False,38.34,96,70.8,1.5,0.399,28,68
21,MARA,IWM50,False,37.88,79,69.6,1.9,0.479,39,40
22,GE,SPY50,False,37.49,62,64.5,1.0,0.605,10,52
23,ABNB,QQQ50,False,36.92,19,63.2,1.0,1.943,3,16
24,XOP,ETF,True,32.34,81,55.6,1.2,0.399,10,71
25,NXT,IWM50,False,31.86,25,80.0,1.0,1.274,10,15
26,JPM,Dow30+SPY50,False,29.05,82,64.6,1.3,0.354,17,65
27,HON,Dow30,False,28.48,67,68.7,1.2,0.425,9,58
28,QCOM,QQQ50,False,28.42,120,67.5,1.2,0.237,23,97
29,ARKK,ETF,True,27.09,51,68.6,1.0,0.531,8,43
30,TTMI,IWM50,False,26.81,119,68.1,1.5,0.225,36,83
31,TMDX,IWM50,False,26.67,39,59.0,2.1,0.684,13,26
32,DXCM,QQQ50,False,25.85,84,63.1,1.9,0.308,25,59
33,ACLS,IWM50,False,25.32,124,64.5,1.6,0.204,42,82
34,BLK,SPY50,False,24.93,39,69.2,1.3,0.639,6,33
35,XBI,ETF,True,24.52,68,64.7,1.0,0.361,5,63
36,TXN,QQQ50,False,24.3,103,65.0,1.5,0.236,21,82
37,DY,IWM50,False,22.32,171,60.8,1.9,0.131,42,129
38,SLV,ETF,True,21.88,55,70.9,0.9,0.398,8,47
39,AMGN,Dow30+QQQ50,False,21.26,89,55.1,1.5,0.239,19,70
40,AMD,QQQ50+SPY50,False,21.23,200,60.0,1.8,0.106,60,140
41,AXP,Dow30+SPY50,False,20.12,93,68.8,1.4,0.216,8,85
42,IWM,ETF,True,19.48,43,72.1,0.5,0.453,1,42
43,RTX,SPY50,False,19.33,70,67.1,1.5,0.276,9,61
44,SIGI,IWM50,False,18.72,86,65.1,1.2,0.218,13,73
45,COST,QQQ50+SPY50,False,18.19,52,69.2,1.0,0.35,10,42
46,MOD,IWM50,False,17.66,136,58.8,1.9,0.13,29,107
47,XHB,ETF,True,16.92,54,77.8,0.5,0.313,7,47
48,TREX,IWM50,False,16.73,112,65.2,1.6,0.149,19,93
49,HD,Dow30,False,16.66,92,54.3,1.6,0.181,13,79
50,SPY,ETF,True,16.32,34,73.5,0.3,0.48,0,34
51,LIN,QQQ50+SPY50,False,15.93,34,61.8,1.1,0.469,3,31
52,SPXC,IWM50,False,15.56,125,65.6,1.3,0.124,16,109
53,LRCX,QQQ50,False,15.38,173,60.1,1.7,0.089,47,126
54,IBB,ETF,True,15.31,62,62.9,0.7,0.247,1,61
55,SMCI,IWM50,False,15.29,72,55.6,1.7,0.212,16,56
56,RIOT,IWM50,False,15.21,66,75.8,1.8,0.231,36,30
57,GLD,ETF,True,15.16,16,75.0,0.7,0.948,1,15
58,NOW,SPY50,False,14.95,36,55.6,1.4,0.415,4,32
59,SHW,Dow30,False,14.87,74,71.6,0.9,0.201,7,67
60,XOM,SPY50,False,14.46,25,80.0,0.8,0.578,3,22
61,HL,IWM50,False,13.77,165,69.7,1.6,0.083,58,107
62,SCHW,SPY50,False,13.77,110,63.6,1.5,0.125,16,94
63,T,SPY50,False,13.11,29,79.3,1.0,0.452,5,24
64,V,Dow30+SPY50,False,13.03,13,76.9,1.3,1.003,0,13
65,CDNS,QQQ50,False,12.92,117,64.1,1.3,0.11,29,88
66,CVX,Dow30+SPY50,False,12.47,54,64.8,1.4,0.231,9,45
67,ITB,ETF,True,12.23,68,70.6,0.9,0.18,7,61
68,ACAD,IWM50,False,12.15,107,71.0,1.6,0.114,31,76
69,ON,QQQ50,False,11.88,109,67.9,1.5,0.109,29,80
70,PRCT,IWM50,False,11.74,24,54.2,1.6,0.489,10,14
71,XLE,ETF,True,11.26,62,61.3,0.7,0.182,6,56
72,GOOGL,QQQ50+SPY50,False,10.58,26,61.5,1.5,0.407,2,24
73,CSCO,Dow30+QQQ50,False,10.57,89,60.7,1.8,0.119,18,71
74,BRK-B,SPY50,False,10.37,16,81.2,0.9,0.648,1,15
75,PLTR,QQQ50+SPY50,False,10.35,31,61.3,2.1,0.334,13,18
76,PIPR,IWM50,False,10.18,73,69.9,1.2,0.139,14,59
77,XLV,ETF,True,10.04,20,85.0,0.6,0.502,1,19
78,META,QQQ50+SPY50,False,9.79,17,41.2,1.7,0.576,2,15
79,GOOG,QQQ50+SPY50,False,9.32,26,61.5,1.6,0.358,2,24
80,WDAY,QQQ50,False,9.29,28,64.3,1.4,0.332,4,24
81,MRK,Dow30,False,9.0,62,64.5,0.8,0.145,5,57
82,ISRG,QQQ50+SPY50,False,9.0,59,64.4,1.4,0.153,13,46
83,AAPL,Dow30+QQQ50+SPY50,False,8.86,131,63.4,1.7,0.068,32,99
84,XLK,ETF,True,7.94,55,60.0,0.8,0.144,4,51
85,BE,IWM50,False,7.91,59,62.7,2.6,0.134,26,33
86,MMM,Dow30,False,7.75,39,56.4,1.2,0.199,2,37
87,IBM,Dow30+SPY50,False,7.28,36,58.3,1.4,0.202,2,34
88,JNJ,Dow30+SPY50,False,7.25,42,69.0,0.9,0.173,2,40
89,BKNG,QQQ50,False,6.36,88,67.0,1.5,0.072,21,67
90,XLY,ETF,True,6.31,49,67.3,0.7,0.129,2,47
91,MDGL,IWM50,False,6.27,94,56.4,2.3,0.067,37,57
92,CTRE,IWM50,False,6.19,18,77.8,1.1,0.344,5,13
93,CLSK,IWM50,False,6.0,42,64.3,3.1,0.143,20,22
94,HOOD,Special,False,5.58,39,53.8,1.6,0.143,10,29
95,UNH,Dow30+SPY50,False,5.37,95,61.1,1.4,0.057,12,83
96,PFE,SPY50,False,5.2,65,52.3,1.4,0.08,6,59
97,BAC,SPY50,False,5.17,82,45.1,1.6,0.063,9,73
98,ABBV,SPY50,False,5.1,14,85.7,1.1,0.364,0,14
99,DIS,Dow30+SPY50,False,4.85,93,49.5,1.6,0.052,7,86
100,XLF,ETF,True,4.8,40,65.0,0.6,0.12,5,35
101,MDLZ,QQQ50,False,4.56,6,66.7,0.7,0.76,2,4
102,TMUS,QQQ50,False,4.53,37,56.8,1.8,0.122,6,31
103,NKE,Dow30,False,4.52,87,56.3,1.4,0.052,9,78
104,SATS,IWM50,False,4.52,38,68.4,1.6,0.119,7,31
105,INTC,QQQ50,False,4.3,122,61.5,1.6,0.035,18,104
106,XLB,ETF,True,4.15,52,67.3,0.6,0.08,2,50
107,NEE,SPY50,False,3.97,35,62.9,1.4,0.113,1,34
108,AMZN,Dow30+QQQ50+SPY50,False,3.96,91,58.2,1.6,0.043,19,72
109,MCD,Dow30+SPY50,False,3.83,84,72.6,1.4,0.046,8,76
110,PM,SPY50,False,3.63,8,37.5,0.6,0.454,0,8
111,XRT,ETF,True,3.62,40,57.5,0.8,0.09,1,39
112,VZ,Dow30,False,3.61,17,52.9,1.2,0.213,2,15
113,PANW,QQQ50,False,3.46,39,53.8,1.5,0.089,2,37
114,MSFT,Dow30+QQQ50+SPY50,False,3.45,70,64.3,1.1,0.049,7,63
115,XLU,ETF,True,3.32,20,65.0,0.3,0.166,2,18
116,DIA,ETF,True,3.11,25,48.0,0.5,0.125,1,24
117,ITRI,IWM50,False,3.04,114,60.5,1.9,0.027,25,89
118,CTAS,QQQ50,False,2.49,56,64.3,1.4,0.045,6,50
119,CRDO,IWM50,False,2.2,30,63.3,2.1,0.073,9,21
120,XLI,ETF,True,1.35,44,61.4,0.4,0.031,0,44
121,KO,Dow30,False,1.16,38,63.2,1.4,0.031,1,37
122,ORLY,QQQ50,False,0.97,55,63.6,1.3,0.018,9,46
123,KRE,ETF,True,0.67,49,46.9,0.6,0.014,2,47
124,XLP,ETF,True,0.66,7,57.1,0.4,0.095,0,7
125,BBIO,IWM50,False,0.64,45,66.7,1.4,0.014,20,25
126,FTNT,QQQ50,False,0.58,53,66.0,1.3,0.011,7,46
127,ORCL,SPY50,False,0.57,104,56.7,1.7,0.005,21,83
128,SPGI,SPY50,False,0.52,73,64.4,1.5,0.007,9,64
129,XLRE,ETF,True,0.43,11,63.6,0.5,0.039,0,11
130,BWXT,IWM50,False,-0.09,16,56.2,1.4,-0.006,2,14
131,PG,Dow30,False,-0.35,29,55.2,1.1,-0.012,3,26
132,XLC,ETF,True,-0.37,9,44.4,0.9,-0.041,0,9
133,NVDA,Dow30+QQQ50+SPY50,False,-0.45,133,65.4,1.7,-0.003,37,96
134,PEP,QQQ50,False,-0.64,33,51.5,1.7,-0.02,7,26
135,HWC,IWM50,False,-0.77,56,57.1,1.3,-0.014,7,49
136,CAVA,IWM50,False,-1.08,18,50.0,1.9,-0.06,4,14
137,WMT,Dow30+QQQ50+SPY50,False,-1.1,86,54.7,1.7,-0.013,6,80
138,BX,SPY50,False,-1.3,34,70.6,1.2,-0.038,4,30
139,IONQ,IWM50,False,-1.37,28,60.7,2.2,-0.049,11,17
140,ENSG,IWM50,False,-1.96,42,64.3,1.2,-0.047,8,34
141,GS,Dow30,False,-1.97,40,60.0,1.4,-0.049,5,35
142,GH,IWM50,False,-2.62,46,54.3,1.5,-0.057,10,36
143,TRV,Dow30,False,-2.75,55,56.4,1.6,-0.05,7,48
144,IRTC,IWM50,False,-3.38,51,49.0,2.0,-0.066,9,42
145,SFM,IWM50,False,-3.44,24,58.3,1.7,-0.143,3,21
146,AHR,IWM50,False,-3.55,4,25.0,4.2,-0.888,0,4
147,CDE,IWM50,False,-3.78,189,65.6,1.7,-0.02,67,122
148,MA,SPY50,False,-3.84,23,65.2,1.7,-0.167,2,21
149,INSP,IWM50,False,-4.29,38,47.4,1.8,-0.113,5,33
150,SOFI,Special,False,-5.42,20,60.0,2.4,-0.271,6,14
151,NFLX,QQQ50+SPY50,False,-5.81,115,63.5,1.6,-0.051,23,92
152,ABT,SPY50,False,-5.99,33,69.7,1.4,-0.182,1,32
153,CRWD,QQQ50,False,-7.24,39,64.1,2.1,-0.186,6,33
154,ACN,SPY50,False,-10.35,18,33.3,1.2,-0.575,0,18
155,MGNI,IWM50,False,-11.68,61,63.9,1.7,-0.191,14,47
156,PYPL,QQQ50,False,-12.12,20,50.0,1.9,-0.606,3,17
157,AEIS,IWM50,False,-15.65,140,57.9,1.9,-0.112,34,106
158,ADI,QQQ50,False,-16.82,123,64.2,1.5,-0.137,29,94
159,SPSC,IWM50,False,-17.42,49,53.1,1.9,-0.356,2,47
160,IREN,Special,False,-17.49,23,65.2,2.7,-0.76,9,14
161,AVGO,QQQ50+SPY50,False,-18.47,36,52.8,1.5,-0.513,4,32
162,CAT,Dow30+SPY50,False,-18.6,95,63.2,1.3,-0.196,10,85
163,AMAT,QQQ50,False,-18.82,156,60.3,1.9,-0.121,33,123
164,CELH,IWM50,False,-19.43,110,66.4,1.9,-0.177,45,65
165,SKYW,IWM50,False,-20.07,143,62.2,1.8,-0.14,32,111
166,TTD,QQQ50,False,-21.81,43,60.5,2.3,-0.507,8,35
167,CEG,QQQ50,False,-34.88,18,55.6,2.3,-1.938,3,15
168,BA,Dow30,False,-38.86,85,52.9,1.8,-0.457,6,79
169,RMBS,IWM50,False,-44.58,106,54.7,2.1,-0.421,26,80
170,FN,IWM50,False,-50.63,58,51.7,2.2,-0.873,8,50
171,TSLA,QQQ50+SPY50,False,-57.07,70,52.9,1.9,-0.815,6,64
172,REGN,QQQ50,False,-57.15,142,60.6,2.0,-0.402,33,109
173,SNDK,Special,False,-66.52,13,53.8,3.1,-5.117,5,8
174,PRAX,IWM50,False,-127.94,43,58.1,2.5,-2.975,14,29
