quarter,selected_sleeve_rank,ticker,return_90d_pct,right_tail_exception_score,entry_score_0_100,rm_signal_bucket,rm_active_fields,hp_signal_bucket,hp_active_fields,primary_theme,theme_tailwind_score,market_repricing_score,right_tail_exception_reason_codes,right_tail_exception_warning_codes
2024Q3,2,CRDO,152.5064,105.0,68,1,"[""rm_buy_review_flag""]",1,"[""hp_LLM_best""]",,0,6,"[""SINGLE_RM_SIGNAL_BUCKET"", ""RM_BUY_REVIEW"", ""HP_LLM_BEST"", ""HP_SIGNAL"", ""NEAR_THRESHOLD_EXCEPTION""]","[""MAX_NO_THEME_NO_LLM_EXCEPTIONS_REACHED"", ""MAX_NO_THEME_NO_LLM_EXCEPTIONS_REACHED"", ""MAX_NO_THEME_NO_LLM_EXCEPTIONS_REACHED"", ""MAX_NO_THEME_NO_LLM_EXCEPTIONS_REACHED"", ""MAX_NO_THEME_NO_LLM_EXCEPTIONS_REACHED"", ""MAX_NO_THEME_NO_LLM_EXCEPTIONS_REACHED"", ""MAX_NO_THEME_NO_LLM_EXCEPTIONS_REACHED"", ""MAX_NO_THEME_NO_LLM_EXCEPTIONS_REACHED""]"
2022Q4,1,ACLS,100.1217,103.0,66,1,"[""rm_buy_review_flag""]",1,"[""hp_LLM_best""]",,0,0,"[""SINGLE_RM_SIGNAL_BUCKET"", ""RM_BUY_REVIEW"", ""HP_LLM_BEST"", ""HP_SIGNAL"", ""NEAR_THRESHOLD_EXCEPTION""]","[""MAX_NO_THEME_NO_LLM_EXCEPTIONS_REACHED"", ""MAX_NO_THEME_NO_LLM_EXCEPTIONS_REACHED"", ""MAX_NO_THEME_NO_LLM_EXCEPTIONS_REACHED"", ""MAX_NO_THEME_NO_LLM_EXCEPTIONS_REACHED"", ""MAX_NO_THEME_NO_LLM_EXCEPTIONS_REACHED"", ""MAX_NO_THEME_NO_LLM_EXCEPTIONS_REACHED"", ""MAX_NO_THEME_NO_LLM_EXCEPTIONS_REACHED"", ""MAX_NO_THEME_NO_LLM_EXCEPTIONS_REACHED"", ""MAX_NO_THEME_NO_LLM_EXCEPTIONS_REACHED""]"
2024Q1,1,VST,94.8477,124.0,79,1,"[""rm_buy_review_flag""]",1,"[""hp_LLM_best""]",,0,10,"[""SINGLE_RM_SIGNAL_BUCKET"", ""RM_BUY_REVIEW"", ""HP_LLM_BEST"", ""HP_SIGNAL"", ""NEAR_THRESHOLD_EXCEPTION""]","[""MAX_NO_THEME_NO_LLM_EXCEPTIONS_REACHED""]"
2025Q2,1,CRDO,65.8039,117.0,72,1,"[""rm_buy_review_flag""]",1,"[""hp_LLM_best""]",,0,10,"[""SINGLE_RM_SIGNAL_BUCKET"", ""RM_BUY_REVIEW"", ""HP_LLM_BEST"", ""HP_SIGNAL"", ""NEAR_THRESHOLD_EXCEPTION""]",[]
2026Q1,1,PTEN,55.0512,91.0,68,1,"[""rm_buy_review_flag""]",0,[],,0,0,"[""SINGLE_RM_SIGNAL_BUCKET"", ""RM_BUY_REVIEW""]","[""MAX_NO_THEME_NO_LLM_EXCEPTIONS_REACHED"", ""MAX_NO_THEME_NO_LLM_EXCEPTIONS_REACHED"", ""MAX_NO_THEME_NO_LLM_EXCEPTIONS_REACHED"", ""MAX_NO_THEME_NO_LLM_EXCEPTIONS_REACHED"", ""MAX_NO_THEME_NO_LLM_EXCEPTIONS_REACHED"", ""MAX_NO_THEME_NO_LLM_EXCEPTIONS_REACHED"", ""EXCEPTION_SHORTFALL_SELECTED_3_OF_5""]"
2023Q1,1,DUOL,45.5339,100.0,63,1,"[""rm_buy_review_flag""]",1,"[""hp_LLM_best""]",,0,6,"[""SINGLE_RM_SIGNAL_BUCKET"", ""RM_BUY_REVIEW"", ""HP_LLM_BEST"", ""HP_SIGNAL""]","[""MAX_NO_THEME_NO_LLM_EXCEPTIONS_REACHED"", ""MAX_NO_THEME_NO_LLM_EXCEPTIONS_REACHED"", ""MAX_NO_THEME_NO_LLM_EXCEPTIONS_REACHED"", ""MAX_NO_THEME_NO_LLM_EXCEPTIONS_REACHED"", ""MAX_NO_THEME_NO_LLM_EXCEPTIONS_REACHED"", ""MAX_NO_THEME_NO_LLM_EXCEPTIONS_REACHED"", ""MAX_NO_THEME_NO_LLM_EXCEPTIONS_REACHED""]"
2024Q3,3,TRUP,34.3956,94.0,72,0,[],1,"[""hp_LLM_best""]",,0,10,"[""HP_LLM_BEST"", ""HP_SIGNAL""]","[""MAX_NO_THEME_NO_LLM_EXCEPTIONS_REACHED"", ""MAX_NO_THEME_NO_LLM_EXCEPTIONS_REACHED"", ""MAX_NO_THEME_NO_LLM_EXCEPTIONS_REACHED"", ""MAX_NO_THEME_NO_LLM_EXCEPTIONS_REACHED"", ""MAX_NO_THEME_NO_LLM_EXCEPTIONS_REACHED"", ""MAX_NO_THEME_NO_LLM_EXCEPTIONS_REACHED"", ""MAX_NO_THEME_NO_LLM_EXCEPTIONS_REACHED"", ""MAX_NO_THEME_NO_LLM_EXCEPTIONS_REACHED""]"
2024Q1,2,CIFR,31.8493,117.0,86,1,"[""rm_buy_review_flag""]",0,[],Bitcoin mining production growth,0,5,"[""SINGLE_RM_SIGNAL_BUCKET"", ""RM_BUY_REVIEW"", ""PRIMARY_THEME""]","[""MAX_NO_THEME_NO_LLM_EXCEPTIONS_REACHED""]"
2022Q1,1,ASIX,31.4679,105.0,68,1,"[""rm_buy_review_flag""]",1,"[""hp_LLM_best""]",,0,0,"[""SINGLE_RM_SIGNAL_BUCKET"", ""RM_BUY_REVIEW"", ""HP_LLM_BEST"", ""HP_SIGNAL"", ""NEAR_THRESHOLD_EXCEPTION""]","[""MAX_NO_THEME_NO_LLM_EXCEPTIONS_REACHED"", ""MAX_NO_THEME_NO_LLM_EXCEPTIONS_REACHED"", ""MAX_NO_THEME_NO_LLM_EXCEPTIONS_REACHED"", ""MAX_NO_THEME_NO_LLM_EXCEPTIONS_REACHED"", ""MAX_NO_THEME_NO_LLM_EXCEPTIONS_REACHED"", ""MAX_NO_THEME_NO_LLM_EXCEPTIONS_REACHED"", ""MAX_NO_THEME_NO_LLM_EXCEPTIONS_REACHED"", ""MAX_NO_THEME_NO_LLM_EXCEPTIONS_REACHED"", ""MAX_NO_THEME_NO_LLM_EXCEPTIONS_REACHED"", ""MAX_NO_THEME_NO_LLM_EXCEPTIONS_REACHED"", ""MAX_NO_THEME_NO_LLM_EXCEPTIONS_REACHED"", ""MAX_NO_THEME_NO_LLM_EXCEPTIONS_REACHED""]"
2022Q2,2,FELE,20.6931,85.0,71,0,[],1,"[""hp_LLM_best""]",,0,0,"[""HP_LLM_BEST"", ""HP_SIGNAL""]","[""MAX_NO_THEME_NO_LLM_EXCEPTIONS_REACHED"", ""MAX_NO_THEME_NO_LLM_EXCEPTIONS_REACHED"", ""MAX_NO_THEME_NO_LLM_EXCEPTIONS_REACHED"", ""MAX_NO_THEME_NO_LLM_EXCEPTIONS_REACHED""]"
2025Q2,2,EAT,19.8932,108.0,71,1,"[""rm_buy_review_flag""]",1,"[""hp_LLM_best""]",,0,0,"[""SINGLE_RM_SIGNAL_BUCKET"", ""RM_BUY_REVIEW"", ""HP_LLM_BEST"", ""HP_SIGNAL"", ""NEAR_THRESHOLD_EXCEPTION""]",[]
2022Q2,1,ARCB,19.294,85.0,71,0,[],1,"[""hp_LLM_best""]",,0,0,"[""HP_LLM_BEST"", ""HP_SIGNAL""]","[""MAX_NO_THEME_NO_LLM_EXCEPTIONS_REACHED"", ""MAX_NO_THEME_NO_LLM_EXCEPTIONS_REACHED"", ""MAX_NO_THEME_NO_LLM_EXCEPTIONS_REACHED"", ""MAX_NO_THEME_NO_LLM_EXCEPTIONS_REACHED""]"
2022Q2,3,SKY,16.6061,85.0,71,0,[],1,"[""hp_LLM_best""]",,0,0,"[""HP_LLM_BEST"", ""HP_SIGNAL""]","[""MAX_NO_THEME_NO_LLM_EXCEPTIONS_REACHED"", ""MAX_NO_THEME_NO_LLM_EXCEPTIONS_REACHED"", ""MAX_NO_THEME_NO_LLM_EXCEPTIONS_REACHED"", ""MAX_NO_THEME_NO_LLM_EXCEPTIONS_REACHED""]"
2024Q3,1,PBI,13.2208,112.0,81,1,"[""rm_buy_review_flag""]",0,[],,0,11,"[""SINGLE_RM_SIGNAL_BUCKET"", ""RM_BUY_REVIEW"", ""NEAR_THRESHOLD_EXCEPTION""]","[""MAX_NO_THEME_NO_LLM_EXCEPTIONS_REACHED"", ""MAX_NO_THEME_NO_LLM_EXCEPTIONS_REACHED"", ""MAX_NO_THEME_NO_LLM_EXCEPTIONS_REACHED"", ""MAX_NO_THEME_NO_LLM_EXCEPTIONS_REACHED"", ""MAX_NO_THEME_NO_LLM_EXCEPTIONS_REACHED"", ""MAX_NO_THEME_NO_LLM_EXCEPTIONS_REACHED"", ""MAX_NO_THEME_NO_LLM_EXCEPTIONS_REACHED"", ""MAX_NO_THEME_NO_LLM_EXCEPTIONS_REACHED""]"
2021Q4,1,STX,9.6738,80.0,66,0,[],1,"[""hp_LLM_best""]",,0,0,"[""HP_LLM_BEST"", ""HP_SIGNAL""]","[""MAX_NO_THEME_NO_LLM_EXCEPTIONS_REACHED"", ""MAX_NO_THEME_NO_LLM_EXCEPTIONS_REACHED"", ""EXCEPTION_SHORTFALL_SELECTED_3_OF_5""]"
2026Q1,2,TEL,-5.9604,78.0,64,0,[],1,"[""hp_LLM_best""]",,0,0,"[""HP_LLM_BEST"", ""HP_SIGNAL""]","[""MAX_NO_THEME_NO_LLM_EXCEPTIONS_REACHED"", ""MAX_NO_THEME_NO_LLM_EXCEPTIONS_REACHED"", ""MAX_NO_THEME_NO_LLM_EXCEPTIONS_REACHED"", ""MAX_NO_THEME_NO_LLM_EXCEPTIONS_REACHED"", ""MAX_NO_THEME_NO_LLM_EXCEPTIONS_REACHED"", ""MAX_NO_THEME_NO_LLM_EXCEPTIONS_REACHED"", ""EXCEPTION_SHORTFALL_SELECTED_3_OF_5""]"
2025Q1,1,AAOI,-26.4583,119.0,82,1,"[""rm_buy_review_flag""]",0,[],CATV and datacenter capacity ramp,13,6,"[""SINGLE_RM_SIGNAL_BUCKET"", ""RM_BUY_REVIEW"", ""THEME_TAILWIND"", ""PRIMARY_THEME""]","[""MAX_NO_THEME_NO_LLM_EXCEPTIONS_REACHED"", ""MAX_NO_THEME_NO_LLM_EXCEPTIONS_REACHED"", ""MAX_NO_THEME_NO_LLM_EXCEPTIONS_REACHED"", ""MAX_NO_THEME_NO_LLM_EXCEPTIONS_REACHED"", ""MAX_NO_THEME_NO_LLM_EXCEPTIONS_REACHED"", ""MAX_NO_THEME_NO_LLM_EXCEPTIONS_REACHED"", ""MAX_NO_THEME_NO_LLM_EXCEPTIONS_REACHED""]"
2022Q1,2,CROX,-41.5697,85.0,71,0,[],1,"[""hp_LLM_best""]",,0,0,"[""HP_LLM_BEST"", ""HP_SIGNAL""]","[""MAX_NO_THEME_NO_LLM_EXCEPTIONS_REACHED"", ""MAX_NO_THEME_NO_LLM_EXCEPTIONS_REACHED"", ""MAX_NO_THEME_NO_LLM_EXCEPTIONS_REACHED"", ""MAX_NO_THEME_NO_LLM_EXCEPTIONS_REACHED"", ""MAX_NO_THEME_NO_LLM_EXCEPTIONS_REACHED"", ""MAX_NO_THEME_NO_LLM_EXCEPTIONS_REACHED"", ""MAX_NO_THEME_NO_LLM_EXCEPTIONS_REACHED"", ""MAX_NO_THEME_NO_LLM_EXCEPTIONS_REACHED"", ""MAX_NO_THEME_NO_LLM_EXCEPTIONS_REACHED"", ""MAX_NO_THEME_NO_LLM_EXCEPTIONS_REACHED"", ""MAX_NO_THEME_NO_LLM_EXCEPTIONS_REACHED"", ""MAX_NO_THEME_NO_LLM_EXCEPTIONS_REACHED""]"
