ticker,target_quarter,present_in_right_tail,target_return_90d_pct,top15_status,selected_quarters,all_quarters
CRNC,2024Q4,True,431.0526,missed,,2024Q4
CVNA,2023Q2,True,416.351,missed,,2023Q2
SNDK,2025Q3,True,324.9837,missed,,2025Q3;2025Q4
AAOI,2023Q2,True,311.875,missed,,2023Q2;2023Q4
BE,2025Q3,True,290.5009,missed,,2024Q4;2025Q3
AXTI,2026Q1,True,196.7843,missed,,2025Q3;2026Q1
AEHR,2026Q1,True,188.1172,missed,,2025Q2;2025Q3;2026Q1
ICHR,2026Q1,True,144.9206,missed,,2026Q1
CRDO,2024Q3,True,152.5064,selected,2024Q3,2024Q3
