ticker,quarter,entry_score_0_100,post_llm_demote_flag,post_llm_demote_severity,post_llm_demote_reason_code,post_llm_demote_overrideable,right_tail_evidence_score,right_tail_queue_type,right_tail_recommended_action,right_tail_reason_codes,right_tail_score_parts,right_tail_score_input_columns,market_repricing_score,entry_qoq_pct,repricing_momentum_priority,repricing_momentum_extension,primary_theme,theme_role,theme_tailwind_score,why_demoted,why_still_interesting
AAOI,2024Q4,54,0,none,,,42.000000,right_tail_scout,scout_research,market_repricing_score_gte_10;market_repricing_score_gte_14;primary_theme;rm_buy_review_flag;rm_buy_review_market_repricing_override,"{""market_repricing_score_gte_10"": 10, ""market_repricing_score_gte_14"": 10, ""primary_theme"": 10, ""rm_buy_review_flag"": 12}",akg_universe_tier;causal_change;durability;eligible_for_backtest;entry_open;entry_qoq_pct;entry_raw_score;entry_score_0_100;fundamental_rerating_score;hp0_high_price_broad;hp1_quality_pullback;hp2_dislocation_momentum_priority;hp2_dislocation_momentum_watch;hp3_large_quality_theme_exception;hp4_score_reacceleration_watch;hp_LLM_best;hp_production_extension;hp_research_extension;hp_rule_version;hp_structure_score;is_future_date_anomaly;is_partial_live_quarter;llm_business_improvement_score;macro_entry_action;macro_mode;macro_position_size_multiplier;macro_rule_version;macro_spy;market_repricing_score;narrative_delta_bucket;negative_revision_risk;operating_leverage_quality;pipeline_run_id;post_llm_candidate_flag;post_llm_demote_flag;post_llm_high_priority_flag;pre_llm_fundamental_bucket;pre_llm_fundamental_score;primary_theme;prior_entry_qoq_pct;quarter;repricing_momentum_extension;repricing_momentum_priority;revenue_bucket;risk_penalty_score;rm1_low_price_dislocation_momentum;rm2_weak_acceleration;rm3_mid_price_dislocation_momentum;rm4_persistent_repricing_wave;rm_buy_review_flag;rm_rule_version;score_addition;score_change;scoring_formula_version;secondary_themes;source_file_hash;theme_acceleration_rescan_flag;theme_acceleration_research_visibility;theme_acceleration_score;theme_confidence;theme_driver_type;theme_momentum;theme_role;theme_rule_version;theme_tailwind_score;ticker;tier_0_bucket;tier_1_bucket;tier_2_bucket;tier_3_bucket;tier_4_bucket;tier_rule_version;tier_structure_score;total_structure_score;tradable_date,14,134.94,Repricing momentum priority,Repricing momentum extension,datacenter and CATV demand ramp,direct_beneficiary,0,,market_repricing_score_gte_10;market_repricing_score_gte_14;primary_theme;rm_buy_review_flag;rm_buy_review_market_repricing_override
IREN,2025Q3,34,0,none,,,42.000000,right_tail_scout,scout_research,market_repricing_score_gte_10;market_repricing_score_gte_14;primary_theme;rm_buy_review_flag;rm_buy_review_market_repricing_override,"{""market_repricing_score_gte_10"": 10, ""market_repricing_score_gte_14"": 10, ""primary_theme"": 10, ""rm_buy_review_flag"": 12}",akg_universe_tier;causal_change;durability;eligible_for_backtest;entry_open;entry_qoq_pct;entry_raw_score;entry_score_0_100;fundamental_rerating_score;hp0_high_price_broad;hp1_quality_pullback;hp2_dislocation_momentum_priority;hp2_dislocation_momentum_watch;hp3_large_quality_theme_exception;hp4_score_reacceleration_watch;hp_LLM_best;hp_production_extension;hp_research_extension;hp_rule_version;hp_structure_score;is_future_date_anomaly;is_partial_live_quarter;llm_business_improvement_score;macro_entry_action;macro_mode;macro_position_size_multiplier;macro_rule_version;macro_spy;market_repricing_score;narrative_delta_bucket;negative_revision_risk;operating_leverage_quality;pipeline_run_id;post_llm_candidate_flag;post_llm_demote_flag;post_llm_high_priority_flag;pre_llm_fundamental_bucket;pre_llm_fundamental_score;primary_theme;prior_entry_qoq_pct;quarter;repricing_momentum_extension;repricing_momentum_priority;revenue_bucket;risk_penalty_score;rm1_low_price_dislocation_momentum;rm2_weak_acceleration;rm3_mid_price_dislocation_momentum;rm4_persistent_repricing_wave;rm_buy_review_flag;rm_rule_version;score_addition;score_change;scoring_formula_version;secondary_themes;source_file_hash;theme_acceleration_rescan_flag;theme_acceleration_research_visibility;theme_acceleration_score;theme_confidence;theme_driver_type;theme_momentum;theme_role;theme_rule_version;theme_tailwind_score;ticker;tier_0_bucket;tier_1_bucket;tier_2_bucket;tier_3_bucket;tier_4_bucket;tier_rule_version;tier_structure_score;total_structure_score;tradable_date,14,424.81,,,none,none,0,,market_repricing_score_gte_10;market_repricing_score_gte_14;primary_theme;rm_buy_review_flag;rm_buy_review_market_repricing_override
AXTI,2025Q4,56,,none,,,32.000000,right_tail_scout,scout_research,market_repricing_score_gte_10;market_repricing_score_gte_14;rm_buy_review_flag;rm_buy_review_market_repricing_override,"{""market_repricing_score_gte_10"": 10, ""market_repricing_score_gte_14"": 10, ""rm_buy_review_flag"": 12}",akg_universe_tier;causal_change;durability;eligible_for_backtest;entry_open;entry_qoq_pct;entry_raw_score;entry_score_0_100;fundamental_rerating_score;hp0_high_price_broad;hp1_quality_pullback;hp2_dislocation_momentum_priority;hp2_dislocation_momentum_watch;hp3_large_quality_theme_exception;hp4_score_reacceleration_watch;hp_LLM_best;hp_production_extension;hp_research_extension;hp_rule_version;hp_structure_score;is_future_date_anomaly;is_partial_live_quarter;llm_business_improvement_score;macro_entry_action;macro_mode;macro_position_size_multiplier;macro_rule_version;macro_spy;market_repricing_score;narrative_delta_bucket;negative_revision_risk;operating_leverage_quality;pipeline_run_id;post_llm_candidate_flag;post_llm_demote_flag;post_llm_high_priority_flag;pre_llm_fundamental_bucket;pre_llm_fundamental_score;primary_theme;prior_entry_qoq_pct;quarter;repricing_momentum_extension;repricing_momentum_priority;revenue_bucket;risk_penalty_score;rm1_low_price_dislocation_momentum;rm2_weak_acceleration;rm3_mid_price_dislocation_momentum;rm4_persistent_repricing_wave;rm_buy_review_flag;rm_rule_version;score_addition;score_change;scoring_formula_version;secondary_themes;source_file_hash;theme_acceleration_rescan_flag;theme_acceleration_research_visibility;theme_acceleration_score;theme_confidence;theme_driver_type;theme_momentum;theme_role;theme_rule_version;theme_tailwind_score;ticker;tier_0_bucket;tier_1_bucket;tier_2_bucket;tier_3_bucket;tier_4_bucket;tier_rule_version;tier_structure_score;total_structure_score;tradable_date,19,258.7,Repricing momentum priority,Repricing momentum extension,,,0,,market_repricing_score_gte_10;market_repricing_score_gte_14;rm_buy_review_flag;rm_buy_review_market_repricing_override
AXTI,2026Q1,37,,none,,,32.000000,right_tail_scout,scout_research,market_repricing_score_gte_10;market_repricing_score_gte_14;rm_buy_review_flag;rm_buy_review_market_repricing_override,"{""market_repricing_score_gte_10"": 10, ""market_repricing_score_gte_14"": 10, ""rm_buy_review_flag"": 12}",akg_universe_tier;causal_change;durability;eligible_for_backtest;entry_open;entry_qoq_pct;entry_raw_score;entry_score_0_100;fundamental_rerating_score;hp0_high_price_broad;hp1_quality_pullback;hp2_dislocation_momentum_priority;hp2_dislocation_momentum_watch;hp3_large_quality_theme_exception;hp4_score_reacceleration_watch;hp_LLM_best;hp_production_extension;hp_research_extension;hp_rule_version;hp_structure_score;is_future_date_anomaly;is_partial_live_quarter;llm_business_improvement_score;macro_entry_action;macro_mode;macro_position_size_multiplier;macro_rule_version;macro_spy;market_repricing_score;narrative_delta_bucket;negative_revision_risk;operating_leverage_quality;pipeline_run_id;post_llm_candidate_flag;post_llm_demote_flag;post_llm_high_priority_flag;pre_llm_fundamental_bucket;pre_llm_fundamental_score;primary_theme;prior_entry_qoq_pct;quarter;repricing_momentum_extension;repricing_momentum_priority;revenue_bucket;risk_penalty_score;rm1_low_price_dislocation_momentum;rm2_weak_acceleration;rm3_mid_price_dislocation_momentum;rm4_persistent_repricing_wave;rm_buy_review_flag;rm_rule_version;score_addition;score_change;scoring_formula_version;secondary_themes;source_file_hash;theme_acceleration_rescan_flag;theme_acceleration_research_visibility;theme_acceleration_score;theme_confidence;theme_driver_type;theme_momentum;theme_role;theme_rule_version;theme_tailwind_score;ticker;tier_0_bucket;tier_1_bucket;tier_2_bucket;tier_3_bucket;tier_4_bucket;tier_rule_version;tier_structure_score;total_structure_score;tradable_date,19,171.39,Repricing momentum priority,Repricing momentum extension,,,0,,market_repricing_score_gte_10;market_repricing_score_gte_14;rm_buy_review_flag;rm_buy_review_market_repricing_override
BE,2025Q1,28,,none,,,32.000000,right_tail_scout,scout_research,market_repricing_score_gte_10;market_repricing_score_gte_14;rm_buy_review_flag;rm_buy_review_market_repricing_override,"{""market_repricing_score_gte_10"": 10, ""market_repricing_score_gte_14"": 10, ""rm_buy_review_flag"": 12}",akg_universe_tier;causal_change;durability;eligible_for_backtest;entry_open;entry_qoq_pct;entry_raw_score;entry_score_0_100;fundamental_rerating_score;hp0_high_price_broad;hp1_quality_pullback;hp2_dislocation_momentum_priority;hp2_dislocation_momentum_watch;hp3_large_quality_theme_exception;hp4_score_reacceleration_watch;hp_LLM_best;hp_production_extension;hp_research_extension;hp_rule_version;hp_structure_score;is_future_date_anomaly;is_partial_live_quarter;llm_business_improvement_score;macro_entry_action;macro_mode;macro_position_size_multiplier;macro_rule_version;macro_spy;market_repricing_score;narrative_delta_bucket;negative_revision_risk;operating_leverage_quality;pipeline_run_id;post_llm_candidate_flag;post_llm_demote_flag;post_llm_high_priority_flag;pre_llm_fundamental_bucket;pre_llm_fundamental_score;primary_theme;prior_entry_qoq_pct;quarter;repricing_momentum_extension;repricing_momentum_priority;revenue_bucket;risk_penalty_score;rm1_low_price_dislocation_momentum;rm2_weak_acceleration;rm3_mid_price_dislocation_momentum;rm4_persistent_repricing_wave;rm_buy_review_flag;rm_rule_version;score_addition;score_change;scoring_formula_version;secondary_themes;source_file_hash;theme_acceleration_rescan_flag;theme_acceleration_research_visibility;theme_acceleration_score;theme_confidence;theme_driver_type;theme_momentum;theme_role;theme_rule_version;theme_tailwind_score;ticker;tier_0_bucket;tier_1_bucket;tier_2_bucket;tier_3_bucket;tier_4_bucket;tier_rule_version;tier_structure_score;total_structure_score;tradable_date,14,111.4,Repricing momentum priority,Repricing momentum extension,,,0,,market_repricing_score_gte_10;market_repricing_score_gte_14;rm_buy_review_flag;rm_buy_review_market_repricing_override
BLBD,2023Q2,36,,none,,,32.000000,right_tail_scout,scout_research,market_repricing_score_gte_10;market_repricing_score_gte_14;rm_buy_review_flag;rm_buy_review_market_repricing_override,"{""market_repricing_score_gte_10"": 10, ""market_repricing_score_gte_14"": 10, ""rm_buy_review_flag"": 12}",akg_universe_tier;causal_change;durability;eligible_for_backtest;entry_open;entry_qoq_pct;entry_raw_score;entry_score_0_100;fundamental_rerating_score;hp0_high_price_broad;hp1_quality_pullback;hp2_dislocation_momentum_priority;hp2_dislocation_momentum_watch;hp3_large_quality_theme_exception;hp4_score_reacceleration_watch;hp_LLM_best;hp_production_extension;hp_research_extension;hp_rule_version;hp_structure_score;is_future_date_anomaly;is_partial_live_quarter;llm_business_improvement_score;macro_entry_action;macro_mode;macro_position_size_multiplier;macro_rule_version;macro_spy;market_repricing_score;narrative_delta_bucket;negative_revision_risk;operating_leverage_quality;pipeline_run_id;post_llm_candidate_flag;post_llm_demote_flag;post_llm_high_priority_flag;pre_llm_fundamental_bucket;pre_llm_fundamental_score;primary_theme;prior_entry_qoq_pct;quarter;repricing_momentum_extension;repricing_momentum_priority;revenue_bucket;risk_penalty_score;rm1_low_price_dislocation_momentum;rm2_weak_acceleration;rm3_mid_price_dislocation_momentum;rm4_persistent_repricing_wave;rm_buy_review_flag;rm_rule_version;score_addition;score_change;scoring_formula_version;secondary_themes;source_file_hash;theme_acceleration_rescan_flag;theme_acceleration_research_visibility;theme_acceleration_score;theme_confidence;theme_driver_type;theme_momentum;theme_role;theme_rule_version;theme_tailwind_score;ticker;tier_0_bucket;tier_1_bucket;tier_2_bucket;tier_3_bucket;tier_4_bucket;tier_rule_version;tier_structure_score;total_structure_score;tradable_date,15,50.98,Repricing momentum priority,Repricing momentum extension,,,0,,market_repricing_score_gte_10;market_repricing_score_gte_14;rm_buy_review_flag;rm_buy_review_market_repricing_override
CDE,2025Q4,31,,none,,,32.000000,right_tail_scout,scout_research,market_repricing_score_gte_10;market_repricing_score_gte_14;rm_buy_review_flag;rm_buy_review_market_repricing_override,"{""market_repricing_score_gte_10"": 10, ""market_repricing_score_gte_14"": 10, ""rm_buy_review_flag"": 12}",akg_universe_tier;causal_change;durability;eligible_for_backtest;entry_open;entry_qoq_pct;entry_raw_score;entry_score_0_100;fundamental_rerating_score;hp0_high_price_broad;hp1_quality_pullback;hp2_dislocation_momentum_priority;hp2_dislocation_momentum_watch;hp3_large_quality_theme_exception;hp4_score_reacceleration_watch;hp_LLM_best;hp_production_extension;hp_research_extension;hp_rule_version;hp_structure_score;is_future_date_anomaly;is_partial_live_quarter;llm_business_improvement_score;macro_entry_action;macro_mode;macro_position_size_multiplier;macro_rule_version;macro_spy;market_repricing_score;narrative_delta_bucket;negative_revision_risk;operating_leverage_quality;pipeline_run_id;post_llm_candidate_flag;post_llm_demote_flag;post_llm_high_priority_flag;pre_llm_fundamental_bucket;pre_llm_fundamental_score;primary_theme;prior_entry_qoq_pct;quarter;repricing_momentum_extension;repricing_momentum_priority;revenue_bucket;risk_penalty_score;rm1_low_price_dislocation_momentum;rm2_weak_acceleration;rm3_mid_price_dislocation_momentum;rm4_persistent_repricing_wave;rm_buy_review_flag;rm_rule_version;score_addition;score_change;scoring_formula_version;secondary_themes;source_file_hash;theme_acceleration_rescan_flag;theme_acceleration_research_visibility;theme_acceleration_score;theme_confidence;theme_driver_type;theme_momentum;theme_role;theme_rule_version;theme_tailwind_score;ticker;tier_0_bucket;tier_1_bucket;tier_2_bucket;tier_3_bucket;tier_4_bucket;tier_rule_version;tier_structure_score;total_structure_score;tradable_date,15,65.37,Repricing momentum priority,Repricing momentum extension,,,0,,market_repricing_score_gte_10;market_repricing_score_gte_14;rm_buy_review_flag;rm_buy_review_market_repricing_override
EVER,2024Q1,40,,none,,,32.000000,right_tail_scout,scout_research,market_repricing_score_gte_10;market_repricing_score_gte_14;rm_buy_review_flag;rm_buy_review_market_repricing_override,"{""market_repricing_score_gte_10"": 10, ""market_repricing_score_gte_14"": 10, ""rm_buy_review_flag"": 12}",akg_universe_tier;causal_change;durability;eligible_for_backtest;entry_open;entry_qoq_pct;entry_raw_score;entry_score_0_100;fundamental_rerating_score;hp0_high_price_broad;hp1_quality_pullback;hp2_dislocation_momentum_priority;hp2_dislocation_momentum_watch;hp3_large_quality_theme_exception;hp4_score_reacceleration_watch;hp_LLM_best;hp_production_extension;hp_research_extension;hp_rule_version;hp_structure_score;is_future_date_anomaly;is_partial_live_quarter;llm_business_improvement_score;macro_entry_action;macro_mode;macro_position_size_multiplier;macro_rule_version;macro_spy;market_repricing_score;narrative_delta_bucket;negative_revision_risk;operating_leverage_quality;pipeline_run_id;post_llm_candidate_flag;post_llm_demote_flag;post_llm_high_priority_flag;pre_llm_fundamental_bucket;pre_llm_fundamental_score;primary_theme;prior_entry_qoq_pct;quarter;repricing_momentum_extension;repricing_momentum_priority;revenue_bucket;risk_penalty_score;rm1_low_price_dislocation_momentum;rm2_weak_acceleration;rm3_mid_price_dislocation_momentum;rm4_persistent_repricing_wave;rm_buy_review_flag;rm_rule_version;score_addition;score_change;scoring_formula_version;secondary_themes;source_file_hash;theme_acceleration_rescan_flag;theme_acceleration_research_visibility;theme_acceleration_score;theme_confidence;theme_driver_type;theme_momentum;theme_role;theme_rule_version;theme_tailwind_score;ticker;tier_0_bucket;tier_1_bucket;tier_2_bucket;tier_3_bucket;tier_4_bucket;tier_rule_version;tier_structure_score;total_structure_score;tradable_date,19,150.25,Repricing momentum priority,Repricing momentum extension,,,0,,market_repricing_score_gte_10;market_repricing_score_gte_14;rm_buy_review_flag;rm_buy_review_market_repricing_override
FLNC,2022Q3,31,,none,,,32.000000,right_tail_scout,scout_research,market_repricing_score_gte_10;market_repricing_score_gte_14;rm_buy_review_flag;rm_buy_review_market_repricing_override,"{""market_repricing_score_gte_10"": 10, ""market_repricing_score_gte_14"": 10, ""rm_buy_review_flag"": 12}",akg_universe_tier;causal_change;durability;eligible_for_backtest;entry_open;entry_qoq_pct;entry_raw_score;entry_score_0_100;fundamental_rerating_score;hp0_high_price_broad;hp1_quality_pullback;hp2_dislocation_momentum_priority;hp2_dislocation_momentum_watch;hp3_large_quality_theme_exception;hp4_score_reacceleration_watch;hp_LLM_best;hp_production_extension;hp_research_extension;hp_rule_version;hp_structure_score;is_future_date_anomaly;is_partial_live_quarter;llm_business_improvement_score;macro_entry_action;macro_mode;macro_position_size_multiplier;macro_rule_version;macro_spy;market_repricing_score;narrative_delta_bucket;negative_revision_risk;operating_leverage_quality;pipeline_run_id;post_llm_candidate_flag;post_llm_demote_flag;post_llm_high_priority_flag;pre_llm_fundamental_bucket;pre_llm_fundamental_score;primary_theme;prior_entry_qoq_pct;quarter;repricing_momentum_extension;repricing_momentum_priority;revenue_bucket;risk_penalty_score;rm1_low_price_dislocation_momentum;rm2_weak_acceleration;rm3_mid_price_dislocation_momentum;rm4_persistent_repricing_wave;rm_buy_review_flag;rm_rule_version;score_addition;score_change;scoring_formula_version;secondary_themes;source_file_hash;theme_acceleration_rescan_flag;theme_acceleration_research_visibility;theme_acceleration_score;theme_confidence;theme_driver_type;theme_momentum;theme_role;theme_rule_version;theme_tailwind_score;ticker;tier_0_bucket;tier_1_bucket;tier_2_bucket;tier_3_bucket;tier_4_bucket;tier_rule_version;tier_structure_score;total_structure_score;tradable_date,14,155.88,Repricing momentum priority,Repricing momentum extension,,,0,,market_repricing_score_gte_10;market_repricing_score_gte_14;rm_buy_review_flag;rm_buy_review_market_repricing_override
GRPN,2025Q2,29,,none,,,32.000000,right_tail_scout,scout_research,market_repricing_score_gte_10;market_repricing_score_gte_14;rm_buy_review_flag;rm_buy_review_market_repricing_override,"{""market_repricing_score_gte_10"": 10, ""market_repricing_score_gte_14"": 10, ""rm_buy_review_flag"": 12}",akg_universe_tier;causal_change;durability;eligible_for_backtest;entry_open;entry_qoq_pct;entry_raw_score;entry_score_0_100;fundamental_rerating_score;hp0_high_price_broad;hp1_quality_pullback;hp2_dislocation_momentum_priority;hp2_dislocation_momentum_watch;hp3_large_quality_theme_exception;hp4_score_reacceleration_watch;hp_LLM_best;hp_production_extension;hp_research_extension;hp_rule_version;hp_structure_score;is_future_date_anomaly;is_partial_live_quarter;llm_business_improvement_score;macro_entry_action;macro_mode;macro_position_size_multiplier;macro_rule_version;macro_spy;market_repricing_score;narrative_delta_bucket;negative_revision_risk;operating_leverage_quality;pipeline_run_id;post_llm_candidate_flag;post_llm_demote_flag;post_llm_high_priority_flag;pre_llm_fundamental_bucket;pre_llm_fundamental_score;primary_theme;prior_entry_qoq_pct;quarter;repricing_momentum_extension;repricing_momentum_priority;revenue_bucket;risk_penalty_score;rm1_low_price_dislocation_momentum;rm2_weak_acceleration;rm3_mid_price_dislocation_momentum;rm4_persistent_repricing_wave;rm_buy_review_flag;rm_rule_version;score_addition;score_change;scoring_formula_version;secondary_themes;source_file_hash;theme_acceleration_rescan_flag;theme_acceleration_research_visibility;theme_acceleration_score;theme_confidence;theme_driver_type;theme_momentum;theme_role;theme_rule_version;theme_tailwind_score;ticker;tier_0_bucket;tier_1_bucket;tier_2_bucket;tier_3_bucket;tier_4_bucket;tier_rule_version;tier_structure_score;total_structure_score;tradable_date,15,52.65,Repricing momentum priority,Repricing momentum extension,,,0,,market_repricing_score_gte_10;market_repricing_score_gte_14;rm_buy_review_flag;rm_buy_review_market_repricing_override
KLXE,2022Q1,65,0,none,,,32.000000,right_tail_scout,scout_research,market_repricing_score_gte_10;market_repricing_score_gte_14;rm_buy_review_flag;rm_buy_review_market_repricing_override,"{""market_repricing_score_gte_10"": 10, ""market_repricing_score_gte_14"": 10, ""rm_buy_review_flag"": 12}",akg_universe_tier;causal_change;durability;eligible_for_backtest;entry_open;entry_qoq_pct;entry_raw_score;entry_score_0_100;fundamental_rerating_score;hp0_high_price_broad;hp1_quality_pullback;hp2_dislocation_momentum_priority;hp2_dislocation_momentum_watch;hp3_large_quality_theme_exception;hp4_score_reacceleration_watch;hp_LLM_best;hp_production_extension;hp_research_extension;hp_rule_version;hp_structure_score;is_future_date_anomaly;is_partial_live_quarter;llm_business_improvement_score;macro_entry_action;macro_mode;macro_position_size_multiplier;macro_rule_version;macro_spy;market_repricing_score;narrative_delta_bucket;negative_revision_risk;operating_leverage_quality;pipeline_run_id;post_llm_candidate_flag;post_llm_demote_flag;post_llm_high_priority_flag;pre_llm_fundamental_bucket;pre_llm_fundamental_score;primary_theme;prior_entry_qoq_pct;quarter;repricing_momentum_extension;repricing_momentum_priority;revenue_bucket;risk_penalty_score;rm1_low_price_dislocation_momentum;rm2_weak_acceleration;rm3_mid_price_dislocation_momentum;rm4_persistent_repricing_wave;rm_buy_review_flag;rm_rule_version;score_addition;score_change;scoring_formula_version;secondary_themes;source_file_hash;theme_acceleration_rescan_flag;theme_acceleration_research_visibility;theme_acceleration_score;theme_confidence;theme_driver_type;theme_momentum;theme_role;theme_rule_version;theme_tailwind_score;ticker;tier_0_bucket;tier_1_bucket;tier_2_bucket;tier_3_bucket;tier_4_bucket;tier_rule_version;tier_structure_score;total_structure_score;tradable_date,14,186.34,Repricing momentum priority,Repricing momentum extension,,,0,,market_repricing_score_gte_10;market_repricing_score_gte_14;rm_buy_review_flag;rm_buy_review_market_repricing_override
KLXE,2022Q4,36,,none,,,32.000000,right_tail_scout,scout_research,market_repricing_score_gte_10;market_repricing_score_gte_14;rm_buy_review_flag;rm_buy_review_market_repricing_override,"{""market_repricing_score_gte_10"": 10, ""market_repricing_score_gte_14"": 10, ""rm_buy_review_flag"": 12}",akg_universe_tier;causal_change;durability;eligible_for_backtest;entry_open;entry_qoq_pct;entry_raw_score;entry_score_0_100;fundamental_rerating_score;hp0_high_price_broad;hp1_quality_pullback;hp2_dislocation_momentum_priority;hp2_dislocation_momentum_watch;hp3_large_quality_theme_exception;hp4_score_reacceleration_watch;hp_LLM_best;hp_production_extension;hp_research_extension;hp_rule_version;hp_structure_score;is_future_date_anomaly;is_partial_live_quarter;llm_business_improvement_score;macro_entry_action;macro_mode;macro_position_size_multiplier;macro_rule_version;macro_spy;market_repricing_score;narrative_delta_bucket;negative_revision_risk;operating_leverage_quality;pipeline_run_id;post_llm_candidate_flag;post_llm_demote_flag;post_llm_high_priority_flag;pre_llm_fundamental_bucket;pre_llm_fundamental_score;primary_theme;prior_entry_qoq_pct;quarter;repricing_momentum_extension;repricing_momentum_priority;revenue_bucket;risk_penalty_score;rm1_low_price_dislocation_momentum;rm2_weak_acceleration;rm3_mid_price_dislocation_momentum;rm4_persistent_repricing_wave;rm_buy_review_flag;rm_rule_version;score_addition;score_change;scoring_formula_version;secondary_themes;source_file_hash;theme_acceleration_rescan_flag;theme_acceleration_research_visibility;theme_acceleration_score;theme_confidence;theme_driver_type;theme_momentum;theme_role;theme_rule_version;theme_tailwind_score;ticker;tier_0_bucket;tier_1_bucket;tier_2_bucket;tier_3_bucket;tier_4_bucket;tier_rule_version;tier_structure_score;total_structure_score;tradable_date,19,133.05,Repricing momentum priority,Repricing momentum extension,,,0,,market_repricing_score_gte_10;market_repricing_score_gte_14;rm_buy_review_flag;rm_buy_review_market_repricing_override
KSS,2025Q3,29,,none,,,32.000000,right_tail_scout,scout_research,market_repricing_score_gte_10;market_repricing_score_gte_14;rm_buy_review_flag;rm_buy_review_market_repricing_override,"{""market_repricing_score_gte_10"": 10, ""market_repricing_score_gte_14"": 10, ""rm_buy_review_flag"": 12}",akg_universe_tier;causal_change;durability;eligible_for_backtest;entry_open;entry_qoq_pct;entry_raw_score;entry_score_0_100;fundamental_rerating_score;hp0_high_price_broad;hp1_quality_pullback;hp2_dislocation_momentum_priority;hp2_dislocation_momentum_watch;hp3_large_quality_theme_exception;hp4_score_reacceleration_watch;hp_LLM_best;hp_production_extension;hp_research_extension;hp_rule_version;hp_structure_score;is_future_date_anomaly;is_partial_live_quarter;llm_business_improvement_score;macro_entry_action;macro_mode;macro_position_size_multiplier;macro_rule_version;macro_spy;market_repricing_score;narrative_delta_bucket;negative_revision_risk;operating_leverage_quality;pipeline_run_id;post_llm_candidate_flag;post_llm_demote_flag;post_llm_high_priority_flag;pre_llm_fundamental_bucket;pre_llm_fundamental_score;primary_theme;prior_entry_qoq_pct;quarter;repricing_momentum_extension;repricing_momentum_priority;revenue_bucket;risk_penalty_score;rm1_low_price_dislocation_momentum;rm2_weak_acceleration;rm3_mid_price_dislocation_momentum;rm4_persistent_repricing_wave;rm_buy_review_flag;rm_rule_version;score_addition;score_change;scoring_formula_version;secondary_themes;source_file_hash;theme_acceleration_rescan_flag;theme_acceleration_research_visibility;theme_acceleration_score;theme_confidence;theme_driver_type;theme_momentum;theme_role;theme_rule_version;theme_tailwind_score;ticker;tier_0_bucket;tier_1_bucket;tier_2_bucket;tier_3_bucket;tier_4_bucket;tier_rule_version;tier_structure_score;total_structure_score;tradable_date,14,122.88,Repricing momentum priority,Repricing momentum extension,,,0,,market_repricing_score_gte_10;market_repricing_score_gte_14;rm_buy_review_flag;rm_buy_review_market_repricing_override
LXU,2022Q2,28,,none,,,32.000000,right_tail_scout,scout_research,market_repricing_score_gte_10;market_repricing_score_gte_14;rm_buy_review_flag;rm_buy_review_market_repricing_override,"{""market_repricing_score_gte_10"": 10, ""market_repricing_score_gte_14"": 10, ""rm_buy_review_flag"": 12}",akg_universe_tier;causal_change;durability;eligible_for_backtest;entry_open;entry_qoq_pct;entry_raw_score;entry_score_0_100;fundamental_rerating_score;hp0_high_price_broad;hp1_quality_pullback;hp2_dislocation_momentum_priority;hp2_dislocation_momentum_watch;hp3_large_quality_theme_exception;hp4_score_reacceleration_watch;hp_LLM_best;hp_production_extension;hp_research_extension;hp_rule_version;hp_structure_score;is_future_date_anomaly;is_partial_live_quarter;llm_business_improvement_score;macro_entry_action;macro_mode;macro_position_size_multiplier;macro_rule_version;macro_spy;market_repricing_score;narrative_delta_bucket;negative_revision_risk;operating_leverage_quality;pipeline_run_id;post_llm_candidate_flag;post_llm_demote_flag;post_llm_high_priority_flag;pre_llm_fundamental_bucket;pre_llm_fundamental_score;primary_theme;prior_entry_qoq_pct;quarter;repricing_momentum_extension;repricing_momentum_priority;revenue_bucket;risk_penalty_score;rm1_low_price_dislocation_momentum;rm2_weak_acceleration;rm3_mid_price_dislocation_momentum;rm4_persistent_repricing_wave;rm_buy_review_flag;rm_rule_version;score_addition;score_change;scoring_formula_version;secondary_themes;source_file_hash;theme_acceleration_rescan_flag;theme_acceleration_research_visibility;theme_acceleration_score;theme_confidence;theme_driver_type;theme_momentum;theme_role;theme_rule_version;theme_tailwind_score;ticker;tier_0_bucket;tier_1_bucket;tier_2_bucket;tier_3_bucket;tier_4_bucket;tier_rule_version;tier_structure_score;total_structure_score;tradable_date,15,80.47,Repricing momentum priority,Repricing momentum extension,,,0,,market_repricing_score_gte_10;market_repricing_score_gte_14;rm_buy_review_flag;rm_buy_review_market_repricing_override
RUN,2025Q4,29,,none,,,32.000000,right_tail_scout,scout_research,market_repricing_score_gte_10;market_repricing_score_gte_14;rm_buy_review_flag;rm_buy_review_market_repricing_override,"{""market_repricing_score_gte_10"": 10, ""market_repricing_score_gte_14"": 10, ""rm_buy_review_flag"": 12}",akg_universe_tier;causal_change;durability;eligible_for_backtest;entry_open;entry_qoq_pct;entry_raw_score;entry_score_0_100;fundamental_rerating_score;hp0_high_price_broad;hp1_quality_pullback;hp2_dislocation_momentum_priority;hp2_dislocation_momentum_watch;hp3_large_quality_theme_exception;hp4_score_reacceleration_watch;hp_LLM_best;hp_production_extension;hp_research_extension;hp_rule_version;hp_structure_score;is_future_date_anomaly;is_partial_live_quarter;llm_business_improvement_score;macro_entry_action;macro_mode;macro_position_size_multiplier;macro_rule_version;macro_spy;market_repricing_score;narrative_delta_bucket;negative_revision_risk;operating_leverage_quality;pipeline_run_id;post_llm_candidate_flag;post_llm_demote_flag;post_llm_high_priority_flag;pre_llm_fundamental_bucket;pre_llm_fundamental_score;primary_theme;prior_entry_qoq_pct;quarter;repricing_momentum_extension;repricing_momentum_priority;revenue_bucket;risk_penalty_score;rm1_low_price_dislocation_momentum;rm2_weak_acceleration;rm3_mid_price_dislocation_momentum;rm4_persistent_repricing_wave;rm_buy_review_flag;rm_rule_version;score_addition;score_change;scoring_formula_version;secondary_themes;source_file_hash;theme_acceleration_rescan_flag;theme_acceleration_research_visibility;theme_acceleration_score;theme_confidence;theme_driver_type;theme_momentum;theme_role;theme_rule_version;theme_tailwind_score;ticker;tier_0_bucket;tier_1_bucket;tier_2_bucket;tier_3_bucket;tier_4_bucket;tier_rule_version;tier_structure_score;total_structure_score;tradable_date,15,51.12,Repricing momentum priority,Repricing momentum extension,,,0,,market_repricing_score_gte_10;market_repricing_score_gte_14;rm_buy_review_flag;rm_buy_review_market_repricing_override
CVNA,2024Q1,71,0,none,,,22.000000,right_tail_scout,scout_research,market_repricing_score_gte_10;market_repricing_score_gte_14;rm_buy_review_flag;rm_buy_review_market_repricing_override,"{""market_repricing_score_gte_10"": 10, ""market_repricing_score_gte_14"": 10, ""risk_penalty_score_gte_10"": -10, ""rm_buy_review_flag"": 12}",akg_universe_tier;causal_change;durability;eligible_for_backtest;entry_open;entry_qoq_pct;entry_raw_score;entry_score_0_100;fundamental_rerating_score;hp0_high_price_broad;hp1_quality_pullback;hp2_dislocation_momentum_priority;hp2_dislocation_momentum_watch;hp3_large_quality_theme_exception;hp4_score_reacceleration_watch;hp_LLM_best;hp_production_extension;hp_research_extension;hp_rule_version;hp_structure_score;is_future_date_anomaly;is_partial_live_quarter;llm_business_improvement_score;macro_entry_action;macro_mode;macro_position_size_multiplier;macro_rule_version;macro_spy;market_repricing_score;narrative_delta_bucket;negative_revision_risk;operating_leverage_quality;pipeline_run_id;post_llm_candidate_flag;post_llm_demote_flag;post_llm_high_priority_flag;pre_llm_fundamental_bucket;pre_llm_fundamental_score;primary_theme;prior_entry_qoq_pct;quarter;repricing_momentum_extension;repricing_momentum_priority;revenue_bucket;risk_penalty_score;rm1_low_price_dislocation_momentum;rm2_weak_acceleration;rm3_mid_price_dislocation_momentum;rm4_persistent_repricing_wave;rm_buy_review_flag;rm_rule_version;score_addition;score_change;scoring_formula_version;secondary_themes;source_file_hash;theme_acceleration_rescan_flag;theme_acceleration_research_visibility;theme_acceleration_score;theme_confidence;theme_driver_type;theme_momentum;theme_role;theme_rule_version;theme_tailwind_score;ticker;tier_0_bucket;tier_1_bucket;tier_2_bucket;tier_3_bucket;tier_4_bucket;tier_rule_version;tier_structure_score;total_structure_score;tradable_date,14,136.3589,,,,,0,,market_repricing_score_gte_10;market_repricing_score_gte_14;rm_buy_review_flag;rm_buy_review_market_repricing_override
GRPN,2025Q3,62,0,none,,,22.000000,right_tail_scout,scout_research,market_repricing_score_gte_10;market_repricing_score_gte_14;rm_buy_review_flag;rm_buy_review_market_repricing_override,"{""market_repricing_score_gte_10"": 10, ""market_repricing_score_gte_14"": 10, ""risk_penalty_score_gte_10"": -10, ""rm_buy_review_flag"": 12}",akg_universe_tier;causal_change;durability;eligible_for_backtest;entry_open;entry_qoq_pct;entry_raw_score;entry_score_0_100;fundamental_rerating_score;hp0_high_price_broad;hp1_quality_pullback;hp2_dislocation_momentum_priority;hp2_dislocation_momentum_watch;hp3_large_quality_theme_exception;hp4_score_reacceleration_watch;hp_LLM_best;hp_production_extension;hp_research_extension;hp_rule_version;hp_structure_score;is_future_date_anomaly;is_partial_live_quarter;llm_business_improvement_score;macro_entry_action;macro_mode;macro_position_size_multiplier;macro_rule_version;macro_spy;market_repricing_score;narrative_delta_bucket;negative_revision_risk;operating_leverage_quality;pipeline_run_id;post_llm_candidate_flag;post_llm_demote_flag;post_llm_high_priority_flag;pre_llm_fundamental_bucket;pre_llm_fundamental_score;primary_theme;prior_entry_qoq_pct;quarter;repricing_momentum_extension;repricing_momentum_priority;revenue_bucket;risk_penalty_score;rm1_low_price_dislocation_momentum;rm2_weak_acceleration;rm3_mid_price_dislocation_momentum;rm4_persistent_repricing_wave;rm_buy_review_flag;rm_rule_version;score_addition;score_change;scoring_formula_version;secondary_themes;source_file_hash;theme_acceleration_rescan_flag;theme_acceleration_research_visibility;theme_acceleration_score;theme_confidence;theme_driver_type;theme_momentum;theme_role;theme_rule_version;theme_tailwind_score;ticker;tier_0_bucket;tier_1_bucket;tier_2_bucket;tier_3_bucket;tier_4_bucket;tier_rule_version;tier_structure_score;total_structure_score;tradable_date,14,108.5561,,,,,0,,market_repricing_score_gte_10;market_repricing_score_gte_14;rm_buy_review_flag;rm_buy_review_market_repricing_override
SLQT,2023Q2,77,0,none,,,22.000000,right_tail_scout,scout_research,market_repricing_score_gte_10;market_repricing_score_gte_14;rm_buy_review_flag;rm_buy_review_market_repricing_override,"{""market_repricing_score_gte_10"": 10, ""market_repricing_score_gte_14"": 10, ""risk_penalty_score_gte_10"": -10, ""rm_buy_review_flag"": 12}",akg_universe_tier;causal_change;durability;eligible_for_backtest;entry_open;entry_qoq_pct;entry_raw_score;entry_score_0_100;fundamental_rerating_score;hp0_high_price_broad;hp1_quality_pullback;hp2_dislocation_momentum_priority;hp2_dislocation_momentum_watch;hp3_large_quality_theme_exception;hp4_score_reacceleration_watch;hp_LLM_best;hp_production_extension;hp_research_extension;hp_rule_version;hp_structure_score;is_future_date_anomaly;is_partial_live_quarter;llm_business_improvement_score;macro_entry_action;macro_mode;macro_position_size_multiplier;macro_rule_version;macro_spy;market_repricing_score;narrative_delta_bucket;negative_revision_risk;operating_leverage_quality;pipeline_run_id;post_llm_candidate_flag;post_llm_demote_flag;post_llm_high_priority_flag;pre_llm_fundamental_bucket;pre_llm_fundamental_score;primary_theme;prior_entry_qoq_pct;quarter;repricing_momentum_extension;repricing_momentum_priority;revenue_bucket;risk_penalty_score;rm1_low_price_dislocation_momentum;rm2_weak_acceleration;rm3_mid_price_dislocation_momentum;rm4_persistent_repricing_wave;rm_buy_review_flag;rm_rule_version;score_addition;score_change;scoring_formula_version;secondary_themes;source_file_hash;theme_acceleration_rescan_flag;theme_acceleration_research_visibility;theme_acceleration_score;theme_confidence;theme_driver_type;theme_momentum;theme_role;theme_rule_version;theme_tailwind_score;ticker;tier_0_bucket;tier_1_bucket;tier_2_bucket;tier_3_bucket;tier_4_bucket;tier_rule_version;tier_structure_score;total_structure_score;tradable_date,14,141.03,Repricing momentum priority,Repricing momentum extension,,,0,,market_repricing_score_gte_10;market_repricing_score_gte_14;rm_buy_review_flag;rm_buy_review_market_repricing_override
