ticker,fvg_form_date,fvg_age_bars,fvg_age_calendar_days,fvg_low,fvg_gap_size,fvg_gap_pct,break_date,entry_date,broken_support,break_high,break_low,break_range_pct,stop_source,support_distance_pct,support_ratcheted_count,atr14,risk_atr,volume_zscore_20,prior_close,prior_sma20,entry,stop,r_multiple,target,exit_date,exit_price,reason,pnl
MU,2000-03-01,1,1,50.5625,10.8125,0.2720125786163522,2000-03-02,2000-03-03,50.5625,50.03125,46.0,0.08269230769230769,SUPPORT,-0.03717948717948718,3,3.5200892857142856,0.9232720355104629,0.4569566801459986,48.75,37.0515625,47.3125,50.5625,3.0,37.5625,2000-03-07,50.5625,STOP,-3.25
MU,2000-03-20,1,1,63.5,6.0625,0.10554951033732318,2000-03-21,2000-03-22,63.5,69.0,56.0,0.2180293501048218,BREAK_HIGH,-0.0649895178197065,1,6.091517857142857,0.7387321363136681,-0.09668624432785866,59.625,50.8890625,64.5,69.0,3.0,51.0,2000-03-22,69.0,STOP,-4.5
MU,2000-06-09,1,3,80.0,2.0,0.02564102564102564,2000-06-12,2000-06-13,80.0,82.0,78.375,0.04559748427672956,BREAK_HIGH,-0.006289308176100629,6,4.616071428571429,0.7446808510638298,-0.12507601925707926,79.5,69.690625,78.5625,82.0,3.0,68.25,2000-06-13,82.0,STOP,-3.4375
MU,2000-06-21,1,1,87.5,6.0,0.0736196319018405,2000-06-22,2000-06-23,87.5,93.0,84.125,0.10215827338129496,BREAK_HIGH,-0.007194244604316547,1,5.160714285714286,1.4048442906574394,0.2757644335315422,86.875,78.159375,85.75,93.0,3.0,64.0,2000-07-10,93.0,STOP,-7.25
MU,2000-08-24,1,1,90.25,0.5,0.005571030640668524,2000-08-25,2000-08-28,90.25,91.75,88.0625,0.04143258426966292,BREAK_HIGH,-0.014044943820224719,2,4.066964285714286,0.4610318331503842,-0.9218596098159564,89.0,82.95,89.875,91.75,3.0,84.25,2000-08-30,84.25,TARGET_3R,5.625
MU,2001-08-02,1,1,43.849998474121094,0.8299980163574219,0.019293305614264237,2001-08-03,2001-08-06,43.849998474121094,44.0,42.75,0.028768699149625418,BREAK_HIGH,-0.009205931050818702,2,1.8764291490827287,0.8260366440258331,-0.2819787112161822,43.45000076293945,39.93250007629395,42.45000076293945,44.0,3.0,37.80000305175781,2001-08-14,37.80000305175781,TARGET_3R,4.649997711181641
MU,2003-07-14,2,2,14.149999618530272,0.04999923706054332,0.003546045085662019,2003-07-16,2003-07-17,14.149999618530272,14.399999618530272,13.529999732971191,0.062499991436114184,BREAK_HIGH,-0.016522955529865425,4,0.6764285223824633,1.1087645999290643,0.5183243958698601,13.920000076293944,13.001999998092652,13.649999618530272,14.399999618530272,3.0,11.399999618530272,2003-07-21,14.399999618530272,STOP,-0.75
MU,2003-07-24,1,1,14.800000190734863,0.35000038146972656,0.024221480006201192,2003-07-25,2003-07-28,14.800000190734863,15.140000343322754,14.029999732971191,0.07576796172387347,BREAK_HIGH,-0.010238947174774063,2,0.7928571019853862,1.185586320288701,0.2586061837411002,14.649999618530272,13.736500024795532,14.199999809265137,15.140000343322754,3.0,11.379998207092285,2003-08-01,15.140000343322754,STOP,-0.9400005340576172
MU,2003-10-30,1,1,14.649999618530272,0.36999988555908025,0.025910356616098872,2003-10-31,2003-11-03,14.649999618530272,14.75,14.199999809265137,0.03835426672820548,BREAK_HIGH,-0.021617814689244372,4,0.5314286095755439,0.3763437000971364,-1.0154488274893427,14.34000015258789,13.337500095367432,14.550000190734863,14.75,3.0,13.950000762939453,2003-11-03,14.75,STOP,-0.19999980926513672
MU,2004-01-08,3,5,15.18000030517578,0.5900001525878888,0.04043866664958451,2004-01-13,2004-01-14,15.18000030517578,15.25,14.649999618530272,0.04037687720942322,BREAK_HIGH,-0.021534364461088203,3,0.4678570883614679,0.7908395421663867,0.3003536261343722,14.859999656677246,13.58450002670288,14.880000114440918,15.25,3.0,13.770000457763672,2004-01-27,15.579999923706056,GAP_STOP,-0.6999998092651385
MU,2004-01-28,5,7,15.920000076293944,0.8400001525878871,0.055702928172260156,2004-02-04,2004-02-05,15.920000076293944,15.93000030517578,15.5,0.027336320259971635,BREAK_HIGH,-0.012078864563692358,1,0.6364282199314664,0.3142550199313732,-0.46748412810908513,15.729999542236328,15.334000062942504,15.729999542236328,15.93000030517578,3.0,15.129997253417974,2004-02-06,15.93000030517578,STOP,-0.20000076293945135
MU,2004-04-05,1,1,17.760000228881836,0.6700000762939453,0.03920421710426311,2004-04-06,2004-04-07,17.760000228881836,17.889999389648438,17.299999237060547,0.03371429443359375,BREAK_HIGH,-0.014857155936104911,3,0.6092860358101985,0.6400924471046436,-0.04208638033571493,17.5,15.89500002861023,17.5,17.889999389648438,3.0,16.330001831054688,2004-04-14,16.330001831054688,TARGET_3R,1.1699981689453125
MU,2005-11-04,5,7,13.65999984741211,0.30999946594238104,0.023220933114928687,2005-11-11,2005-11-14,13.65999984741211,13.789999961853027,13.420000076293944,0.027106219479801172,BREAK_HIGH,-0.0007326175209750272,2,0.3564286231994629,1.206413506625551,-0.7176592765390373,13.649999618530272,13.175500011444091,13.359999656677246,13.789999961853027,3.0,12.069998741149902,2005-11-18,13.800000190734863,GAP_STOP,-0.4400005340576172
MU,2005-11-22,3,6,14.399999618530272,0.19999980926513494,0.01408449379940415,2005-11-28,2005-11-29,14.399999618530272,14.739999771118164,14.300000190734863,0.03059802342709561,BREAK_HIGH,-0.0013907860869395588,2,0.38142837796892426,0.7865177529064313,-0.39109170420232114,14.380000114440918,13.813000011444093,14.4399995803833,14.739999771118164,3.0,13.539999008178711,2005-12-07,13.539999008178711,TARGET_3R,0.9000005722045898
MU,2006-02-16,1,1,16.799999237060547,0.029998779296875,0.0017888359259398269,2006-02-17,2006-02-21,16.799999237060547,17.149999618530273,16.59000015258789,0.03363360232868372,BREAK_HIGH,-0.009008986304320059,4,0.5128569602966307,1.111420413392727,-0.6467478835743007,16.649999618530273,15.526500129699707,16.579999923706055,17.149999618530273,3.0,14.870000839233398,2006-03-08,14.870000839233398,TARGET_3R,1.7099990844726562
MU,2006-04-04,3,3,15.40999984741211,0.43000030517578125,0.02870496116928369,2006-04-07,2006-04-10,15.40999984741211,15.850000381469728,15.199999809265137,0.042622988341284695,BREAK_HIGH,-0.010491793272925204,0,0.5078571183340893,1.0436019650252328,0.8833958705807252,15.25,14.93050012588501,15.31999969482422,15.850000381469728,3.0,13.729997634887697,2006-04-18,15.850000381469728,STOP,-0.5300006866455078
MU,2006-04-28,1,3,16.899999618530273,0.05999946594238281,0.0035629136222520984,2006-05-01,2006-05-02,16.899999618530273,17.100000381469727,16.729999542236328,0.02210279834482243,BREAK_HIGH,-0.009557936057332576,4,0.5578573771885462,0.4839954956308059,-1.388140651964838,16.739999771118164,15.973999834060669,16.829999923706055,17.100000381469727,3.0,16.01999855041504,2006-05-05,17.100000381469727,STOP,-0.2700004577636719
MU,2006-08-30,4,7,17.1200008392334,0.5,0.03008423434129397,2006-09-06,2006-09-07,17.1200008392334,17.360000610351562,16.8799991607666,0.028402453279268464,BREAK_HIGH,-0.01301782400408466,2,0.4485717500959124,1.0477726709330908,-0.4585837414951437,16.899999618530273,16.51700005531311,16.889999389648438,17.360000610351562,3.0,15.479995727539062,2006-09-08,17.450000762939453,GAP_STOP,-0.5600013732910156
MU,2006-09-12,1,1,18.329999923706055,0.3600006103515625,0.020033423712154864,2006-09-13,2006-09-14,18.329999923706055,18.43000030517578,17.829999923706055,0.03333335452609592,BREAK_HIGH,-0.018333329094780818,1,0.536428724016462,0.7456715135149962,2.2983289063958066,18.0,17.03400001525879,18.030000686645508,18.43000030517578,3.0,16.830001831054688,2006-09-18,18.43000030517578,STOP,-0.39999961853027344
MU,2009-04-17,1,3,4.809999942779541,0.309999942779541,0.06888887617323133,2009-04-20,2009-04-21,4.809999942779541,4.96999979019165,4.550000190734863,0.09150317766764929,BREAK_HIGH,-0.04793023592114963,1,0.36785709857940674,1.0873777346556446,-0.5174199106365371,4.590000152587891,4.30900000333786,4.570000171661377,4.96999979019165,3.0,3.3700013160705566,2009-04-22,4.96999979019165,STOP,-0.39999961853027344
MU,2009-06-01,2,2,5.03000020980835,0.1100001335144043,0.02235775036761043,2009-06-03,2009-06-04,5.03000020980835,5.25,4.900000095367432,0.07042251899553337,BREAK_HIGH,-0.012072519547206161,0,0.3585714953286307,0.5298805390158634,1.5633309989190285,4.96999979019165,4.77350001335144,5.059999942779541,5.25,3.0,4.489999771118164,2009-06-04,5.25,STOP,-0.19000005722045898
MU,2009-06-10,2,2,5.539999961853027,0.1700000762939453,0.03165737056179588,2009-06-12,2009-06-15,5.539999961853027,5.619999885559082,5.190000057220459,0.0786105749235426,BREAK_HIGH,-0.012797106827480222,0,0.36857145173209055,0.5426351073183872,-0.2482957477033862,5.46999979019165,5.048000025749206,5.420000076293945,5.619999885559082,3.0,4.820000648498535,2009-06-23,4.820000648498535,TARGET_3R,0.5999994277954102
MU,2009-09-17,1,1,8.210000038146973,0.029999732971191406,0.0036674488816595143,2009-09-18,2009-09-21,8.210000038146973,8.430000305175781,8.149999618530273,0.03414642599492947,BREAK_HIGH,-0.0012195401359078974,5,0.35642865725925993,0.6733485647252773,0.8232924823650265,8.199999809265137,7.59399995803833,8.1899995803833,8.430000305175781,3.0,7.469997406005859,2009-09-21,8.430000305175781,STOP,-0.24000072479248047
MU,2010-03-02,1,1,9.510000228881836,0.3600006103515643,0.03934433064046289,2010-03-03,2010-03-04,9.510000228881836,9.699999809265137,9.390000343322754,0.03280417695230508,BREAK_HIGH,-0.006349250881240499,1,0.3742856298174176,0.7748092332438568,-0.4234455197478482,9.449999809265137,8.920499897003173,9.40999984741211,9.699999809265137,3.0,8.539999961853027,2010-03-10,9.699999809265137,STOP,-0.28999996185302734
MU,2010-03-17,1,1,10.229999542236328,0.28999996185302734,0.02917504769571072,2010-03-18,2010-03-19,10.229999542236328,10.399999618530272,10.050000190734863,0.03444876309565674,BREAK_HIGH,-0.006889733846014636,1,0.3785713740757531,0.34339405900401393,-0.8825315704868534,10.15999984741211,9.523499917984008,10.270000457763672,10.399999618530272,3.0,9.880002975463873,2010-03-22,9.880002975463873,TARGET_3R,0.38999748229979936
MU,2010-04-15,1,1,11.119999885559082,0.2699995040893537,0.024884746045767406,2010-04-16,2010-04-19,11.119999885559082,11.100000381469728,10.6899995803833,0.03754586064303166,SUPPORT,-0.018315000720495866,1,0.4207143783569331,0.7368406736015568,-0.015769058124343194,10.920000076293944,10.588000011444091,10.8100004196167,11.119999885559082,3.0,9.88000202178955,2010-04-28,9.88000202178955,TARGET_3R,0.9299983978271484
MU,2010-06-17,3,5,9.770000457763672,0.020000457763671875,0.0020513290014022435,2010-06-22,2010-06-23,9.770000457763672,10.119999885559082,9.600000381469728,0.05394185534957338,BREAK_HIGH,-0.013485488569610259,3,0.4449999673025946,1.0337080268461643,-0.8926478650968396,9.640000343322754,9.154500007629395,9.65999984741211,10.119999885559082,3.0,8.279999732971191,2010-07-01,8.279999732971191,TARGET_3R,1.380000114440918
MU,2011-01-14,2,5,9.649999618530272,0.14999961853027166,0.01578943352950228,2011-01-19,2011-01-20,9.649999618530272,9.68000030517578,9.220000267028809,0.04909285419052318,BREAK_HIGH,-0.02988257592219627,5,0.3464284283774238,0.6350525794295463,0.4277174664674263,9.369999885559082,8.553500008583068,9.460000038146973,9.68000030517578,3.0,8.799999237060552,2011-01-21,10.0,GAP_STOP,-0.5399999618530273
MU,2011-03-25,5,7,11.40999984741211,0.7100000381469727,0.06635514493487964,2011-04-01,2011-04-04,11.40999984741211,11.619999885559082,11.220000267028809,0.03539819573261977,BREAK_HIGH,-0.009734482727481493,1,0.42785712650844004,0.747912503960376,-0.35327256059014744,11.300000190734863,10.778500032424926,11.300000190734863,11.619999885559082,3.0,10.340001106262207,2011-04-12,10.340001106262207,TARGET_3R,0.9599990844726562
MU,2011-04-27,1,1,11.56999969482422,0.07999992370605646,0.0069625696518417915,2011-04-28,2011-04-29,11.56999969482422,11.770000457763672,11.270000457763672,0.04355400870535217,BREAK_HIGH,-0.00783973485859218,2,0.3992857933044431,0.8014325925554395,0.6905050220834722,11.479999542236328,11.089499998092652,11.449999809265137,11.770000457763672,3.0,10.489997863769531,2011-05-09,10.489997863769531,TARGET_3R,0.9600019454956055
MU,2012-02-09,1,1,7.989999771118164,0.06999969482421875,0.008838345220947794,2012-02-10,2012-02-13,7.989999771118164,8.109999656677246,7.800000190734863,0.03919083083722238,BREAK_HIGH,-0.010113770575131934,2,0.25928568840026855,0.3471043830797142,-0.49015463053231084,7.909999847412109,7.735999965667725,8.020000457763672,8.109999656677246,3.0,7.750002861022949,2012-02-13,7.750002861022949,TARGET_3R,0.26999759674072266
MU,2012-02-15,3,6,8.270000457763672,0.25,0.031172068046204447,2012-02-21,2012-02-22,8.270000457763672,8.460000038146973,8.15999984741211,0.036540826959919774,BREAK_HIGH,-0.007308211856018643,0,0.27857143538338797,0.8974358754907297,-1.0308539738878326,8.210000038146973,7.93699996471405,8.210000038146973,8.460000038146973,3.0,7.460000038146973,2012-02-27,8.460000038146973,STOP,-0.25
MU,2012-02-28,1,1,8.770000457763672,0.7000007629394531,0.08674111392945977,2012-02-29,2012-03-01,8.770000457763672,9.100000381469728,8.510000228881836,0.06900586426035887,BREAK_HIGH,-0.02573102480947428,1,0.3749999318804061,1.3600008573987836,1.1477116753831904,8.550000190734863,8.129500007629394,8.59000015258789,9.100000381469728,3.0,7.0599994659423775,2012-03-28,8.640000343322754,TIME_EXIT,-0.05000019073486328
MU,2013-01-18,2,5,7.789999961853027,0.039999961853027344,0.005161285400390625,2013-01-23,2013-01-24,7.789999961853027,7.900000095367432,7.679999828338623,0.028277668521326172,BREAK_HIGH,-0.0012853151381758208,7,0.21571425029209682,0.8344386378370663,0.07854203080162539,7.78000020980835,7.123000001907348,7.71999979019165,7.900000095367432,3.0,7.179998874664307,2013-01-25,7.900000095367432,STOP,-0.18000030517578125
MU,2013-03-14,1,1,9.579999923706056,0.13000011444091975,0.013756626144422005,2013-03-15,2013-03-18,9.579999923706056,9.75,9.270000457763672,0.05122727300947964,BREAK_HIGH,-0.022411957386533555,5,0.30714276858738465,2.279069803546363,1.2565439983466862,9.369999885559082,8.573499917984009,9.050000190734863,9.75,3.0,6.950000762939453,2013-03-22,9.75,GAP_STOP,-0.6999998092651367
MU,2013-05-28,3,3,11.6899995803833,0.19999980926513672,0.01740642412960409,2013-05-31,2013-06-03,11.6899995803833,11.90999984741211,11.68000030517578,0.019691741115315707,BREAK_HIGH,-0.0008561023070427756,0,0.37571409770420555,0.45247191237360485,-0.608779762200511,11.68000030517578,10.960000038146973,11.739999771118164,11.90999984741211,3.0,11.229999542236328,2013-06-03,11.90999984741211,STOP,-0.1700000762939453
MU,2013-06-10,2,2,12.640000343322754,0.10000038146972656,0.007974512103184216,2013-06-12,2013-06-13,12.640000343322754,13.119999885559082,12.460000038146973,0.05284226257059595,BREAK_HIGH,-0.012009653719245911,2,0.45214271545410156,1.30489806077122,0.0570843485347461,12.489999771118164,11.773500061035156,12.529999732971191,13.119999885559082,3.0,10.75999927520752,2013-06-14,13.119999885559082,STOP,-0.5900001525878906
MU,2013-06-27,4,6,14.270000457763672,0.45000076293945135,0.03256156098961296,2013-07-03,2013-07-05,14.270000457763672,14.289999961853027,14.109999656677246,0.012729865686374025,BREAK_HIGH,-0.00919378439069891,0,0.5099999564034603,0.0392147172529048,-1.3180324993544956,14.140000343322754,13.505000066757201,14.270000457763672,14.289999961853027,3.0,14.210001945495605,2013-07-05,14.289999961853027,STOP,-0.01999950408935547
MU,2013-09-19,4,6,17.020000457763672,0.15999984741210938,0.009489907569390834,2013-09-25,2013-09-26,17.020000457763672,17.329999923706055,16.940000534057617,0.022981697432452375,BREAK_HIGH,-0.0029464435139859688,6,0.5428571701049806,0.01842147333137746,0.013500560207464566,16.969999313354492,15.81700005531311,17.31999969482422,17.329999923706055,3.0,17.28999900817871,2013-09-26,17.329999923706055,STOP,-0.010000228881835938
MU,2013-10-07,1,1,18.479999542236328,0.37999916076660156,0.02099442832916369,2013-10-08,2013-10-09,18.479999542236328,18.649999618530273,17.729999542236328,0.051310655919418614,BREAK_HIGH,-0.03067480355266814,2,0.5300001416887555,1.1698089927094062,1.2100752957443004,17.93000030517578,17.28150005340576,18.030000686645508,18.649999618530273,3.0,16.17000389099121,2013-10-14,16.17000389099121,TARGET_3R,1.8599967956542969
MU,2013-11-15,2,4,19.219999313354492,0.22999954223632812,0.012111613744521143,2013-11-19,2013-11-20,19.219999313354492,19.8700008392334,19.049999237060547,0.04302212094171789,BREAK_HIGH,-0.008394535776247384,3,0.544285637991769,1.249344567835289,1.4118227941559742,19.059999465942383,17.926999855041505,19.190000534057617,19.8700008392334,3.0,17.149999618530273,2013-11-21,19.8700008392334,STOP,-0.6800003051757812
MU,2013-12-10,1,1,22.799999237060547,0.48999977111816406,0.02196323544813076,2013-12-11,2013-12-12,22.799999237060547,22.90999984741211,22.290000915527344,0.02755550808376736,BREAK_HIGH,-0.013333299424913195,4,0.7492858341762,0.3069583485309053,0.5983352199947531,22.5,20.746000003814697,22.68000030517578,22.90999984741211,3.0,21.990001678466797,2013-12-12,22.90999984741211,STOP,-0.22999954223632812
MU,2014-02-18,3,3,25.100000381469727,0.09000015258789062,0.0035985666439121984,2014-02-21,2014-02-24,25.100000381469727,25.59000015258789,24.540000915527344,0.04186599841525794,BREAK_HIGH,-0.0007974664204351569,2,0.6771426882062642,0.6497899803410249,1.2506468088911704,25.079999923706055,24.083999919891358,25.149999618530273,25.59000015258789,3.0,23.829998016357422,2014-03-03,23.829998016357422,TARGET_3R,1.3200016021728516
MU,2014-04-23,2,2,25.969999313354492,0.5799999237060511,0.022843636772300138,2014-04-25,2014-04-28,25.969999313354492,25.68000030517578,25.049999237060547,0.024940659636055837,SUPPORT,-0.028107643627843515,3,1.067857333592007,0.5056845996105943,-0.9966692397088375,25.260000228881836,23.494999885559082,25.43000030517578,25.969999313354492,3.0,23.81000328063965,2014-04-30,25.969999313354492,STOP,-0.5399990081787109
MU,2014-05-13,1,1,27.229999542236328,0.1700000762939453,0.006282338494053069,2014-05-14,2014-05-15,27.229999542236328,27.65999984741211,26.780000686645508,0.03276244008823512,BREAK_HIGH,-0.013775090226251728,1,0.882142748151507,0.9635633045228412,-0.10179708066290236,26.86000061035156,25.976500034332275,26.809999465942383,27.65999984741211,3.0,24.259998321533203,2014-05-27,27.65999984741211,STOP,-0.8500003814697266
MU,2014-06-06,1,3,29.049999237060547,0.03999900817871094,0.0013788006846993624,2014-06-09,2014-06-10,29.049999237060547,29.719999313354492,28.88999938964844,0.02862068702434659,BREAK_HIGH,-0.0017241116227774784,3,0.6371428625924241,1.1300437556891707,-0.14228744622694034,29.0,27.829500102996825,29.0,29.719999313354492,3.0,26.840002059936523,2014-06-11,30.649999618530273,GAP_STOP,-1.6499996185302734
MU,2014-06-17,2,2,31.950000762939453,0.48000144958496094,0.015252667939565836,2014-06-19,2014-06-20,31.950000762939453,32.16999816894531,31.549999237060547,0.019490692935992412,BREAK_HIGH,-0.004401172566725874,3,0.7728569848196847,0.3752298470154483,-0.1231839049792648,31.809999465942383,29.639000129699706,31.8799991607666,32.16999816894531,3.0,31.01000213623047,2014-06-23,32.290000915527344,GAP_STOP,-0.4100017547607422
MU,2014-07-02,2,5,33.540000915527344,0.4900016784667969,0.014826072307963461,2014-07-07,2014-07-08,33.540000915527344,33.650001525878906,32.77000045776367,0.026780311983257126,BREAK_HIGH,-0.020693861611237083,1,0.9028570992606024,0.9414582767466428,-0.8112478412413859,32.86000061035156,31.91500005722046,32.79999923706055,33.650001525878906,3.0,30.24999237060547,2014-07-14,33.650001525878906,STOP,-0.8500022888183594
MU,2014-11-28,1,3,35.720001220703125,0.7400016784667969,0.021154993943704535,2014-12-01,2014-12-02,35.720001220703125,36.13999938964844,34.939998626708984,0.034295533163062004,BREAK_HIGH,-0.020863089660426545,3,0.8157142911638532,1.3362523672751756,0.867819793423361,34.9900016784668,33.6714994430542,35.04999923706055,36.13999938964844,3.0,31.779998779296875,2014-12-03,36.13999938964844,STOP,-1.0900001525878906
MU,2016-07-26,2,2,13.93000030517578,0.7000007629394513,0.05291011240814654,2016-07-28,2016-07-29,13.93000030517578,14.1899995803833,13.699999809265137,0.03548151746774271,BREAK_HIGH,-0.008689346988623111,5,0.5157141004289899,0.542935965369722,-0.4865739897295105,13.8100004196167,13.167500019073486,13.90999984741211,14.1899995803833,3.0,13.070000648498535,2016-08-02,13.070000648498535,TARGET_3R,0.8399991989135742
MU,2016-08-08,2,2,14.380000114440918,0.18000030517578125,0.012676077999545864,2016-08-10,2016-08-11,14.380000114440918,14.5,14.029999732971191,0.03309861079872307,BREAK_HIGH,-0.012676077999545864,2,0.5435711996895931,0.4599213500324571,-0.9158870638039714,14.199999809265137,13.76650004386902,14.25,14.5,3.0,13.5,2016-08-12,14.5,STOP,-0.25
MU,2016-08-29,2,2,16.610000610351562,0.060001373291015625,0.0036254607889439697,2016-08-31,2016-09-01,16.610000610351562,16.739999771118164,16.139999389648438,0.036385711934369624,BREAK_HIGH,-0.007277188653669784,1,0.587857110159738,0.2211407475045713,-0.2496976278642528,16.489999771118164,15.515000104904175,16.610000610351562,16.739999771118164,3.0,16.220003128051758,2016-09-01,16.739999771118164,STOP,-0.12999916076660156
MU,2016-09-22,2,4,17.40999984741211,0.1399993896484375,0.008106507581793447,2016-09-26,2016-09-27,17.40999984741211,17.600000381469727,17.18000030517578,0.024193551931300294,BREAK_HIGH,-0.0028801402824106424,0,0.6635714939662388,0.10548930365562116,-0.7715120818426401,17.360000610351562,17.08150005340576,17.530000686645508,17.600000381469727,3.0,17.32000160217285,2016-09-27,17.600000381469727,STOP,-0.06999969482421875
MU,2016-11-28,1,1,19.950000762939453,0.020000457763671875,0.0010035352462326754,2016-11-29,2016-11-30,19.950000762939453,20.200000762939453,19.3799991607666,0.04222459314888624,BREAK_HIGH,-0.027291487361654612,4,0.6042857851300921,1.0260059966492894,1.646137407813634,19.420000076293945,18.236499881744386,19.579999923706055,20.200000762939453,3.0,17.71999740600586,2016-12-07,20.200000762939453,STOP,-0.6200008392333984
MU,2016-12-08,2,4,20.290000915527344,1.2000007629394531,0.06286017565991364,2016-12-12,2016-12-13,20.290000915527344,20.510000228881836,19.489999771118164,0.05094907264940246,BREAK_HIGH,-0.013486536043457823,1,0.7564288548060828,0.4891416249955825,0.05198091281326206,20.020000457763672,19.360499954223634,20.13999938964844,20.510000228881836,3.0,19.029996871948256,2016-12-16,20.530000686645508,GAP_STOP,-0.39000129699706676
MU,2016-12-23,2,5,23.059999465942383,2.229999542236328,0.10705710755660765,2016-12-28,2016-12-29,23.059999465942383,23.40999984741211,22.760000228881836,0.028533783974437177,BREAK_HIGH,-0.012291429800571551,1,0.7757141930716381,1.0699816132272355,-0.46812065003936465,22.780000686645508,20.545500183105467,22.579999923706055,23.40999984741211,3.0,20.09000015258789,2017-01-25,23.40999984741211,STOP,-0.8299999237060547
MU,2017-02-02,2,4,24.459999084472656,0.3099994659423828,0.012836417011970488,2017-02-06,2017-02-07,24.459999084472656,24.729999542236328,24.209999084472656,0.021364028533433846,BREAK_HIGH,-0.0049301122075797125,3,0.7621427263532367,0.18369182675050658,-0.716920265791958,24.34000015258789,23.119499969482423,24.59000015258789,24.729999542236328,3.0,24.170001983642578,2017-02-08,24.170001983642578,TARGET_3R,0.4199981689453125
MU,2017-03-31,1,3,28.899999618530273,0.2199993133544922,0.007670826743847337,2017-04-03,2017-04-04,28.899999618530273,29.040000915527344,28.299999237060547,0.025838047983138608,BREAK_HIGH,-0.009078220475654274,1,0.8792859486171173,0.6482551018463474,-0.45169646133188723,28.63999938964844,26.786999893188476,28.469999313354492,29.040000915527344,3.0,26.759994506835938,2017-04-11,26.759994506835938,TARGET_3R,1.7100048065185547
MU,2017-09-01,1,4,32.130001068115234,0.4500007629394531,0.014204569400396546,2017-09-05,2017-09-06,32.130001068115234,32.7400016784668,31.649999618530273,0.03398821547579993,BREAK_HIGH,-0.0018709502295598478,2,0.8471430369785858,0.7908959342122462,0.9323639457210362,32.06999969482422,30.21549997329712,32.06999969482422,32.7400016784668,3.0,30.059993743896484,2017-09-07,32.7400016784668,STOP,-0.6700019836425781
MU,2017-10-03,1,1,39.849998474121094,0.48999786376953125,0.012449132524674384,2017-10-04,2017-10-05,39.849998474121094,40.43000030517578,38.90999984741211,0.038422659378113726,BREAK_HIGH,-0.00733056346721641,3,1.247856685093471,0.504866524851004,-0.027558173343816866,39.560001373291016,35.974500274658205,39.79999923706055,40.43000030517578,3.0,37.909996032714844,2017-10-09,40.43000030517578,STOP,-0.6300010681152344
MU,2017-11-01,2,2,43.779998779296875,1.9199981689453125,0.045867131890832226,2017-11-03,2017-11-06,43.779998779296875,45.0,43.349998474121094,0.03774883460167002,BREAK_HIGH,-0.0016014572475496832,1,1.304999487740653,0.8812275688091687,-0.843903180824924,43.709999084472656,41.79650039672852,43.849998474121094,45.0,3.0,40.399993896484375,2017-11-13,45.0,STOP,-1.1500015258789062
MU,2017-11-22,2,5,48.619998931884766,0.7599983215332031,0.015879613703323362,2017-11-27,2017-11-28,48.619998931884766,48.38999938964844,47.09000015258789,0.02705513543604531,SUPPORT,-0.011862636917267274,3,1.3442859649658203,0.12645982579282145,1.3932572893113113,48.04999923706055,45.548500061035156,48.45000076293945,48.619998931884766,3.0,47.940006256103516,2017-11-28,48.619998931884766,STOP,-0.1699981689453125
MU,2017-12-21,1,1,44.349998474121094,0.009998321533203125,0.00022549214025249786,2017-12-22,2017-12-26,44.349998474121094,44.939998626708984,43.939998626708984,0.022665458390963768,BREAK_HIGH,-0.005213045054498208,0,1.4642857142857142,1.1951219512195124,-0.9884367079885102,44.119998931884766,43.33700008392334,43.189998626708984,44.939998626708984,3.0,37.939998626708984,2018-01-03,44.939998626708984,STOP,-1.75
MU,2018-02-28,1,1,48.349998474121094,0.11999893188476562,0.002488055837107759,2018-03-01,2018-03-02,48.349998474121094,48.810001373291016,46.77000045776367,0.04283916340370657,BREAK_HIGH,-0.0153296841371314,3,1.7414286477225167,1.4068912706493168,1.454051091561694,47.619998931884766,43.910000228881835,46.36000061035156,48.810001373291016,3.0,39.0099983215332,2018-03-02,48.810001373291016,STOP,-2.450000762939453
MU,2018-05-16,1,1,55.47999954223633,1.7700004577636719,0.03295476611310112,2018-05-17,2018-05-18,55.47999954223633,56.439998626708984,53.93000030517578,0.045886623154012575,BREAK_HIGH,-0.01425957529099968,4,1.7599996839250838,1.613636740123857,1.3382870902378472,54.70000076293945,49.780999755859376,53.599998474121094,56.439998626708984,3.0,45.07999801635742,2018-05-21,56.439998626708984,STOP,-2.8400001525878906
MU,2018-06-11,1,1,61.06999969482422,0.7999992370605469,0.01327358936426713,2018-06-12,2018-06-13,61.06999969482422,61.849998474121094,59.939998626708984,0.03154417624241793,BREAK_HIGH,-0.008587951516362657,0,2.4014284951346263,0.6454488402219332,-0.9026157174922692,60.54999923706055,58.91649971008301,60.29999923706055,61.849998474121094,3.0,55.650001525878906,2018-06-25,55.650001525878906,TARGET_3R,4.649997711181641
MU,2018-08-31,1,4,52.220001220703125,0.060001373291015625,0.0011503330802634685,2018-09-04,2018-09-05,52.220001220703125,52.29999923706055,50.709999084472656,0.03061814256198681,BREAK_HIGH,-0.005584458190315856,2,1.6235716683523995,0.5604925641105681,-0.2318750901726609,51.93000030517578,50.79099998474121,51.38999938964844,52.29999923706055,3.0,48.65999984741211,2018-09-06,48.65999984741211,TARGET_3R,2.729999542236328
MU,2019-04-17,5,8,42.7599983215332,0.529998779296875,0.012550290907931382,2019-04-25,2019-04-26,42.7599983215332,44.650001525878906,42.689998626708984,0.045848021033214545,BREAK_HIGH,-0.00023387886627375732,0,1.1078572954450334,2.8523527898443968,0.6019193765752114,42.75,42.48150005340576,41.4900016784668,44.650001525878906,3.0,32.01000213623047,2019-05-23,33.81999969482422,TIME_EXIT,7.670001983642578
MU,2019-07-15,1,1,43.709999084472656,0.1699981689453125,0.0039044135363048953,2019-07-16,2019-07-17,43.709999084472656,44.099998474121094,42.93000030517578,0.02717134536997557,BREAK_HIGH,-0.015095162342117737,3,1.772144045148577,0.6207161754894871,-0.3071587195322034,43.060001373291016,38.701499938964844,43.0,44.099998474121094,3.0,39.70000457763672,2019-07-18,44.099998474121094,STOP,-1.0999984741210938
MU,2019-07-25,1,1,47.59000015258789,0.4500007629394531,0.009546049401058535,2019-07-26,2019-07-29,47.59000015258789,48.130001068115234,47.09000015258789,0.02189936573531239,BREAK_HIGH,-0.0021056742595660016,2,1.4257147652762276,0.8837687361583489,-0.9955718216121568,47.4900016784668,43.41849994659424,46.869998931884766,48.130001068115234,3.0,43.08999252319336,2019-08-01,43.08999252319336,TARGET_3R,3.7800064086914062
MU,2019-10-28,1,1,48.22999954223633,1.0699996948242188,0.02268871285594236,2019-10-29,2019-10-30,48.22999954223633,49.16999816894531,48.060001373291016,0.02307205947978028,BREAK_HIGH,-0.0024942616994884453,1,1.4357141767229353,0.661689466917842,-1.1309005351056138,48.11000061035156,44.99849967956543,48.220001220703125,49.16999816894531,3.0,45.37001037597656,2019-11-04,49.38999938964844,GAP_STOP,-1.1699981689453125
MU,2019-11-04,1,1,49.25,1.3699989318847656,0.028613176719352457,2019-11-05,2019-11-06,49.25,49.720001220703125,48.61000061035156,0.022801984457537984,BREAK_HIGH,-0.011709114446402642,0,1.3650003160749162,1.1501826602786307,-0.6288304159931658,48.68000030517578,46.26299991607666,48.150001525878906,49.720001220703125,3.0,43.44000244140625,2019-12-04,46.29999923706055,TIME_EXIT,1.8500022888183594
MU,2019-12-20,4,7,54.630001068115234,0.9099998474121094,0.016939684041954284,2019-12-27,2019-12-30,54.630001068115234,55.529998779296875,53.88999938964844,0.030353496700000846,BREAK_HIGH,-0.01110498431194241,3,1.572857175554548,1.1189816525538463,-0.5659314144406328,54.029998779296875,50.69249973297119,53.77000045776367,55.529998779296875,3.0,48.49000549316406,2020-01-07,55.529998779296875,STOP,-1.7599983215332031
MU,2020-01-08,2,2,57.060001373291016,2.920001983642578,0.05393428179832751,2020-01-10,2020-01-13,57.060001373291016,57.5,56.27000045776367,0.0217045982350209,BREAK_HIGH,-0.006882004887013066,1,1.5557144709995814,0.31496890181394266,-0.6027405219043332,56.66999816894531,54.54749984741211,57.0099983215332,57.5,3.0,55.53999328613281,2020-01-13,57.5,STOP,-0.4900016784667969
MU,2020-02-12,2,2,58.900001525878906,1.5600013732910156,0.027206162698634195,2020-02-14,2020-02-18,58.900001525878906,60.560001373291016,58.2599983215332,0.03931629148303953,BREAK_HIGH,-0.006837632921006944,0,2.078570774623326,1.6790391364466515,-0.5082826027862741,58.5,57.06750011444092,57.06999969482422,60.560001373291016,3.0,46.59999465942383,2020-03-09,46.59999465942383,TARGET_3R,10.47000503540039
MU,2020-12-07,2,2,71.4800033569336,0.3600006103515625,0.005061875653103287,2020-12-09,2020-12-10,71.4800033569336,74.61000061035156,70.77999877929688,0.053633967716583554,BREAK_HIGH,-0.0009802505424231066,8,2.3942854745047435,1.8669458042081395,-0.11749911068868421,71.41000366210938,64.74400081634522,70.13999938964844,74.61000061035156,3.0,56.72999572753906,2020-12-31,74.61000061035156,STOP,-4.470001220703125
MU,2020-12-16,1,1,72.62999725341797,0.43000030517578125,0.005955683148906979,2020-12-17,2020-12-18,72.62999725341797,73.73999786376953,71.76000213623047,0.02740099182125974,BREAK_HIGH,-0.005120330836552633,1,2.4321419852120534,0.4276069908133543,-0.8367586194190827,72.26000213623047,68.57500057220459,72.69999694824219,73.73999786376953,3.0,69.57999420166016,2020-12-29,69.57999420166016,TARGET_3R,3.1200027465820312
MU,2021-01-20,2,2,83.2300033569336,1.350006103515625,0.016487617840745237,2021-01-22,2021-01-25,83.2300033569336,84.94999694824219,82.2300033569336,0.033057773841301916,BREAK_HIGH,-0.01154599649648703,3,3.448570796421596,0.5103547558490586,-0.5072829292002592,82.27999877929688,77.49000053405761,83.19000244140625,84.94999694824219,3.0,77.91001892089844,2021-01-27,77.91001892089844,TARGET_3R,5.2799835205078125
MU,2021-02-16,1,1,87.05000305175781,0.410003662109375,0.00473226760154342,2021-02-17,2021-02-18,87.05000305175781,87.31999969482422,84.9000015258789,0.02812316191888708,BREAK_HIGH,-0.011621150081755544,1,2.804285321916853,0.2852787644343462,-1.1620437048234173,86.05000305175781,82.2400001525879,86.5199966430664,87.31999969482422,3.0,84.11998748779297,2021-02-18,87.31999969482422,STOP,-0.8000030517578125
MU,2022-02-16,2,2,93.56999969482422,0.40000152587889204,0.004293243895460517,2022-02-18,2022-02-22,93.56999969482422,94.68000030517578,88.9000015258789,0.06365637208186173,BREAK_HIGH,-0.030506569933565614,3,3.9907144818987175,1.2128163989778493,-0.38177472793311396,90.8000030517578,85.76700019836426,89.83999633789062,94.68000030517578,3.0,75.31998443603516,2022-03-08,75.31998443603516,TARGET_3R,14.520011901855469
MU,2023-03-30,1,1,62.47999954223633,2.6100006103515625,0.04359446562411016,2023-03-31,2023-04-03,62.47999954223633,61.65999984741211,59.900001525878906,0.029168019838954534,SUPPORT,-0.0354656841935168,0,2.321428026471819,1.1501533273910118,1.6570647287719333,60.34000015258789,57.91600017547607,59.810001373291016,62.47999954223633,3.0,51.80000686645508,2023-04-10,62.47999954223633,STOP,-2.6699981689453125
MU,2023-04-11,1,1,63.040000915527344,3.8899993896484375,0.06576499221131062,2023-04-12,2023-04-13,63.040000915527344,64.36000061035156,61.84000015258789,0.040671408892825354,BREAK_HIGH,-0.017430630197109522,1,2.640714372907366,1.0792542798487412,-0.6062776281144708,61.959999084472656,59.58000011444092,61.5099983215332,64.36000061035156,3.0,52.959991455078125,2023-04-28,64.36000061035156,STOP,-2.8500022888183594
MU,2023-05-01,1,1,62.310001373291016,0.3500022888183594,0.005648842704810028,2023-05-02,2023-05-03,62.310001373291016,62.58000183105469,61.25,0.021486297225673665,BREAK_HIGH,-0.006623583801378394,2,1.8000003269740514,0.6055555303260808,-0.7247525897430374,61.900001525878906,61.20850028991699,61.4900016784668,62.58000183105469,3.0,58.220001220703125,2023-05-15,62.58000183105469,STOP,-1.0900001525878906
MU,2023-05-19,1,3,66.43000030517578,1.1100006103515625,0.016993273354830037,2023-05-22,2023-05-23,66.43000030517578,66.75,64.76000213623047,0.03004677280544331,BREAK_HIGH,-0.0030197333248549486,1,2.1499996185302734,0.41860543514614285,2.9470773215991954,66.2300033569336,62.59499988555908,65.8499984741211,66.75,3.0,63.149993896484375,2023-05-23,66.75,STOP,-0.9000015258789062
MU,2023-07-28,3,5,70.66000366210938,2.7800064086914062,0.040954721879447695,2023-08-02,2023-08-03,70.66000366210938,69.8499984741211,67.33999633789062,0.036819747743133936,SUPPORT,-0.03652641279222417,3,1.9392855507986886,1.593372345817019,0.025863304001579768,68.16999816894531,65.84450035095215,67.56999969482422,70.66000366210938,3.0,58.29998779296875,2023-08-04,70.66000366210938,STOP,-3.0900039672851562
MU,2023-12-26,2,2,86.43000030517578,0.410003662109375,0.004766376169609199,2023-12-28,2023-12-29,86.43000030517578,86.75,85.83999633789062,0.01058143793150436,BREAK_HIGH,-0.005000003548555596,2,2.2864281790597096,0.3980022947773556,-0.6521536680236146,86.0,79.76100082397461,85.83999633789062,86.75,3.0,83.1099853515625,2024-01-02,83.1099853515625,TARGET_3R,2.730010986328125
MU,2024-01-22,1,1,88.01000213623047,2.19000244140625,0.02551855568857953,2024-01-23,2024-01-24,88.01000213623047,89.18000030517578,86.87999725341797,0.02627674036140651,BREAK_HIGH,-0.005483872542302914,1,2.1999991280691966,0.34999861283680817,0.8918276344429459,87.52999877929688,84.78699913024903,88.41000366210938,89.18000030517578,3.0,86.10001373291016,2024-01-25,89.18000030517578,STOP,-0.7699966430664062
MU,2024-03-04,1,1,94.62000274658205,3.790000915527372,0.04172631112104167,2024-03-05,2024-03-06,94.62000274658205,95.37000274658205,93.27999877929688,0.022123467135376152,BREAK_HIGH,-0.001587821784065433,1,2.8528551374162925,0.11216822425622952,-0.5562453151932434,94.47000122070312,86.5764991760254,95.0500030517578,95.37000274658205,3.0,94.09000396728506,2024-03-06,95.37000274658205,STOP,-0.31999969482424717
MU,2024-03-07,2,4,97.47000122070312,2.0999984741210795,0.022019486354647726,2024-03-11,2024-03-12,97.47000122070312,96.45999908447266,93.52999877929688,0.031002012897559373,SUPPORT,-0.031319426701588486,0,3.4114276341029544,0.6273031760238911,-0.22180365278396358,94.51000213623048,88.89949989318848,95.33000183105467,97.47000122070312,3.0,88.91000366210932,2024-03-12,97.47000122070312,STOP,-2.1399993896484517
MU,2024-03-26,2,2,118.16999816894533,6.830001831054702,0.06134365058111963,2024-03-28,2024-04-01,118.16999816894533,119.62999725341795,117.3499984741211,0.01934005251591392,BREAK_HIGH,-0.002375085085643618,2,5.207857404436389,0.08256760348496693,-0.42026265665273826,117.88999938964844,101.27400016784668,119.1999969482422,119.62999725341795,3.0,117.90999603271494,2024-04-01,119.62999725341795,STOP,-0.43000030517575283
MU,2024-05-16,1,1,127.0500030517578,2.0100021362304545,0.01607487301274367,2024-05-17,2024-05-20,127.0500030517578,129.02999877929688,124.86000061035156,0.03328276908351845,BREAK_HIGH,-0.014047426956418318,2,3.462144034249443,0.5487933220233054,-0.705351281825532,125.29000091552734,117.51699905395508,127.12999725341795,129.02999877929688,3.0,121.4299926757812,2024-05-20,129.02999877929688,STOP,-1.9000015258789205
MU,2024-06-18,1,2,151.50999450683594,9.019989013671875,0.06330260836508009,2024-06-20,2024-06-21,151.50999450683594,157.41000366210938,142.91000366210938,0.10056175708778624,BREAK_HIGH,-0.050766294066776754,3,5.980000087193078,3.304349410954616,2.571638872240075,144.19000244140625,134.38600158691406,137.64999389648438,157.41000366210938,3.0,78.36996459960938,2024-07-19,114.26000213623048,TIME_EXIT,23.389991760253892
MU,2025-06-25,2,2,125.62000274658205,1.1100006103515625,0.008914951339709033,2025-06-27,2025-06-30,125.62000274658205,127.54000091552734,123.38999938964844,0.0332638782848637,BREAK_HIGH,-0.006893239785396069,9,4.055716923304969,0.650932853444102,1.067394661989326,124.76000213623048,114.97449951171875,124.9000015258789,127.54000091552734,3.0,116.9800033569336,2025-07-16,116.9800033569336,TARGET_3R,7.9199981689453125
MU,2025-08-12,3,3,123.04000091552734,3.7099990844726705,0.03109024576841306,2025-08-15,2025-08-18,123.04000091552734,123.37999725341795,119.44000244140624,0.03259696138397857,BREAK_HIGH,-0.01795315727339686,4,5.1414288112095425,0.39483164191070363,-0.22596280092766677,120.87000274658205,114.27550010681152,121.3499984741211,123.37999725341795,3.0,115.26000213623051,2025-08-18,123.37999725341795,STOP,-2.029998779296861
MU,2025-09-23,1,1,165.22999572753906,1.529998779296875,0.009346358019668271,2025-09-24,2025-09-25,165.22999572753906,166.0,158.3000030517578,0.04761608205153755,BREAK_HIGH,-0.02176729248363839,8,7.014283861432757,1.2274953196138343,2.4626835969386893,161.7100067138672,143.3490016937256,157.38999938964844,166.0,3.0,131.55999755859375,2025-09-30,166.0,STOP,-8.610000610351562
MU,2025-10-06,1,1,189.42999267578125,3.25,0.017456225845167133,2025-10-07,2025-10-08,189.42999267578125,195.3000030517578,183.2400054931641,0.06494694060009615,BREAK_HIGH,-0.020141042518189094,4,8.406428745814727,0.7506157191584183,-0.2987674757780456,185.69000244140625,166.2220016479492,188.9900054931641,195.3000030517578,3.0,170.06001281738293,2025-10-08,195.3000030517578,STOP,-6.309997558593722
MU,2025-11-10,1,1,247.80999755859375,1.3999938964844034,0.005681562743711292,2025-11-11,2025-11-12,247.80999755859375,249.9900054931641,238.7899932861328,0.0464518774778288,BREAK_HIGH,-0.02778813376169241,1,13.24357060023716,0.38433831406377206,-0.1079578632681429,241.11000061035156,220.37100143432616,244.8999938964844,249.9900054931641,3.0,229.62995910644534,2025-11-14,249.9900054931641,STOP,-5.0900115966796875
MU,2026-01-07,1,1,337.17999267578125,11.649993896484375,0.03578777360049956,2026-01-08,2026-01-09,337.17999267578125,343.6600036621094,321.3599853515625,0.06819160620060619,BREAK_HIGH,-0.031068448423452827,2,17.417853219168524,0.6263690206151701,0.15569425913458387,327.0199890136719,280.3809982299805,332.75,343.6600036621094,3.0,300.0199890136719,2026-01-09,343.6600036621094,STOP,-10.910003662109375
MU,2026-01-29,1,1,417.7000122070313,1.25,0.003001560723639943,2026-01-30,2026-02-02,417.7000122070313,455.5,407.1300048828125,0.11658791589835751,BREAK_HIGH,-0.0067971637365733,4,22.743569510323674,1.9047145306085327,1.3213641678111003,414.8800048828125,366.8004974365234,412.1799926757813,455.5,3.0,282.2199707031252,2026-03-02,412.6700134277344,TIME_EXIT,-0.49002075195306816
MU,2026-03-18,1,1,458.2999877929687,3.440002441406193,0.007562772176469658,2026-03-19,2026-03-20,458.2999877929687,457.2200012207031,421.1099853515625,0.08127943989489099,SUPPORT,-0.03157989314210702,2,26.290002005440858,0.5469750197150348,3.259772161930292,444.2699890136719,416.83199920654295,443.9200134277344,458.2999877929687,3.0,400.7800903320314,2026-03-24,400.7800903320314,TARGET_3R,43.139923095702954
