quarter,ticker,event_date,revenue_bucket,revenue_value_millions,avg_dollar_volume_60d,earnings_score,earnings_score_bucket,guidance_torque,earnings_torque,segment_wave_torque,margin_quality,warning_penalty,guidance_vs_current_pct,score_status,score_missing_fields,extraction_source,quarter_revenue_millions,quarter_revenue_yoy_pct,guidance_revenue_millions,numeric_evidence_count,guidance_evidence_count,wave_or_demand_evidence_count,warning_or_risk_evidence_count,exhibit_doc_count,exhibit_text_len,tradable_date,entry_open,return_10d_pct,return_20d_pct,return_30d_pct,return_60d_pct,return_90d_pct,adv_bucket,sector_gics
2024Q3,AAOI,2024-08-06,<$100M,53.03,20164530.61,,not_scored,,,,,,,missing_required_data,quarter_revenue_yoy_pct;guidance_revenue_millions,regex_fallback,43.3,,,6,6,6,6,1,18967,2024-08-07,8.300000,3.6145,10.6024,42.2892,80.0000,99.2771,$10M-$50M ADV,
2024Q3,AAON,2024-08-01,<$100M,86.078,89373066.6,,not_scored,,,,,,,missing_required_data,quarter_revenue_millions;quarter_revenue_yoy_pct;guidance_revenue_millions,regex_fallback,,,,6,4,6,2,1,16358,2024-08-02,92.879997,-5.9109,0.1292,-3.8652,14.7718,22.9759,>$50M ADV,
2024Q3,ACLX,2024-08-08,<$100M,17.912,26041638.11,,not_scored,,,,,,,missing_required_data,quarter_revenue_yoy_pct;guidance_revenue_millions,regex_fallback,27.4,,,2,1,6,2,1,8569,2024-08-09,53.700001,23.5940,25.6611,38.3054,50.5587,84.6555,$10M-$50M ADV,
2024Q3,ACMR,2024-08-07,<$100M,74.256,30468577.55,,not_scored,,,,,,,missing_required_data,quarter_revenue_yoy_pct;guidance_revenue_millions,regex_fallback,3000,,,6,6,6,6,1,21746,2024-08-08,18.049999,12.4100,-1.0526,-13.5734,30.7202,4.9862,$10M-$50M ADV,
2024Q3,ADMA,2024-08-08,<$100M,56.914,26403480.56,,not_scored,,,,,,,missing_required_data,quarter_revenue_yoy_pct;guidance_revenue_millions,regex_fallback,107.2,,,6,6,6,6,1,23093,2024-08-09,15.100000,20.6622,14.0397,21.7218,37.2185,30.5960,$10M-$50M ADV,
2024Q3,AGIO,2024-08-01,<$100M,5.609,31093391.24,,not_scored,,,,,,,missing_required_data,quarter_revenue_yoy_pct;guidance_revenue_millions,regex_fallback,8.6,,,4,3,6,5,1,13279,2024-08-02,42.139999,6.1699,8.4480,6.1462,0.7831,5.4343,$10M-$50M ADV,
2024Q3,AIR,2024-07-18,<$100M,9.8,19077623.61,,not_scored,,,,,,,missing_required_data,quarter_revenue_yoy_pct;guidance_revenue_millions,regex_fallback,657,,,6,5,6,6,2,53229,2024-07-19,67.980003,-3.2951,-11.4298,-6.4137,-0.0147,-8.2083,$10M-$50M ADV,
2024Q3,AISP,2024-08-15,<$100M,2.939,11335178.79,,not_scored,,,,,,,missing_required_data,quarter_revenue_yoy_pct;guidance_revenue_millions,regex_fallback,6.4,,,6,6,6,4,1,19816,2024-08-16,2.850000,14.0351,1.0526,-8.0702,-25.6140,29.6491,$10M-$50M ADV,
2024Q3,AKR,2024-07-30,<$100M,81.839,15961893.63,,not_scored,,,,,,,missing_required_data,quarter_revenue_millions;quarter_revenue_yoy_pct;guidance_revenue_millions,regex_fallback,,,,6,6,6,6,2,124389,2024-07-31,21.580000,-1.2975,-0.6487,4.3095,8.8044,12.8360,$10M-$50M ADV,
2024Q3,ALAB,2024-08-06,<$100M,17.664,134679799.94,,not_scored,,,,,,,missing_required_data,quarter_revenue_yoy_pct;guidance_revenue_millions,regex_fallback,76.9,,,6,3,6,6,1,22657,2024-08-07,43.119999,-4.7078,3.6874,-7.2356,21.8692,122.4258,>$50M ADV,
2024Q3,ALKT,2024-07-31,<$100M,59.996,12295355.61,,not_scored,,,,,,,missing_required_data,quarter_revenue_yoy_pct;guidance_revenue_millions,regex_fallback,82.2,,,6,6,6,6,2,35737,2024-08-01,34.410000,-9.1834,-7.9047,-7.8466,-8.3406,10.9561,$10M-$50M ADV,
2024Q3,ALT,2024-08-08,<$100M,0.021,25807924.01,,not_scored,,,,,,,missing_required_data,quarter_revenue_millions;quarter_revenue_yoy_pct;guidance_revenue_millions,regex_fallback,,,,0,2,6,6,1,14886,2024-08-09,6.400000,17.8125,3.2813,-0.3125,-2.5000,16.5625,$10M-$50M ADV,
2024Q3,AMBA,2024-08-27,<$100M,62.142,32047242.27,,not_scored,,,,,,,missing_required_data,quarter_revenue_yoy_pct,regex_fallback,63.7,,77,6,6,6,6,1,16120,2024-08-28,63.500000,-18.7717,-14.4567,-11.1181,-6.5669,7.7323,$10M-$50M ADV,
2024Q3,ARCT,2024-08-05,<$100M,80.285,18100696.48,,not_scored,,,,,,,missing_required_data,quarter_revenue_yoy_pct;guidance_revenue_millions,regex_fallback,49.9,,,2,4,6,6,1,16410,2024-08-06,22.330000,-9.5387,-3.9857,-15.7188,6.8966,-20.1970,$10M-$50M ADV,
2024Q3,ARDX,2024-08-01,<$100M,11.369,35414026.0,,not_scored,,,,,,,missing_required_data,quarter_revenue_yoy_pct;guidance_revenue_millions,regex_fallback,37.1,,,4,0,6,6,1,17239,2024-08-02,5.645000,3.1001,7.1745,-0.2657,21.3463,3.9858,$10M-$50M ADV,
2024Q3,ARQT,2024-08-14,<$100M,2.781,27527183.94,,not_scored,,,,,,,missing_required_data,quarter_revenue_yoy_pct;guidance_revenue_millions,regex_fallback,30.9,,,0,4,6,6,1,15727,2024-08-15,9.200000,15.0000,13.6957,10.4348,5.8696,13.8044,$10M-$50M ADV,
2024Q3,ARR,2024-07-24,<$100M,0.385,18851483.1,,not_scored,,,,,,,missing_required_data,quarter_revenue_millions;quarter_revenue_yoy_pct;guidance_revenue_millions,regex_fallback,,,,6,4,6,6,1,19829,2024-07-25,20.420000,-3.9177,-2.0568,-0.7346,-1.5181,-4.1136,$10M-$50M ADV,
2024Q3,ASNS,2024-08-14,<$100M,1.848,11418466.51,,not_scored,,,,,,,missing_required_data,quarter_revenue_yoy_pct;guidance_revenue_millions,regex_fallback,3.43,,,6,1,6,6,1,23049,2024-08-15,13.400000,22.3881,13.4328,23.8806,2.2388,2.2388,$10M-$50M ADV,
2024Q3,ASTS,2024-08-14,<$100M,0.5,76965378.1,,not_scored,,,,,,,missing_required_data,quarter_revenue_millions;quarter_revenue_yoy_pct;guidance_revenue_millions,regex_fallback,,,,0,5,6,6,2,29860,2024-08-15,21.799999,54.9541,51.7431,36.8807,15.2294,27.9358,>$50M ADV,
2024Q3,ATEC,2024-07-31,<$100M,75.456,17923401.9,,not_scored,,,,,,,missing_required_data,guidance_revenue_millions,regex_fallback,146,27,,6,6,6,6,1,16811,2024-08-01,7.900000,-21.2658,-28.1013,-13.9240,-29.6203,-28.8608,$10M-$50M ADV,
2024Q3,ATEN,2024-07-30,<$100M,57.691,12973487.45,,not_scored,,,,,,,missing_required_data,quarter_revenue_yoy_pct;guidance_revenue_millions,regex_fallback,60.1,,,6,2,6,6,2,30064,2024-07-31,12.820000,-1.2480,3.9002,7.4103,12.6365,14.4306,$10M-$50M ADV,
2024Q3,ATRC,2024-07-30,<$100M,93.494,18998874.88,,not_scored,,,,,,,missing_required_data,quarter_revenue_yoy_pct;guidance_revenue_millions,regex_fallback,116.3,,,6,4,6,6,1,13545,2024-07-31,22.000000,-4.0455,7.3636,19.1364,27.4545,33.7727,$10M-$50M ADV,Healthcare
2024Q3,AUR,2024-07-31,<$100M,63.0,26307084.07,,not_scored,,,,,,,missing_required_data,quarter_revenue_millions;quarter_revenue_yoy_pct;guidance_revenue_millions,regex_fallback,,,,1,6,6,6,1,32098,2024-08-01,3.770000,-6.6313,2.3873,12.9974,57.0292,76.1273,$10M-$50M ADV,
2024Q3,AX,2024-07-30,<$100M,31.334,32599887.48,,not_scored,,,,,,,missing_required_data,quarter_revenue_millions;quarter_revenue_yoy_pct;guidance_revenue_millions,regex_fallback,,,,6,0,6,6,2,42306,2024-07-31,71.050003,-12.0338,-10.7108,-2.2801,-11.4989,-6.6854,$10M-$50M ADV,
2024Q3,AXSM,2024-08-05,<$100M,94.576,50573009.19,,not_scored,,,,,,,missing_required_data,quarter_revenue_yoy_pct;guidance_revenue_millions,regex_fallback,87.2,,,6,6,6,6,1,20486,2024-08-06,84.699997,1.7355,4.4982,10.6139,-0.6375,3.0106,>$50M ADV,
2024Q3,BBIO,2024-08-01,<$100M,1.826,52955635.54,,not_scored,,,,,,,missing_required_data,quarter_revenue_yoy_pct;guidance_revenue_millions,regex_fallback,2.2,,,1,4,6,6,1,28893,2024-08-02,24.441000,-1.5589,1.8371,17.5893,1.4688,-4.2183,>$50M ADV,
2024Q3,BEAM,2024-08-06,<$100M,24.208,34520905.66,,not_scored,,,,,,,missing_required_data,quarter_revenue_millions;quarter_revenue_yoy_pct;guidance_revenue_millions,regex_fallback,,,,0,6,6,3,1,12500,2024-08-07,25.510000,-1.9992,3.0576,-8.6241,-8.3105,-6.1936,$10M-$50M ADV,
2024Q3,BLNK,2024-08-07,<$100M,21.668,14260003.55,,not_scored,,,,,,,missing_required_data,quarter_revenue_yoy_pct;guidance_revenue_millions,regex_fallback,33.3,,,6,0,6,6,1,24438,2024-08-08,2.380000,-11.7647,-23.1092,-34.0336,-17.6471,-19.7479,$10M-$50M ADV,
2024Q3,BNAI,2024-08-14,<$100M,0.0,12965224.67,,not_scored,,,,,,,missing_required_data,quarter_revenue_millions;quarter_revenue_yoy_pct;guidance_revenue_millions,regex_fallback,,,,0,4,6,5,1,12678,2024-08-15,21.000000,-18.5714,-46.1905,-50.0000,-54.1905,-54.0952,$10M-$50M ADV,
2024Q3,BXMT,2024-07-24,<$100M,14.716,36494990.3,,not_scored,,,,,,,missing_required_data,quarter_revenue_millions;quarter_revenue_yoy_pct;guidance_revenue_millions,regex_fallback,,,,6,4,6,6,2,30426,2024-07-25,17.219999,-0.1742,1.2195,6.0395,15.7956,10.9175,$10M-$50M ADV,
2024Q3,BYND,2024-08-07,<$100M,92.236,18140693.07,,not_scored,,,,,,,missing_required_data,quarter_revenue_yoy_pct,regex_fallback,93.2,,320,6,6,6,6,1,47836,2024-08-08,5.570000,10.9515,8.9767,6.1041,12.0287,18.1328,$10M-$50M ADV,
2024Q3,CADL,2024-08-13,<$100M,0.125,26655687.94,,not_scored,,,,,,,missing_required_data,quarter_revenue_millions;quarter_revenue_yoy_pct;guidance_revenue_millions,regex_fallback,,,,0,4,6,6,1,14772,2024-08-14,5.800000,1.0345,8.7931,20.8621,3.4483,-22.9310,$10M-$50M ADV,
2024Q3,CATX,2024-08-12,<$100M,7.132,11799322.78,,not_scored,,,,,,,missing_required_data,quarter_revenue_yoy_pct;guidance_revenue_millions,regex_fallback,0.5,,,2,6,6,6,2,56950,2024-08-13,11.000000,42.6364,28.9091,44.0000,11.7273,0.8182,$10M-$50M ADV,
2024Q3,CBSH,2024-07-18,<$100M,0.0,25911237.4,,not_scored,,,,,,,missing_required_data,quarter_revenue_yoy_pct;guidance_revenue_millions,regex_fallback,178.3,,,6,3,6,6,2,58441,2024-07-19,57.886620,1.8490,-5.2178,-2.3974,-2.4287,-4.2463,$10M-$50M ADV,
2024Q3,CBU,2024-07-23,<$100M,0.8,12320995.58,,not_scored,,,,,,,missing_required_data,quarter_revenue_yoy_pct;guidance_revenue_millions,regex_fallback,183.8,,,6,2,6,6,1,60807,2024-07-24,61.209999,-6.3715,-6.8290,0.4574,-3.4308,-5.5383,$10M-$50M ADV,
2024Q3,CDLX,2024-08-07,<$100M,64.331,11081656.6,,not_scored,,,,,,,missing_required_data,quarter_revenue_yoy_pct;guidance_revenue_millions,regex_fallback,69.6,,,6,6,6,6,2,33565,2024-08-08,3.120000,19.5513,25.3205,6.0897,0.9615,66.9872,$10M-$50M ADV,
2024Q3,CDNA,2024-07-31,<$100M,77.262,10432408.72,,not_scored,,,,,,,missing_required_data,quarter_revenue_yoy_pct;guidance_revenue_millions,regex_fallback,92.3,,,6,6,6,6,2,32266,2024-08-01,26.000000,3.4615,28.3077,13.1154,20.0962,-11.6154,$10M-$50M ADV,Healthcare
2024Q3,CGEM,2024-08-08,<$100M,18.943,21841442.3,,not_scored,,,,,,,missing_required_data,quarter_revenue_millions;quarter_revenue_yoy_pct;guidance_revenue_millions,regex_fallback,,,,0,1,6,6,1,16350,2024-08-09,16.900000,5.3254,11.5976,7.9882,-4.6746,-7.8106,$10M-$50M ADV,Healthcare
2024Q3,CIFR,2024-08-13,<$100M,21.895,35222855.8,,not_scored,,,,,,,missing_required_data,quarter_revenue_millions;quarter_revenue_yoy_pct;guidance_revenue_millions,regex_fallback,,,,5,6,6,6,2,34960,2024-08-14,4.000000,0.2500,-20.0000,-22.7500,8.0000,83.7500,$10M-$50M ADV,
2024Q3,CLSK,2024-08-09,<$100M,70.365,511366052.85,,not_scored,,,,,,,missing_required_data,quarter_revenue_yoy_pct;guidance_revenue_millions,regex_fallback,104.1,,,3,3,6,6,1,18363,2024-08-12,11.110000,6.8407,-18.8119,-16.3816,-13.6814,58.5059,>$50M ADV,
2024Q3,CNS,2024-07-17,<$100M,94.226,22957095.19,,not_scored,,,,,,,missing_required_data,quarter_revenue_millions;quarter_revenue_yoy_pct;guidance_revenue_millions,regex_fallback,,,,6,2,6,6,2,38101,2024-07-18,80.239998,4.8106,1.7074,6.5304,17.7343,26.0842,$10M-$50M ADV,
2024Q3,COGT,2024-08-06,<$100M,1.827,10649277.82,,not_scored,,,,,,,missing_required_data,quarter_revenue_millions;quarter_revenue_yoy_pct;guidance_revenue_millions,regex_fallback,,,,0,5,6,5,1,13645,2024-08-07,9.200000,8.8044,8.2609,13.8044,16.7391,8.5870,$10M-$50M ADV,
2024Q3,COLB,2024-07-25,<$100M,83.312,38488860.68,,not_scored,,,,,,,missing_required_data,quarter_revenue_millions;quarter_revenue_yoy_pct;guidance_revenue_millions,regex_fallback,,,,6,6,6,6,2,148369,2024-07-26,25.040001,-7.3482,-5.7109,0.0000,4.1534,12.8994,$10M-$50M ADV,
2024Q3,CPT,2024-08-01,<$100M,0.578,90692205.32,,not_scored,,,,,,,missing_required_data,quarter_revenue_yoy_pct;guidance_revenue_millions,regex_fallback,344.6,,,6,6,6,6,2,116006,2024-08-02,115.959999,3.0873,4.3377,9.1756,5.7261,-0.1466,>$50M ADV,
2024Q3,CRBP,2024-08-06,<$100M,0.882,11772389.68,,not_scored,,,,,,,missing_required_data,quarter_revenue_millions;quarter_revenue_yoy_pct;guidance_revenue_millions,regex_fallback,,,,0,5,6,6,1,11710,2024-08-07,54.509998,6.7694,5.0083,-8.2003,-65.1624,-64.8688,$10M-$50M ADV,
2024Q3,CRNX,2024-08-08,<$100M,2.679,42006559.06,,not_scored,,,,,,,missing_required_data,quarter_revenue_yoy_pct;guidance_revenue_millions,regex_fallback,0.4,,,1,6,6,4,1,14268,2024-08-09,48.360001,9.4293,8.9744,8.0232,6.9065,23.6766,$10M-$50M ADV,
2024Q3,CTNT,2024-08-13,<$100M,10.214,15239028.46,,not_scored,,,,,,,missing_required_data,quarter_revenue_yoy_pct;guidance_revenue_millions,regex_fallback,0.2,,,5,0,6,6,1,12159,2024-08-14,3.648000,44.2982,-3.5088,20.6140,-5.2632,-33.9364,$10M-$50M ADV,
2024Q3,CTRE,2024-08-02,<$100M,50.606,32658592.76,,not_scored,,,,,,,missing_required_data,quarter_revenue_millions;quarter_revenue_yoy_pct;guidance_revenue_millions,regex_fallback,,,,6,6,6,6,2,88311,2024-08-05,26.080000,6.7868,12.0399,14.3788,16.4494,19.0951,$10M-$50M ADV,
2024Q3,CUBI,2024-07-25,<$100M,12.949,15814076.33,,not_scored,,,,,,,missing_required_data,quarter_revenue_millions;quarter_revenue_yoy_pct;guidance_revenue_millions,regex_fallback,,,,6,6,6,6,2,126322,2024-07-26,65.480003,-16.0812,-28.5125,-23.1521,-30.0397,-30.4520,$10M-$50M ADV,
2024Q3,CYTK,2024-08-08,<$100M,4.613,114409112.05,,not_scored,,,,,,,missing_required_data,quarter_revenue_yoy_pct;guidance_revenue_millions,regex_fallback,0.2,,,2,4,6,4,1,21563,2024-08-09,52.000000,8.5769,10.3654,7.3654,4.4808,7.3846,>$50M ADV,
2024Q3,DBRG,2024-08-07,<$100M,18.496,35243563.89,,not_scored,,,,,,,missing_required_data,quarter_revenue_yoy_pct;guidance_revenue_millions,regex_fallback,390,,,6,6,6,6,1,70886,2024-08-08,13.050000,-6.5134,-4.7510,-14.3295,14.2529,-2.2222,$10M-$50M ADV,
2024Q3,DNA,2024-08-08,<$100M,80.702,37035570.93,,not_scored,,,,,,,missing_required_data,quarter_revenue_yoy_pct;guidance_revenue_millions,regex_fallback,56,,,1,1,6,6,1,23315,2024-08-09,12.400000,-24.5161,-42.8226,-56.7742,-32.7419,-32.4194,$10M-$50M ADV,
2024Q3,DNLI,2024-08-01,<$100M,35.141,24133810.18,,not_scored,,,,,,,missing_required_data,quarter_revenue_yoy_pct;guidance_revenue_millions,regex_fallback,294.1,,,4,3,6,6,1,18256,2024-08-02,22.420000,0.4460,6.5566,12.0428,27.8769,15.7895,$10M-$50M ADV,
2024Q3,EBC,2024-07-25,<$100M,17.685,10260552.95,,not_scored,,,,,,,missing_required_data,quarter_revenue_yoy_pct;guidance_revenue_millions,regex_fallback,0.2,,,6,4,6,6,1,55090,2024-07-26,16.690001,-11.3241,-8.0887,0.2397,-2.6962,0.1797,$10M-$50M ADV,
2024Q3,EDIT,2024-08-07,<$100M,9.851,11628506.69,,not_scored,,,,,,,missing_required_data,quarter_revenue_yoy_pct;guidance_revenue_millions,regex_fallback,0.5,,,1,0,6,6,1,10054,2024-08-08,4.370000,-6.1785,-15.7895,-19.6796,-26.5446,-24.9428,$10M-$50M ADV,Healthcare
2024Q3,ENVX,2024-07-31,<$100M,0.021,66456950.11,,not_scored,,,,,,,missing_required_data,quarter_revenue_yoy_pct;guidance_revenue_millions,regex_fallback,3.8,,,6,6,6,6,1,29835,2024-08-01,13.860000,-28.2107,-24.2424,-37.7706,-32.6118,-24.3867,>$50M ADV,
2024Q3,ESTA,2024-08-06,<$100M,46.524,15442776.67,,not_scored,,,,,,,missing_required_data,quarter_revenue_yoy_pct;guidance_revenue_millions,regex_fallback,44.1,,,6,5,6,6,1,16587,2024-08-07,33.689999,29.9495,37.3405,23.4491,37.2217,42.1787,$10M-$50M ADV,
2024Q3,EWBC,2024-07-23,<$100M,41.219,60608003.02,,not_scored,,,,,,,missing_required_data,quarter_revenue_millions;quarter_revenue_yoy_pct;guidance_revenue_millions,regex_fallback,,,,5,2,6,6,1,23709,2024-07-24,85.000000,-9.6118,-8.0588,-0.3647,-3.0588,6.3294,>$50M ADV,
2024Q3,EYPT,2024-08-07,<$100M,7.683,15305184.82,,not_scored,,,,,,,missing_required_data,quarter_revenue_yoy_pct;guidance_revenue_millions,regex_fallback,9.5,,,2,3,6,6,1,13231,2024-08-08,8.920000,-10.9865,-1.1211,-7.6233,-2.3543,35.4260,$10M-$50M ADV,
2024Q3,FATE,2024-08-13,<$100M,58.98,10114334.65,,not_scored,,,,,,,missing_required_data,quarter_revenue_yoy_pct;guidance_revenue_millions,regex_fallback,6.8,,,1,2,6,4,1,19166,2024-08-14,3.380000,14.7929,2.0710,18.9349,-9.7633,-29.5858,$10M-$50M ADV,
2024Q3,FCEL,2024-09-05,<$100M,75.422,39144041.81,,not_scored,,,,,,,missing_required_data,quarter_revenue_yoy_pct;guidance_revenue_millions,regex_fallback,23.7,,,6,6,6,6,2,52261,2024-09-06,12.900000,9.3023,-9.3023,-16.2791,-13.9535,-16.7442,$10M-$50M ADV,
2024Q3,FCPT,2024-07-31,<$100M,59.952,10151755.14,,not_scored,,,,,,,missing_required_data,quarter_revenue_yoy_pct;guidance_revenue_millions,regex_fallback,57.9,,,6,1,6,6,3,63915,2024-08-01,27.709999,-3.2118,-2.3818,2.4901,5.7741,0.6135,$10M-$50M ADV,
2024Q3,FDMT,2024-08-08,<$100M,0.298,13493578.8,,not_scored,,,,,,,missing_required_data,quarter_revenue_millions;quarter_revenue_yoy_pct;guidance_revenue_millions,regex_fallback,,,,0,4,6,4,1,14813,2024-08-09,15.680000,-6.1862,-2.7423,-2.7423,-40.1786,-47.1939,$10M-$50M ADV,
2024Q3,FIP,2024-08-02,<$100M,76.494,11616846.28,,not_scored,,,,,,,missing_required_data,quarter_revenue_yoy_pct;guidance_revenue_millions,regex_fallback,45.6,,,2,0,6,6,1,20899,2024-08-05,8.610000,9.1754,7.3171,2.3229,13.7050,-3.2520,$10M-$50M ADV,
2024Q3,FLG,2024-07-25,<$100M,22.0,57613889.67,,not_scored,,,,,,,missing_required_data,quarter_revenue_yoy_pct;guidance_revenue_millions,regex_fallback,541,,,6,4,6,6,1,65717,2024-07-26,10.650000,-5.3521,-2.5352,4.6948,2.6291,7.9812,>$50M ADV,
2024Q3,FLYW,2024-08-06,<$100M,94.357,30097378.63,,not_scored,,,,,,,missing_required_data,guidance_revenue_millions,regex_fallback,103.7,22,,6,6,6,6,2,47310,2024-08-07,17.500000,-1.7714,1.0286,-0.2857,-6.8000,1.9429,$10M-$50M ADV,
2024Q3,FOLD,2024-08-08,<$100M,86.27,26329192.98,,not_scored,,,,,,,missing_required_data,quarter_revenue_yoy_pct;guidance_revenue_millions,regex_fallback,126.7,,,6,6,6,6,2,37568,2024-08-09,11.390000,4.3898,-0.7902,1.0536,-11.8525,-3.5997,$10M-$50M ADV,
2024Q3,FROG,2024-08-07,<$100M,79.82,43298619.88,,not_scored,,,,,,,missing_required_data,quarter_revenue_yoy_pct;guidance_revenue_millions,regex_fallback,103,,,6,3,6,6,1,25320,2024-08-08,25.190001,8.9718,8.5351,11.5919,8.0587,25.9230,$10M-$50M ADV,
2024Q3,GBCI,2024-07-18,<$100M,20.879,19632457.14,,not_scored,,,,,,,missing_required_data,quarter_revenue_millions;quarter_revenue_yoy_pct;guidance_revenue_millions,regex_fallback,,,,6,3,6,6,1,57954,2024-07-19,43.910000,1.7764,-4.3954,0.1366,2.2546,11.9107,$10M-$50M ADV,
2024Q3,GERN,2024-08-08,<$100M,0.021,50374293.77,,not_scored,,,,,,,missing_required_data,quarter_revenue_yoy_pct;guidance_revenue_millions,regex_fallback,1.2,,,5,2,6,6,1,22913,2024-08-09,4.600000,-3.0435,-0.8696,-4.1304,-7.1739,-6.7391,>$50M ADV,
2024Q3,GKOS,2024-07-31,<$100M,73.899,51549634.97,,not_scored,,,,,,,missing_required_data,quarter_revenue_yoy_pct;guidance_revenue_millions,regex_fallback,95.7,,,6,6,6,6,3,74606,2024-08-01,111.040001,9.4020,17.0749,19.7767,17.3271,24.8919,>$50M ADV,
2024Q3,GNK,2024-08-07,<$100M,94.391,12615977.09,,not_scored,,,,,,,missing_required_data,quarter_revenue_yoy_pct;guidance_revenue_millions,regex_fallback,107,,,6,6,6,6,1,44674,2024-08-08,17.840000,-2.5224,-3.1951,-6.7265,3.1390,-5.9978,$10M-$50M ADV,
2024Q3,GNL,2024-08-06,<$100M,94.332,10441014.83,,not_scored,,,,,,,missing_required_data,quarter_revenue_yoy_pct;guidance_revenue_millions,regex_fallback,203.3,,,6,6,6,6,2,88773,2024-08-07,8.470000,-1.2987,2.1251,3.3058,-1.1806,-8.5006,$10M-$50M ADV,
2024Q3,GSHD,2024-07-24,<$100M,57.955,19330930.72,,not_scored,,,,,,,missing_required_data,guidance_revenue_millions,regex_fallback,78.1,13,,6,6,6,6,1,26081,2024-07-25,77.529999,10.5121,9.0417,7.0553,13.5818,23.8617,$10M-$50M ADV,
2024Q3,HASI,2024-08-01,<$100M,69.101,33860679.45,,not_scored,,,,,,,missing_required_data,quarter_revenue_yoy_pct;guidance_revenue_millions,regex_fallback,95,,,6,6,6,6,1,46255,2024-08-02,31.000000,-2.5484,-0.4194,5.7097,7.7097,12.8710,$10M-$50M ADV,
2024Q3,HUT,2024-08-13,<$100M,15.647,46873222.44,,not_scored,,,,,,,missing_required_data,quarter_revenue_yoy_pct;guidance_revenue_millions,regex_fallback,35.2,,,6,2,6,6,1,23852,2024-08-14,11.210000,7.7609,-18.9117,0.2676,8.6530,112.8457,$10M-$50M ADV,
2024Q3,IBTA,2024-08-13,<$100M,57.691,18725681.69,,not_scored,,,,,,,missing_required_data,quarter_revenue_yoy_pct;guidance_revenue_millions,regex_fallback,87.9,,,6,5,6,6,1,24492,2024-08-14,54.410000,5.2748,-0.6616,9.3181,31.6302,40.5992,$10M-$50M ADV,
2024Q3,IIPR,2024-08-06,<$100M,76.067,20637049.11,,not_scored,,,,,,,missing_required_data,quarter_revenue_yoy_pct;guidance_revenue_millions,regex_fallback,79.8,,,6,6,6,6,2,77469,2024-08-07,115.930000,3.1226,6.3400,4.0887,11.6105,14.1551,$10M-$50M ADV,
2024Q3,IMAX,2024-07-25,<$100M,86.946,13319567.98,,not_scored,,,,,,,missing_required_data,quarter_revenue_yoy_pct;guidance_revenue_millions,regex_fallback,89,,,6,5,6,6,1,33803,2024-07-26,19.850000,4.5844,0.9068,10.5793,-0.5542,1.1083,$10M-$50M ADV,
2024Q3,IMCR,2024-08-08,<$100M,54.659,38373544.08,,not_scored,,,,,,,missing_required_data,quarter_revenue_yoy_pct;guidance_revenue_millions,regex_fallback,75.3,,,4,6,6,6,1,31770,2024-08-09,38.419998,-3.9823,-9.8646,-11.8428,-20.4321,-10.6975,$10M-$50M ADV,
2024Q3,IMNM,2024-08-12,<$100M,2.364,14740329.15,,not_scored,,,,,,,missing_required_data,quarter_revenue_millions;quarter_revenue_yoy_pct;guidance_revenue_millions,regex_fallback,,,,0,5,2,2,1,8801,2024-08-13,12.740000,21.2716,10.2041,15.4631,-4.6311,4.0816,$10M-$50M ADV,
2024Q3,INDI,2024-08-08,<$100M,40.452,20197656.54,,not_scored,,,,,,,missing_required_data,quarter_revenue_yoy_pct;guidance_revenue_millions,regex_fallback,52.4,,,6,6,6,6,1,28856,2024-08-09,4.800000,-13.3333,-13.7500,-32.9167,-22.0833,-28.5417,$10M-$50M ADV,
2024Q3,INSM,2024-08-08,<$100M,65.214,165447241.93,,not_scored,,,,,,,missing_required_data,quarter_revenue_yoy_pct;guidance_revenue_millions,regex_fallback,90.3,,,3,6,6,6,1,35923,2024-08-09,72.809998,6.5650,4.8345,-1.3597,-1.9777,-1.5382,>$50M ADV,
2024Q3,IONQ,2024-08-07,<$100M,4.285,39214027.39,,not_scored,,,,,,,missing_required_data,quarter_revenue_yoy_pct;guidance_revenue_millions,regex_fallback,38,,,2,6,6,6,1,18316,2024-08-08,7.240000,0.6906,-3.1768,-8.5635,25.2762,127.2100,$10M-$50M ADV,
2024Q3,IOVA,2024-08-08,<$100M,0.715,62462430.3,,not_scored,,,,,,,missing_required_data,quarter_revenue_yoy_pct;guidance_revenue_millions,regex_fallback,55,,,5,6,6,6,1,27858,2024-08-09,9.390000,19.1693,21.1928,5.0053,3.5144,30.7774,>$50M ADV,
2024Q3,JAGX,2024-08-13,<$100M,4.335,10262645.82,,not_scored,,,,,,,missing_required_data,quarter_revenue_yoy_pct;guidance_revenue_millions,regex_fallback,2.72,,,3,2,6,6,1,17848,2024-08-14,26.500000,10.3774,5.6604,3.7736,18.8679,2.8302,$10M-$50M ADV,
2024Q3,JOBY,2024-08-07,<$100M,0.0,24950011.02,,not_scored,,,,,,,missing_required_data,quarter_revenue_millions;quarter_revenue_yoy_pct;guidance_revenue_millions,regex_fallback,,,,5,4,6,6,2,38023,2024-08-08,5.030000,2.9821,-1.7893,-0.7952,18.8867,0.7952,$10M-$50M ADV,
2024Q3,JOE,2024-07-24,<$100M,72.991,10188175.77,,not_scored,,,,,,,missing_required_data,quarter_revenue_yoy_pct;guidance_revenue_millions,regex_fallback,111.6,,,6,4,6,6,1,25378,2024-07-25,61.139999,-8.0635,-5.8554,-1.8646,-1.1776,-7.0821,$10M-$50M ADV,
2024Q3,JXN,2024-08-07,<$100M,-764.0,48093323.3,,not_scored,,,,,,,missing_required_data,quarter_revenue_yoy_pct;guidance_revenue_millions,regex_fallback,1400,,,6,1,6,6,1,25475,2024-08-08,79.440002,11.5937,8.4970,1.4225,21.9537,43.1772,$10M-$50M ADV,
2024Q3,KROS,2024-08-07,<$100M,0.0,17000546.09,,not_scored,,,,,,,missing_required_data,quarter_revenue_millions;quarter_revenue_yoy_pct;guidance_revenue_millions,regex_fallback,,,,0,3,6,4,1,8511,2024-08-08,44.810001,5.6461,0.5579,20.2410,34.1665,48.2928,$10M-$50M ADV,
2024Q3,KRUS,2024-07-09,<$100M,83.262,15542040.84,,not_scored,,,,,,,missing_required_data,quarter_revenue_yoy_pct;guidance_revenue_millions,regex_fallback,63.1,,,6,4,6,6,2,23618,2024-07-10,56.029999,-6.0860,-0.8210,2.9092,9.0844,46.9213,$10M-$50M ADV,
2024Q3,KRYS,2024-08-05,<$100M,0.0,67233053.26,,not_scored,,,,,,,missing_required_data,quarter_revenue_yoy_pct;guidance_revenue_millions,regex_fallback,70.3,,,6,6,6,6,1,21966,2024-08-06,182.399994,5.4825,9.9287,2.0066,-4.0570,-6.3322,>$50M ADV,
2024Q3,KYMR,2024-08-07,<$100M,9.466,18403298.14,,not_scored,,,,,,,missing_required_data,quarter_revenue_yoy_pct;guidance_revenue_millions,regex_fallback,25.7,,,2,6,6,4,1,18157,2024-08-08,40.770000,9.2715,19.0091,13.4167,3.5320,21.3637,$10M-$50M ADV,
2024Q3,LEU,2024-08-06,<$100M,66.9,11415167.6,,not_scored,,,,,,,missing_required_data,quarter_revenue_yoy_pct;guidance_revenue_millions,regex_fallback,12.7,,,6,2,6,6,1,30012,2024-08-07,43.790001,-10.8244,-9.8653,-19.2510,47.6593,72.9390,$10M-$50M ADV,
2024Q3,LGND,2024-08-06,<$100M,43.979,11439251.99,,not_scored,,,,,,,missing_required_data,quarter_revenue_yoy_pct,regex_fallback,41.5,,140,6,6,6,6,1,39200,2024-08-07,100.000000,3.5900,6.3300,1.1400,2.6200,11.1300,$10M-$50M ADV,
2024Q3,LIF,2024-08-08,<$100M,68.143,10379289.46,,not_scored,,,,,,,missing_required_data,guidance_revenue_millions,regex_fallback,304.8,23,,6,6,6,6,1,54461,2024-08-09,32.900002,13.4346,19.7264,2.5532,24.4681,42.9787,$10M-$50M ADV,
2024Q3,LQDA,2024-08-07,<$100M,4.493,10519549.45,,not_scored,,,,,,,missing_required_data,quarter_revenue_yoy_pct;guidance_revenue_millions,regex_fallback,3.7,,,2,0,6,6,1,16560,2024-08-08,10.820000,-9.5194,-11.8299,-14.8798,3.0499,-1.6636,$10M-$50M ADV,
2024Q3,LXP,2024-07-31,<$100M,85.075,20964033.47,,not_scored,,,,,,,missing_required_data,quarter_revenue_yoy_pct;guidance_revenue_millions,regex_fallback,85.8,,,6,6,6,6,2,102539,2024-08-01,51.950001,-8.0847,-5.0048,-0.8662,-3.2724,-8.7584,$10M-$50M ADV,
2024Q3,MARA,2024-08-01,<$100M,51.132,882886300.71,,not_scored,,,,,,,missing_required_data,quarter_revenue_yoy_pct;guidance_revenue_millions,regex_fallback,145.1,,,5,2,6,6,1,19926,2024-08-02,17.709999,-14.6810,-4.7995,-13.8340,-14.9068,-5.3077,>$50M ADV,
2024Q3,MDGL,2024-08-07,<$100M,0.0,113181124.27,,not_scored,,,,,,,missing_required_data,quarter_revenue_yoy_pct;guidance_revenue_millions,regex_fallback,14.6,,,5,5,6,4,1,17112,2024-08-08,241.179993,6.4475,3.9846,-1.0324,-10.9254,40.2355,>$50M ADV,
2024Q3,MGNX,2024-08-06,<$100M,24.496,16305250.77,,not_scored,,,,,,,missing_required_data,quarter_revenue_yoy_pct;guidance_revenue_millions,regex_fallback,10.8,,,6,6,6,3,1,16257,2024-08-07,3.500000,1.4286,-2.0000,-7.1429,2.5714,7.7143,$10M-$50M ADV,
2024Q3,MNKD,2024-08-07,<$100M,40.626,10614678.28,,not_scored,,,,,,,missing_required_data,quarter_revenue_yoy_pct;guidance_revenue_millions,regex_fallback,275,,,6,4,6,6,1,23917,2024-08-08,5.110000,4.6967,15.4599,19.3738,24.0704,45.5969,$10M-$50M ADV,Healthcare
2024Q3,MRVI,2024-08-07,<$100M,79.025,18015422.03,,not_scored,,,,,,,missing_required_data,quarter_revenue_yoy_pct;guidance_revenue_millions,regex_fallback,73.4,,,6,6,6,6,1,27520,2024-08-08,8.610000,7.3171,6.3879,3.0197,-9.0592,-6.7364,$10M-$50M ADV,
2024Q3,NAVI,2024-07-24,<$100M,72.0,13219135.95,,not_scored,,,,,,,missing_required_data,quarter_revenue_yoy_pct;guidance_revenue_millions,regex_fallback,81,,,6,6,6,6,2,71231,2024-07-25,15.800000,-8.4810,-4.1139,1.5823,-0.5696,-3.3544,$10M-$50M ADV,
2024Q3,NTLA,2024-08-08,<$100M,12.606,37442038.15,,not_scored,,,,,,,missing_required_data,quarter_revenue_yoy_pct;guidance_revenue_millions,regex_fallback,7,,,1,4,6,6,1,20712,2024-08-09,22.400000,4.6429,2.6786,-11.4732,-20.1339,-28.5714,$10M-$50M ADV,
2024Q3,NTST,2024-07-29,<$100M,29.452,12791644.96,,not_scored,,,,,,,missing_required_data,quarter_revenue_millions;quarter_revenue_yoy_pct;guidance_revenue_millions,regex_fallback,,,,6,6,6,6,2,81528,2024-07-30,16.969999,-9.3695,-3.8303,-1.3553,-2.5928,-7.0713,$10M-$50M ADV,
2024Q3,NVTS,2024-08-05,<$100M,13.358,10453719.98,,not_scored,,,,,,,missing_required_data,quarter_revenue_yoy_pct,regex_fallback,20.5,,22,4,6,6,6,1,19070,2024-08-06,3.230000,-4.0248,-3.4056,-24.7678,-25.0774,-19.1951,$10M-$50M ADV,
2024Q3,OCUL,2024-08-07,<$100M,13.374,16083931.55,,not_scored,,,,,,,missing_required_data,quarter_revenue_yoy_pct;guidance_revenue_millions,regex_fallback,16.4,,,2,4,6,6,1,17337,2024-08-08,8.370000,4.3011,7.4074,-0.1195,13.2616,30.7049,$10M-$50M ADV,
2024Q3,OUST,2024-08-13,<$100M,17.23,12415286.16,,not_scored,,,,,,,missing_required_data,quarter_revenue_yoy_pct;guidance_revenue_millions,regex_fallback,27,,,6,6,6,6,1,21808,2024-08-14,9.120000,-16.7763,-27.6316,-26.9737,-22.3684,7.1272,$10M-$50M ADV,
2024Q3,OWL,2024-08-01,<$100M,85.864,106213578.25,,not_scored,,,,,,,missing_required_data,quarter_revenue_millions;quarter_revenue_yoy_pct;guidance_revenue_millions,regex_fallback,,,,6,6,6,6,2,52036,2024-08-02,17.010000,-0.4115,1.8225,0.2351,14.6972,31.4521,>$50M ADV,
2024Q3,PFS,2024-07-26,<$100M,15.085,18519711.87,,not_scored,,,,,,,missing_required_data,quarter_revenue_millions;quarter_revenue_yoy_pct;guidance_revenue_millions,regex_fallback,,,,6,1,6,6,1,64176,2024-07-29,19.100000,-10.7853,-4.7644,-1.3089,-4.0314,1.1518,$10M-$50M ADV,
2024Q3,PFSI,2024-07-23,<$100M,2.195,21209107.86,,not_scored,,,,,,,missing_required_data,quarter_revenue_yoy_pct;guidance_revenue_millions,regex_fallback,406.1,,,6,3,6,6,2,61761,2024-07-24,99.339996,-4.2581,-1.4898,3.0703,13.1568,4.3286,$10M-$50M ADV,
2024Q3,PMT,2024-07-23,<$100M,75.673,11083189.43,,not_scored,,,,,,,missing_required_data,quarter_revenue_yoy_pct;guidance_revenue_millions,regex_fallback,14.6,,,6,6,6,6,2,57839,2024-07-24,13.870000,-5.1190,-3.1002,1.0815,2.0908,-1.4420,$10M-$50M ADV,
2024Q3,PTGX,2024-08-06,<$100M,0.0,20558934.81,,not_scored,,,,,,,missing_required_data,quarter_revenue_yoy_pct;guidance_revenue_millions,regex_fallback,300,,,6,6,6,6,1,15054,2024-08-07,36.630001,14.3871,15.3699,13.2951,19.5741,25.3071,$10M-$50M ADV,
2024Q3,RCKT,2024-08-05,<$100M,0.0,17912470.67,,not_scored,,,,,,,missing_required_data,quarter_revenue_millions;quarter_revenue_yoy_pct;guidance_revenue_millions,regex_fallback,,,,0,3,6,6,1,13834,2024-08-06,20.850000,-9.0168,-6.2830,-11.1271,-19.5683,-19.3285,$10M-$50M ADV,
2024Q3,RCUS,2024-08-08,<$100M,25.0,11418587.12,,not_scored,,,,,,,missing_required_data,quarter_revenue_yoy_pct;guidance_revenue_millions,regex_fallback,39,,,3,6,6,6,1,18627,2024-08-09,14.900000,16.1745,16.3087,9.4631,17.2483,10.4698,$10M-$50M ADV,
2024Q3,RENT,2024-09-05,<$100M,74.2,28810486.4,,not_scored,,,,,,,missing_required_data,quarter_revenue_yoy_pct;guidance_revenue_millions,regex_fallback,78.9,,,6,6,6,6,1,25846,2024-09-06,13.650000,-24.6154,-27.2527,-28.8645,-18.8278,-17.5824,$10M-$50M ADV,
2024Q3,RGEN,2024-07-30,<$100M,30.59,96201860.63,,not_scored,,,,,,,missing_required_data,quarter_revenue_yoy_pct;guidance_revenue_millions,regex_fallback,154,,,6,6,6,5,1,24309,2024-07-31,160.970001,1.6214,-6.6534,-6.2372,-7.5480,-16.2142,>$50M ADV,
2024Q3,RIOT,2024-07-31,<$100M,73.236,234826393.24,,not_scored,,,,,,,missing_required_data,quarter_revenue_yoy_pct;guidance_revenue_millions,regex_fallback,70,,,6,6,6,6,2,47946,2024-08-01,10.100000,-24.6535,-17.3267,-32.8713,-26.5347,3.7624,>$50M ADV,
2024Q3,RKLB,2024-08-08,<$100M,54.895,32729365.91,,not_scored,,,,,,,missing_required_data,quarter_revenue_yoy_pct;guidance_revenue_millions,regex_fallback,106,,,5,5,6,6,1,24565,2024-08-09,5.350000,34.3925,16.4486,14.7664,75.8879,151.5888,$10M-$50M ADV,
2024Q3,ROIV,2024-08-08,<$100M,61.28,53134630.85,,not_scored,,,,,,,missing_required_data,quarter_revenue_millions;quarter_revenue_yoy_pct;guidance_revenue_millions,regex_fallback,,,,6,6,6,6,1,16726,2024-08-09,10.850000,5.8986,10.7834,15.2074,3.9631,8.3871,>$50M ADV,
2024Q3,ROOT,2024-08-07,<$100M,70.1,29929637.09,,not_scored,,,,,,,missing_required_data,quarter_revenue_millions;quarter_revenue_yoy_pct;guidance_revenue_millions,regex_fallback,,,,6,2,6,6,1,39238,2024-08-08,48.419998,1.0739,-13.5068,-22.3668,-21.9744,52.3751,$10M-$50M ADV,
2024Q3,RVMD,2024-08-07,<$100M,7.014,50151351.1,,not_scored,,,,,,,missing_required_data,quarter_revenue_yoy_pct;guidance_revenue_millions,regex_fallback,3.8,,,2,6,6,6,1,17400,2024-08-08,40.099998,8.8529,6.3591,5.0374,18.0549,48.1796,>$50M ADV,
2024Q3,RXRX,2024-08-08,<$100M,12.134,46029682.4,,not_scored,,,,,,,missing_required_data,quarter_revenue_yoy_pct;guidance_revenue_millions,regex_fallback,1000,,,6,6,6,6,3,122190,2024-08-09,6.830000,4.6852,8.4919,-10.3953,-5.7101,1.4641,$10M-$50M ADV,
2024Q3,RXST,2024-08-05,<$100M,17.489,24855767.57,,not_scored,,,,,,,missing_required_data,quarter_revenue_yoy_pct;guidance_revenue_millions,regex_fallback,34.9,,,4,6,6,6,1,14444,2024-08-06,50.410000,4.7213,10.8113,6.1297,-4.3047,1.6663,$10M-$50M ADV,
2024Q3,RYTM,2024-08-06,<$100M,3.154,22577454.25,,not_scored,,,,,,,missing_required_data,quarter_revenue_yoy_pct;guidance_revenue_millions,regex_fallback,29.1,,,5,5,6,6,1,27488,2024-08-07,44.709999,5.3456,6.0837,10.1543,5.5692,25.8108,$10M-$50M ADV,
2024Q3,SILA,2024-08-06,<$100M,49.644,27459282.14,,not_scored,,,,,,,missing_required_data,quarter_revenue_millions;quarter_revenue_yoy_pct;guidance_revenue_millions,regex_fallback,,,,6,3,6,6,1,27208,2024-08-07,23.480000,-4.0886,2.9387,9.2419,7.5809,8.1346,$10M-$50M ADV,
2024Q3,SLNO,2024-08-07,<$100M,0.002,21997235.51,,not_scored,,,,,,,missing_required_data,quarter_revenue_yoy_pct;guidance_revenue_millions,regex_fallback,100,,,1,0,6,6,1,12482,2024-08-08,42.889999,19.3985,9.6293,13.6629,11.0515,32.5717,$10M-$50M ADV,
2024Q3,SMMT,2024-08-06,<$100M,0.705,28725321.67,,not_scored,,,,,,,missing_required_data,quarter_revenue_millions;quarter_revenue_yoy_pct;guidance_revenue_millions,regex_fallback,,,,4,5,6,6,2,49822,2024-08-07,9.500000,28.9474,41.7895,29.1579,99.1579,114.6316,$10M-$50M ADV,
2024Q3,SMR,2024-08-08,<$100M,5.505,38366486.93,,not_scored,,,,,,,missing_required_data,quarter_revenue_yoy_pct;guidance_revenue_millions,regex_fallback,1,,,3,2,6,6,1,8699,2024-08-09,8.280000,13.7681,-1.6908,-8.5749,55.7971,161.7150,$10M-$50M ADV,
2024Q3,SOFI,2024-07-30,<$100M,95.482,279527748.06,,not_scored,,,,,,,missing_required_data,quarter_revenue_yoy_pct;guidance_revenue_millions,regex_fallback,599,,,6,6,6,6,1,62842,2024-07-31,7.480000,-13.3690,-1.4706,6.8182,5.0802,39.9733,>$50M ADV,
2024Q3,SOUN,2024-08-08,<$100M,16.046,110605142.8,,not_scored,,,,,,,missing_required_data,quarter_revenue_yoy_pct;guidance_revenue_millions,regex_fallback,13.5,,,6,4,6,6,2,25073,2024-08-09,5.100000,-2.9412,-5.0980,-9.4118,-8.2353,36.2745,>$50M ADV,
2024Q3,SPT,2024-08-01,<$100M,75.212,43358130.2,,not_scored,,,,,,,missing_required_data,quarter_revenue_yoy_pct;guidance_revenue_millions,regex_fallback,99.4,,,6,6,6,6,2,64243,2024-08-02,34.230000,-8.9395,-7.0698,-14.4902,-17.0318,-22.6117,$10M-$50M ADV,
2024Q3,SRRK,2024-08-08,<$100M,33.193,10211990.67,,not_scored,,,,,,,missing_required_data,quarter_revenue_millions;quarter_revenue_yoy_pct;guidance_revenue_millions,regex_fallback,,,,0,6,6,6,2,47316,2024-08-09,8.300000,13.2530,12.2892,2.2892,255.3012,248.7952,$10M-$50M ADV,
2024Q3,STAA,2024-08-07,<$100M,73.528,25543387.25,,not_scored,,,,,,,missing_required_data,quarter_revenue_yoy_pct;guidance_revenue_millions,regex_fallback,99,,,6,6,6,6,2,45961,2024-08-08,40.720001,-5.9676,-21.6356,-26.2033,-16.0118,-24.2141,$10M-$50M ADV,
2024Q3,STOK,2024-08-07,<$100M,5.152,12113108.09,,not_scored,,,,,,,missing_required_data,quarter_revenue_millions;quarter_revenue_yoy_pct;guidance_revenue_millions,regex_fallback,,,,4,2,6,6,1,15521,2024-08-08,14.240000,4.2135,-3.5815,7.7949,-19.9438,-6.9522,$10M-$50M ADV,
2024Q3,TARS,2024-08-08,<$100M,2.5,20805663.52,,not_scored,,,,,,,missing_required_data,quarter_revenue_yoy_pct;guidance_revenue_millions,regex_fallback,65.5,,,0,0,6,6,1,19610,2024-08-09,27.000000,-1.8148,2.2222,15.7407,25.9259,73.2963,$10M-$50M ADV,
2024Q3,TCBI,2024-07-18,<$100M,0.238,21918096.5,,not_scored,,,,,,,missing_required_data,quarter_revenue_millions;quarter_revenue_yoy_pct;guidance_revenue_millions,regex_fallback,,,,6,5,6,6,2,57594,2024-07-19,65.309998,0.7350,-8.8654,-4.1647,10.1516,23.3196,$10M-$50M ADV,
2024Q3,TMDX,2024-07-31,<$100M,41.554,108431094.79,,not_scored,,,,,,,missing_required_data,quarter_revenue_yoy_pct;guidance_revenue_millions,regex_fallback,114.3,,,5,3,6,4,1,11680,2024-08-01,164.839996,-1.0980,4.9199,-3.3123,-4.7561,-50.3033,>$50M ADV,
2024Q3,UE,2024-07-31,<$100M,99.441,16133475.24,,not_scored,,,,,,,missing_required_data,quarter_revenue_millions;quarter_revenue_yoy_pct;guidance_revenue_millions,regex_fallback,,,,6,6,6,6,2,136162,2024-08-01,20.410000,-4.3116,-1.0779,1.8128,4.8016,10.6810,$10M-$50M ADV,
2024Q3,VCEL,2024-08-01,<$100M,41.017,17588967.02,,not_scored,,,,,,,missing_required_data,quarter_revenue_yoy_pct;guidance_revenue_millions,regex_fallback,52.7,,,6,5,6,5,1,15401,2024-08-02,46.970001,-3.2361,1.1284,4.4071,-14.7328,-6.2380,$10M-$50M ADV,
2024Q3,VCYT,2024-08-06,<$100M,82.422,15955162.66,,not_scored,,,,,,,missing_required_data,quarter_revenue_yoy_pct;guidance_revenue_millions,regex_fallback,114.4,,,6,5,6,6,1,26086,2024-08-07,26.200001,23.4351,22.1374,9.0458,29.2748,37.1374,$10M-$50M ADV,
2024Q3,VIR,2024-08-01,<$100M,62.957,11241938.69,,not_scored,,,,,,,missing_required_data,quarter_revenue_yoy_pct;guidance_revenue_millions,regex_fallback,3.1,,,2,6,6,6,1,20621,2024-08-02,9.380000,-9.7015,-11.3006,-17.0576,-19.4030,-20.1493,$10M-$50M ADV,
2024Q3,VKTX,2024-07-24,<$100M,0.0,216884309.49,,not_scored,,,,,,,missing_required_data,quarter_revenue_millions;quarter_revenue_yoy_pct;guidance_revenue_millions,regex_fallback,,,,1,6,6,6,1,26941,2024-07-25,59.000000,-11.8644,-1.3559,11.0508,10.1864,2.3559,>$50M ADV,
2024Q3,VRDN,2024-08-08,<$100M,0.462,13078758.95,,not_scored,,,,,,,missing_required_data,quarter_revenue_millions;quarter_revenue_yoy_pct;guidance_revenue_millions,regex_fallback,,,,0,2,6,5,1,14292,2024-08-09,15.270000,3.6673,-1.7682,-7.0727,53.2416,61.8206,$10M-$50M ADV,
2024Q3,VRE,2024-07-24,<$100M,62.598,10152531.79,,not_scored,,,,,,,missing_required_data,quarter_revenue_yoy_pct;guidance_revenue_millions,regex_fallback,82,,,6,6,6,6,2,104660,2024-07-25,15.700000,-1.0828,4.3949,7.8344,13.8853,11.0191,$10M-$50M ADV,
2024Q3,VRRM,2024-08-08,<$100M,24.346,26481724.85,,not_scored,,,,,,,missing_required_data,quarter_revenue_yoy_pct;guidance_revenue_millions,regex_fallback,222.4,,,6,6,6,6,1,31762,2024-08-09,25.000000,10.0800,9.7600,5.9600,9.7200,-6.9600,$10M-$50M ADV,
2024Q3,WAFD,2024-07-17,<$100M,12.541,11295184.23,,not_scored,,,,,,,missing_required_data,quarter_revenue_millions;quarter_revenue_yoy_pct;guidance_revenue_millions,regex_fallback,,,,6,1,6,6,2,47935,2024-07-18,33.590000,5.2396,-1.9649,4.4656,7.0557,9.4671,$10M-$50M ADV,Financials
2024Q3,WGS,2024-07-30,<$100M,43.139,10833378.9,,not_scored,,,,,,,missing_required_data,quarter_revenue_yoy_pct;guidance_revenue_millions,regex_fallback,265,,,6,6,6,6,2,42484,2024-07-31,35.000000,-4.3429,-2.0571,-8.7429,21.2571,140.0571,$10M-$50M ADV,
2024Q3,WULF,2024-08-12,<$100M,9.205,58936641.53,,not_scored,,,,,,,missing_required_data,quarter_revenue_yoy_pct;guidance_revenue_millions,regex_fallback,35.6,,,6,6,6,6,2,47844,2024-08-13,3.650000,35.0685,4.6575,18.0822,23.0137,141.6438,>$50M ADV,
2024Q3,XENE,2024-08-08,<$100M,0.311,15067473.72,,not_scored,,,,,,,missing_required_data,quarter_revenue_millions;quarter_revenue_yoy_pct;guidance_revenue_millions,regex_fallback,,,,6,6,6,6,1,16435,2024-08-09,36.919998,7.1777,9.1549,4.5775,11.1051,23.8895,$10M-$50M ADV,
2024Q3,XPOF,2024-08-01,<$100M,2.98,10790541.49,,not_scored,,,,,,,missing_required_data,quarter_revenue_yoy_pct;guidance_revenue_millions,regex_fallback,76.5,,,6,6,6,6,1,32206,2024-08-02,10.000000,41.2000,39.5000,26.6000,18.7000,22.5000,$10M-$50M ADV,
2024Q3,ZLAB,2024-08-06,<$100M,62.797,11008084.78,,not_scored,,,,,,,missing_required_data,quarter_revenue_yoy_pct;guidance_revenue_millions,regex_fallback,100.1,,,3,6,6,6,1,22969,2024-08-07,20.500000,-17.1220,-5.7073,-3.1707,28.5366,50.8293,$10M-$50M ADV,
2024Q3,ZNTL,2024-08-09,<$100M,0.0,10040477.96,,not_scored,,,,,,,missing_required_data,quarter_revenue_millions;quarter_revenue_yoy_pct;guidance_revenue_millions,regex_fallback,,,,0,1,6,6,1,14299,2024-08-12,3.330000,-7.5075,-3.0030,-2.4024,-10.2102,21.0210,$10M-$50M ADV,
