sample_id,quarter,ticker,event_date,revenue_bucket,pre_llm_fundamental_bucket,pre_llm_fundamental_score,profitability_score,operating_cash_flow_score,financing_dependence_score,tradable_date,entry_open,return_10d_pct,return_20d_pct,return_30d_pct,return_60d_pct,return_90d_pct,accession,exhibit_doc,source_doc_type,text_len,text_path,snippet_count,quality_flags,causal_change,proof_alignment,durability,operating_leverage_quality,negative_revision_risk,story_vs_numbers_gap_penalty,narrative_delta_score,narrative_delta_bucket,score_addition,detected_driver_category,detected_driver_name,evidence_positive,evidence_risk,confidence,blocking_issues
S000003,2022Q4,ACCO,2022-10-13,$500M-$1B,weak,-3,-1,-1,0,2022-10-14,4.710000,-8.4926,-3.3970,11.2526,19.1083,30.7856,0000950170-22-019529,acco-ex99_1.htm,earnings_exhibit,13522,/Users/aeternusholdings/Documents/GitHub/AeternusHoldings/cache/sec/sec_docs_text/ACCO_000095017022019529_acco-ex99_1.htm.txt,18,,2,2,0,1,5,2,-2,deteriorating,-3,macro_demand_pressure,channel destocking and weaker end-market demand,"Management explicitly lowered outlook and stated it was acting to protect profitability and free cash flow through hiring, inventory, and spending cuts. The packet shows a clear response plan and near-term cash focus.","The core message is deterioration: reduced channel replenishment, weaker end-user demand, high inflation, adverse FX, and a lower full-year outlook for sales, EPS, and free cash flow. It also anticipates a goodwill impairment charge.",high,
S000004,2022Q4,ACVA,2022-11-09,$100M-$500M,weak,-1,-1,2,-1,2022-11-10,7.160000,7.2626,23.4637,23.3240,17.3184,44.9721,0000950170-22-023840,acva-ex99_1.htm,earnings_exhibit,24787,/Users/aeternusholdings/Documents/GitHub/AeternusHoldings/cache/sec/sec_docs_text/ACVA_000095017022023840_acva-ex99_1.htm.txt,18,,2,2,1,1,4,1,1,neutral,-3,market_share_and_volume,marketplace adoption with revenue growth and margin improvement,"Revenue grew 15% year over year, GMV rose about 6%, and management said the company was gaining market share with solid revenue growth and margin improvement. Adjusted EBITDA loss was flat year over year despite growth.",Guidance was reduced due to weakening consumer demand and below-normal auction conversion rates. That raises revision risk and limits durability until conversion and demand stabilize.,medium,
S000005,2022Q4,AFRM,2022-11-08,$100M-$500M,weak,-1,-1,2,-1,2022-11-09,13.345000,-2.8850,-4.0090,-15.0244,-29.3368,28.9621,0001820953-22-000038,fq123shareholderletter-d.htm,earnings_exhibit,59341,/Users/aeternusholdings/Documents/GitHub/AeternusHoldings/cache/sec/sec_docs_text/AFRM_000182095322000038_fq123shareholderletter-d.htm.txt,18,,2,2,1,1,4,1,1,neutral,-3,market_share_and_unit_economics,rapid GMV growth with improving unit economics,"GMV grew 62% year over year and revenue grew 34%, while management said underwriting improvements and repeat-customer dynamics helped transaction-level profitability. The company also reiterated a path to a sustained profitability run rate by fiscal 2023 end.","Management explicitly reduced FY23 outlook because of macro volatility and a slowdown with a large merchant partner, and the packet expects seasonal pressure on revenue and RLTC. Funding costs and rate pressure remain a clear risk.",medium,
S000008,2022Q4,AMC,2022-11-08,$1B-$2B,weak,-4,-1,-1,-1,2022-11-09,53.700001,35.3817,38.3613,10.6145,-26.8156,15.0838,0001411579-22-000078,amc-20221108xex99d1.htm,earnings_exhibit,48388,/Users/aeternusholdings/Documents/GitHub/AeternusHoldings/cache/sec/sec_docs_text/AMC_000141157922000078_amc-20221108xex99d1.htm.txt,18,,1,0,0,0,5,3,-5,deteriorating,-3,liquidity_pressure,cash burn and weak EBITDA with financing dependence,The packet shows some business development activity and notes improving theater-sector conditions as a narrative tailwind. It also discloses continued capital raising via AMC Preferred Equity Units.,"Adjusted EBITDA worsened, net loss remained very large, and operating cash burn was substantial. The release explicitly highlights liquidity needs and dependence on achieving more normalized operating revenues, making revision risk high.",high,
S000010,2022Q4,APP,2022-11-09,$1B-$2B,weak,-1,-1,2,-1,2022-11-10,15.650000,-15.0160,-7.9233,-31.6294,-34.9521,-18.9776,0001193125-22-281229,d420405dex992.htm,earnings_exhibit,31936,/Users/aeternusholdings/Documents/GitHub/AeternusHoldings/cache/sec/sec_docs_text/APP_000119312522281229_d420405dex992.htm.txt,18,,2,2,1,2,4,1,2,neutral,-3,efficiency-and-mix,Software Platform strength and Apps optimization for cash flow,Software Platform showed resilient demand; Apps Adjusted EBITDA rose 12% with margin improving to 17% from 11%; total Adjusted EBITDA grew 35% year over year and management targeted over $1 billion for 2022.,2022 revenue outlook was cut below prior guidance due to tighter digital ad budgets and macro headwinds; Apps revenue declined 24%; guidance revision signals near-term pressure.,high,
S000011,2022Q4,APPN,2022-11-03,$100M-$500M,mixed,1,-1,-1,0,2022-11-04,41.000000,-4.8780,-8.4146,-10.0732,-20.9756,11.3902,0001441683-22-000098,appnex991earningsrelease-0.htm,earnings_exhibit,22360,/Users/aeternusholdings/Documents/GitHub/AeternusHoldings/cache/sec/sec_docs_text/APPN_000144168322000098_appnex991earningsrelease-0.htm.txt,18,,2,2,1,0,3,2,0,neutral,0,subscription-growth-with-heavy-spend,Cloud subscription revenue growth with expanding losses,Cloud subscription revenue increased 30% year over year to $60.6 million; on a constant-currency basis cloud subscription and total revenue grew more than 30%; Q3 revenue exceeded guidance.,Adjusted EBITDA loss widened to $(22.9) million from $(12.0) million; guidance still calls for large adjusted EBITDA losses and risk disclosure highlights growth and retention uncertainty.,high,
S000014,2022Q4,ASAN,2022-12-01,$100M-$500M,weak,-4,-1,-1,-1,2022-12-02,15.800000,-2.7848,-17.4051,-16.1392,-1.8987,-3.0380,0001477720-22-000061,asana8-kex991q3fy23.htm,earnings_exhibit,26007,/Users/aeternusholdings/Documents/GitHub/AeternusHoldings/cache/sec/sec_docs_text/ASAN_000147772022000061_asana8-kex991q3fy23.htm.txt,18,,2,2,0,0,4,2,-2,deteriorating,-3,revenue-growth-with-losses,Strong revenue growth but worsening cash burn and losses,"Revenue grew 41% year over year to $141.4 million; customers spending $5,000+ and $100,000+ grew strongly; Q4 revenue guidance implies 30% growth at midpoint.","Operating cash flow and free cash flow were both more negative than the prior year; GAAP operating loss and net loss widened; the packet includes broad growth, retention, and macro risk disclosures.",high,
S000015,2022Q4,ATRO,2022-11-08,$100M-$500M,weak,-2,-1,-1,1,2022-11-09,8.100000,0.1234,-1.4815,29.0123,25.6790,80.2469,0000008063-22-000049,ex99120221108-pr.htm,earnings_exhibit,7859,/Users/aeternusholdings/Documents/GitHub/AeternusHoldings/cache/sec/sec_docs_text/ATRO_000000806322000049_ex99120221108-pr.htm.txt,18,,2,2,1,1,4,2,0,neutral,-3,backlog-and-recovery,Bookings and backlog growth offset by supply chain and margin pressure,"Preliminary bookings were $184 million, up 20%; backlog reached $547 million; revenue was up 18%; management expects 2023 revenue growth and cites strong demand.",Preliminary revenue was below expectations due to supply chain challenges and program reschedules; preliminary net loss widened to about $15 million; refinancing still in progress.,high,
S000020,2022Q4,BE,2022-11-03,$500M-$1B,weak,-3,-1,-1,0,2022-11-04,19.330000,11.5882,14.3818,8.7429,-0.7243,32.5918,0001628280-22-028185,ex991_q32022financialresul.htm,earnings_exhibit,29788,/Users/aeternusholdings/Documents/GitHub/AeternusHoldings/cache/sec/sec_docs_text/BE_000162828022028185_ex991_q32022financialresul.htm.txt,18,,1,1,0,0,3,2,-3,deteriorating,-3,reaffirmed guidance with mixed execution,revenue growth offset by weak margin profile,Revenue rose to $292.3 million from $243.2 million and the company reaffirmed 2022 outlook; gross profit improved to $50.9 million from a prior-quarter loss.,"GAAP gross margin stayed weak at 17.4% versus 17.8% a year ago, non-GAAP gross margin was nearly flat, and the filing highlighted large losses and reliance on financing.",medium,none
S000021,2022Q4,BHF,2022-11-07,$2B-$10B,weak,-2,-1,1,-1,2022-11-08,54.500000,-1.2844,-0.8991,-2.5321,-4.7890,3.9450,0001685040-22-000049,q32022bhfearningspressrele.htm,earnings_exhibit,39048,/Users/aeternusholdings/Documents/GitHub/AeternusHoldings/cache/sec/sec_docs_text/BHF_000168504022000049_q32022bhfearningspressrele.htm.txt,18,,1,1,1,1,4,1,-1,deteriorating,-3,capital strength with earnings pressure,record annuity sales,"Annuity sales increased 58% quarter over quarter and 50% sequentially; company cited balance sheet strength, $1.1 billion holding company liquidity, and share repurchases.","Adjusted loss reflected lower net investment income and lower underwriting margin; reported net loss was $702 million; higher reserves, DAC amortization, and expenses pressured results.",medium,none
S000022,2022Q4,BHFAL,2022-11-07,$2B-$10B,weak,-2,-1,1,-1,2022-11-08,21.520000,5.5762,8.0390,12.4535,12.0353,15.2416,0001685040-22-000049,q32022bhfearningspressrele.htm,earnings_exhibit,39048,/Users/aeternusholdings/Documents/GitHub/AeternusHoldings/cache/sec/sec_docs_text/BHFAL_000168504022000049_q32022bhfearningspressrele.htm.txt,18,,1,1,1,1,4,1,-1,deteriorating,-3,capital strength with earnings pressure,record annuity sales,"Annuity sales increased 58% quarter over quarter and 50% sequentially; company cited balance sheet strength, $1.1 billion holding company liquidity, and share repurchases.","Adjusted loss reflected lower net investment income and lower underwriting margin; reported net loss was $702 million; higher reserves, DAC amortization, and expenses pressured results.",medium,none
S000023,2022Q4,BHFAM,2022-11-07,$2B-$10B,weak,-2,-1,1,-1,2022-11-08,15.740000,5.1461,5.5273,6.2897,5.4638,14.5489,0001685040-22-000049,q32022bhfearningspressrele.htm,earnings_exhibit,39048,/Users/aeternusholdings/Documents/GitHub/AeternusHoldings/cache/sec/sec_docs_text/BHFAM_000168504022000049_q32022bhfearningspressrele.htm.txt,18,,1,1,1,1,4,1,-1,deteriorating,-3,capital strength with earnings pressure,record annuity sales,"Annuity sales increased 58% quarter over quarter and 50% sequentially; company cited balance sheet strength, $1.1 billion holding company liquidity, and share repurchases.","Adjusted loss reflected lower net investment income and lower underwriting margin; reported net loss was $702 million; higher reserves, DAC amortization, and expenses pressured results.",medium,none
S000024,2022Q4,BHFAN,2022-11-07,$2B-$10B,weak,-2,-1,1,-1,2022-11-08,18.299999,4.0437,7.4317,4.4262,4.3169,9.0710,0001685040-22-000049,q32022bhfearningspressrele.htm,earnings_exhibit,39048,/Users/aeternusholdings/Documents/GitHub/AeternusHoldings/cache/sec/sec_docs_text/BHFAN_000168504022000049_q32022bhfearningspressrele.htm.txt,18,,1,1,1,1,4,1,-1,deteriorating,-3,capital strength with earnings pressure,record annuity sales,"Annuity sales increased 58% quarter over quarter and 50% sequentially; company cited balance sheet strength, $1.1 billion holding company liquidity, and share repurchases.","Adjusted loss reflected lower net investment income and lower underwriting margin; reported net loss was $702 million; higher reserves, DAC amortization, and expenses pressured results.",medium,none
S000025,2022Q4,BHFAO,2022-11-07,$2B-$10B,weak,-2,-1,1,-1,2022-11-08,22.700001,6.6079,10.0220,9.0749,9.2070,14.1850,0001685040-22-000049,q32022bhfearningspressrele.htm,earnings_exhibit,39048,/Users/aeternusholdings/Documents/GitHub/AeternusHoldings/cache/sec/sec_docs_text/BHFAO_000168504022000049_q32022bhfearningspressrele.htm.txt,18,,2,2,1,1,4,2,0,neutral,-3,insurance_earnings_and_sales_mix,Annuity sales growth offset by lower net investment income and underwriting margin,Record annuity sales increased 58% quarter-over-quarter and 50% sequentially; management said the company maintained balance sheet strength and returned capital; segment annuity earnings were positive at $125 million.,"Reported net loss available to shareholders of $702 million; adjusted loss reflects lower net investment income, lower underwriting margin, higher expenses; life segment moved to an adjusted loss; assumptions and market risk are flagged.",high,
S000026,2022Q4,BHFAP,2022-11-07,$2B-$10B,weak,-2,-1,1,-1,2022-11-08,22.924000,2.9489,6.3078,4.7418,4.1267,8.4889,0001685040-22-000049,q32022bhfearningspressrele.htm,earnings_exhibit,39048,/Users/aeternusholdings/Documents/GitHub/AeternusHoldings/cache/sec/sec_docs_text/BHFAP_000168504022000049_q32022bhfearningspressrele.htm.txt,18,,2,2,1,1,4,2,0,neutral,-3,insurance_earnings_and_sales_mix,Annuity sales growth offset by lower net investment income and underwriting margin,Record annuity sales increased 58% quarter-over-quarter and 50% sequentially; management said the company maintained balance sheet strength and returned capital; segment annuity earnings were positive at $125 million.,"Reported net loss available to shareholders of $702 million; adjusted loss reflects lower net investment income, lower underwriting margin, higher expenses; life segment moved to an adjusted loss; assumptions and market risk are flagged.",high,
S000028,2022Q4,BMEA,2022-11-07,$1B-$2B,weak,-2,-1,-1,-1,2022-11-08,9.830000,-25.1272,-26.9583,-35.9105,-30.8240,0.1017,0000950170-22-022598,bmea-ex99_1.htm,earnings_exhibit,14206,/Users/aeternusholdings/Documents/GitHub/AeternusHoldings/cache/sec/sec_docs_text/BMEA_000095017022022598_bmea-ex99_1.htm.txt,18,,1,1,2,0,3,2,-1,deteriorating,-3,clinical_pipeline_progress,Pipeline expansion and early clinical dosing milestones,"Company expanded clinical development footprint for BMF-219, dosed first type 2 diabetes patient, and reported no safety signals detected; management says it is building a covalent-medicine platform and expects to gain clinical proof of concept.","Net loss increased to $22.9 million for the quarter and operating expenses rose materially due to preclinical, clinical, personnel, and public-company costs; evidence is development-stage progress, not commercial proof.",medium,
S000034,2022Q4,CCL,2022-12-21,$500M-$1B,weak,-4,-1,-1,-1,2022-12-22,8.470000,-5.9032,16.4109,26.5643,31.4050,6.1393,0000815097-22-000081,a20224qbusinessupdate8-k.htm,earnings_exhibit,40968,/Users/aeternusholdings/Documents/GitHub/AeternusHoldings/cache/sec/sec_docs_text/CCL_000081509722000081_a20224qbusinessupdate8-k.htm.txt,18,,1,2,1,1,4,1,0,neutral,-3,recovery_progress,Sequential cruise recovery with cost improvement,"Q4 adjusted EBITDA was within guidance; cruise costs per ALBD improved sequentially; company expects positive adjusted EBITDA in 2023 and higher capacity growth, with 2023 outlook disclosed.","Q4 adjusted EBITDA still negative; EA bookings for 2023 were lower than comparable 2019 period; guidance and outlook remain sensitive to pricing, occupancy, liquidity, fuel, currency, and travel demand.",medium,
S000041,2022Q4,COMP,2022-11-10,$2B-$10B,mixed,0,-1,1,-1,2022-11-11,2.230000,21.0762,43.9462,18.3857,34.9776,77.1300,0001563190-22-000185,exhibit9918-k3q22pr.htm,earnings_exhibit,23173,/Users/aeternusholdings/Documents/GitHub/AeternusHoldings/cache/sec/sec_docs_text/COMP_000156319022000185_exhibit9918-k3q22pr.htm.txt,18,,1,1,1,1,5,2,-3,deteriorating,-3,cost productivity / market demand decline,Lower market activity plus cost-cutting plan,Revenue fell 14% to $1.49B; lower commissions and operating expenses partly offset pressure; management cited fundamental cost productivity measures and 2023 operating expense targets.,Adjusted EBITDA was a $42M loss versus a $12M gain; GAAP net loss widened; 4Q22 and FY22 outlook both call for negative Adjusted EBITDA; lower market activity drove the decline.,high,
S000042,2022Q4,CRNC,2022-11-29,$100M-$500M,mixed,1,-1,2,-1,2022-11-30,17.980000,1.0011,2.7809,3.0590,35.7063,52.2803,0000950170-22-025762,crnc-ex99_1.htm,earnings_exhibit,31739,/Users/aeternusholdings/Documents/GitHub/AeternusHoldings/cache/sec/sec_docs_text/CRNC_000095017022025762_crnc-ex99_1.htm.txt,18,,1,1,1,0,4,2,-3,deteriorating,-3,bookings / pipeline offsetting weak operating results,Higher bookings amid revenue and margin contraction,Full fiscal new bookings rose 16% to $684M and management highlighted product wins and innovation partnerships.,GAAP revenue fell to $58.1M from $98.1M; gross margin and operating margin compressed sharply; GAAP operating margin was -394.4%; goodwill impairment was reported; no forward guidance was provided in the packet.,high,
S000043,2022Q4,CRSP,2022-11-01,$500M-$1B,weak,-1,-1,2,-1,2022-11-02,51.990002,14.9836,6.6744,4.8278,-21.1387,-1.8657,0000950170-22-020834,crsp-ex99_1.htm,earnings_exhibit,20743,/Users/aeternusholdings/Documents/GitHub/AeternusHoldings/cache/sec/sec_docs_text/CRSP_000095017022020834_crsp-ex99_1.htm.txt,18,,2,1,2,0,2,2,1,neutral,0,clinical / regulatory progress,Pipeline advancement and regulatory submissions,CTA clearance for VCTX211; exa-cel BLA submission planned for rolling review beginning in November 2022 and completion by end of Q1 2023; ongoing enrollment and dosing across multiple programs.,Net loss widened to $174.5M from $127.2M; evidence is pipeline-focused rather than revenue- or profit-driven; packet includes explicit clinical and regulatory uncertainty disclosures.,high,
S000046,2022Q4,CVNA,2022-11-03,$2B-$10B,weak,-2,-1,-1,-1,2022-11-04,13.040000,-25.3068,-38.8804,-45.5521,-64.4939,9.2791,0001690820-22-000312,ex99_1q32022.htm,earnings_exhibit,48023,/Users/aeternusholdings/Documents/GitHub/AeternusHoldings/cache/sec/sec_docs_text/CVNA_000169082022000312_ex99_1q32022.htm.txt,18,,2,1,1,1,5,2,-2,deteriorating,-3,profitability initiatives amid demand pressure,Cost reduction and unit/profitability reset,"Management describes initiatives to reduce third-party costs, advertising, and other expenses; notes stronger profitability focus and improving efficiency; retail units and GPU were already being actively managed.","Q3 revenue fell 3%; gross profit fell 31%; net loss margin worsened; Q4 expected sequential reduction in retail units sold and total GPU due to lower demand, higher rates, and higher depreciation rates.",high,
S000051,2022Q4,DBD,2022-11-08,$1B-$2B,weak,-2,-1,-1,0,2023-08-14,24.000000,-16.0417,-27.5417,-25.1667,-21.7083,-9.4167,0001157523-22-001553,a52962088ex99_1.htm,earnings_exhibit,44281,/Users/aeternusholdings/Documents/GitHub/AeternusHoldings/cache/sec/sec_docs_text/DBD_000115752322001553_a52962088ex99_1.htm.txt,18,,1,1,1,1,4,2,-2,deteriorating,-3,cost reduction and backlog conversion,Operational model improvement offset by revenue delays,"Management cites stable demand, backlog around $1.4 billion, executed and identified savings, and ongoing cost reductions and operational improvements.",Revenue and gross profit declined; non-GAAP operating profit declined; backlog-to-revenue conversion expected to remain challenging with as much as 15% unit-to-revenue conversion risk and inflationary pressure.,high,
S000056,2022Q4,DNUT,2022-11-15,$1B-$2B,weak,-1,-1,1,0,2022-11-16,14.540000,5.7772,2.2008,-19.2572,-20.0825,-15.8184,0001857154-22-000116,exh991pressreleaseq32022.htm,earnings_exhibit,36470,/Users/aeternusholdings/Documents/GitHub/AeternusHoldings/cache/sec/sec_docs_text/DNUT_000185715422000116_exh991pressreleaseq32022.htm.txt,18,,1,1,1,0,2,2,-1,deteriorating,-3,top-line growth with margin pressure,Revenue growth offset by FX and margin compression,Net revenue grew; organic revenue growth accelerated; points of access expanded; some markets showed EBITDA growth.,Adjusted EBITDA declined and margin compressed; management cites FX and input-cost headwinds; international segment margins weakened.,high,
S000062,2022Q4,EQT,2022-10-11,$500M-$1B,weak,-1,-1,2,-1,2022-10-12,43.830002,-12.5485,-7.0272,-2.7607,-15.7883,-22.3363,0001104659-22-107727,tm2227907d1_8k.htm,primary_8k,3652,/Users/aeternusholdings/Documents/GitHub/AeternusHoldings/cache/sec/sec_docs_text/EQT_000110465922107727_tm2227907d1_8k.htm.txt,11,,0,0,0,0,5,3,-5,deteriorating,-3,derivative_mark_to_market,derivative losses and cash settlements,"Packet only states EQT expects to report large derivative losses and net cash settlements paid on derivatives for the quarter and nine months ended September 30, 2022.","No operating results, revenue, margin, or outlook support; large derivative losses and cash settlements dominate, and amounts are preliminary and subject to change.",high,
S000072,2022Q4,FUBO,2022-10-17,$100M-$500M,weak,-4,-1,-1,-1,2022-10-18,55.320000,-21.4751,-23.8612,-33.8395,-55.0976,-51.1931,0001493152-22-028568,ex99-1.htm,earnings_exhibit,11111,/Users/aeternusholdings/Documents/GitHub/AeternusHoldings/cache/sec/sec_docs_text/FUBO_000149315222028568_ex99-1.htm.txt,18,,1,2,1,0,4,2,-2,deteriorating,-3,guidance_beat_with_strategic_pullback,North America revenue beat paired with sportsbook exit and ongoing losses,"Preliminary Q3 results say North America revenue and subscribers are expected to exceed prior guidance, with NA revenue at least $210 million and paid subscribers above 1.22 million. Management frames this as progress toward profitability.",Company expects approximately negative $100 million Adjusted EBITDA in the third quarter and ceases sportsbook operations because it would hurt longer-term profitability goals. The packet does not show a durable path to profits yet and signals continued cash pressure.,high,
S000074,2022Q4,GH,2022-11-03,$100M-$500M,mixed,1,-1,-1,1,2022-11-04,43.549999,10.7922,18.3008,19.2882,-38.0023,-25.6257,0001576280-22-000091,gh-09302022xexhibit991.htm,earnings_exhibit,19160,/Users/aeternusholdings/Documents/GitHub/AeternusHoldings/cache/sec/sec_docs_text/GH_000157628022000091_gh-09302022xexhibit991.htm.txt,18,,1,2,1,0,4,1,-1,deteriorating,-3,commercial_growth_with_cost_pressure,revenue and test volume growth amid reimbursement delays,"Revenue rose 24% to $117.4 million, precision oncology revenue grew 29%, clinical tests rose 42%, and gross profit increased to $76.9 million.","Adjusted EBITDA loss widened to $112.8 million from $65.2 million, operating expenses rose 29%, gross margin slipped, and guidance was cut from $460M-$470M to $440M-$450M due to continued challenging backdrop and reimbursement delays.",high,
S000086,2022Q4,HRTG,2022-11-09,$100M-$500M,mixed,1,-1,2,1,2022-11-10,1.465000,-3.7543,12.6280,1.0239,35.1536,55.6314,0001193125-22-280319,d378180dex991.htm,earnings_exhibit,25220,/Users/aeternusholdings/Documents/GitHub/AeternusHoldings/cache/sec/sec_docs_text/HRTG_000119312522280319_d378180dex991.htm.txt,18,,1,1,1,0,4,2,-3,deteriorating,-3,pricing and underwriting actions,Rate increases and underwriting initiatives,Average premium per policy rose 13.6%; Florida commercial lines premium grew 18.2%; overall premium-in-force increased 5.8%.,Net loss widened to $48.2 million; net loss ratio rose to 97.6%; catastrophe losses included a $40 million Hurricane Ian retention; combined ratio deteriorated to 133.3%.,high,
S000089,2022Q4,HY,2022-11-01,$2B-$10B,weak,-1,-1,-1,0,2022-11-02,30.340000,2.1424,2.1424,2.2083,-14.9308,6.8886,0001173514-22-000080,hydataschedule93022ex99.htm,earnings_exhibit,8478,/Users/aeternusholdings/Documents/GitHub/AeternusHoldings/cache/sec/sec_docs_text/HY_000117351422000080_hydataschedule93022ex99.htm.txt,18,,1,1,1,1,4,2,-2,deteriorating,-3,pricing_and_volume,"higher unit shipments and backlog, but margins remain weak",Backlog rose to 108.2 thousand from 105.3 thousand in Q4 2021; unit shipments were 24.5 thousand in 2022 Q3 vs 23.2 thousand in Q3 2021; some regional revenue lines show growth; operating cash flow improved in Q1 2022 to 59.1 million from prior negatives.,"Operating profit and net income stayed negative; gross profit and operating profit margins compressed versus 2021; operating cash flow turned volatile and was negative again in Q2 2022; the packet shows prior impairments and valuation allowances, suggesting ongoing earnings pressure.",medium,Evidence snippets are fragmented and mix multiple periods/business lines; no clean management narrative beyond operating metrics.
S000094,2022Q4,IRTC,2022-11-01,$100M-$500M,mixed,1,-1,-1,1,2022-11-02,128.000000,-16.2500,-20.1719,-13.3594,-26.5000,-23.2031,0001388658-22-000149,irtcq32022ex991pressrelease.htm,earnings_exhibit,12634,/Users/aeternusholdings/Documents/GitHub/AeternusHoldings/cache/sec/sec_docs_text/IRTC_000138865822000149_irtcq32022ex991pressrelease.htm.txt,18,,2,2,1,1,4,2,0,neutral,-3,growth_with_guidance_cut,revenue growth but reduced full-year guidance due to volume and capacity issues,Revenue rose 21.6% to $103.9 million; gross margin improved 2.6 points to 68.3%; daily registration growth is described as accelerating; cash and short-term investments were $203.5 million.,"Full-year revenue guidance was cut from $415-$420 million to $407-$411 million; management cites volume trends, account staffing, capacity challenges, and Zio AT utilization, which points to execution and demand risk.",high,"Clear guidance revision present, but snippets do not provide full management discussion or complete quarter context."
S000099,2022Q4,LFCR,2022-10-06,$100M-$500M,weak,-4,-1,-1,-1,2022-10-07,8.570000,-3.3839,7.3512,5.3676,-6.1844,-29.1715,0001005286-22-000060,q1fy23financialpressreleas.htm,earnings_exhibit,23182,/Users/aeternusholdings/Documents/GitHub/AeternusHoldings/cache/sec/sec_docs_text/LFCR_000100528622000060_q1fy23financialpressreleas.htm.txt,18,,1,1,1,1,3,2,-1,deteriorating,-3,segment growth offset by cost pressure,Lifecore growth versus consolidated margin weakness,"Lifecore segment revenues increased 8.0% to $23.7 million, and the company reiterated full year fiscal 2023 guidance for Lifecore and Corporate segments.","Consolidated gross profit fell 44.2% year over year, adjusted EBITDA was negative $1.1 million, and cash used in operations was $1.5 million.",medium,
S000100,2022Q4,LFST,2022-11-08,$100M-$500M,weak,-4,-1,-1,-1,2022-11-09,6.800000,-27.2059,-31.9118,-27.0588,-27.0588,-21.7647,0000950170-22-023246,lfst-ex99_1.htm,earnings_exhibit,23232,/Users/aeternusholdings/Documents/GitHub/AeternusHoldings/cache/sec/sec_docs_text/LFST_000095017022023246_lfst-ex99_1.htm.txt,18,,2,2,1,1,4,1,1,neutral,-3,organic growth and restructuring,clinician growth with cost reset,"Revenue increased 25% to $217.6 million and total clinicians rose 24% to 5,431, while adjusted EBITDA improved to $15.4 million.","Third quarter revenue came in slightly below expectations due to lower visit volume, the company lowered guidance because of lower visit volume and higher employee health benefit costs, and loss from operations remained large.",high,
S000104,2022Q4,LYFT,2022-11-03,$1B-$2B,mixed,1,-1,-1,1,2022-11-04,13.980000,-7.3677,-20.3147,-22.8898,-20.4578,25.5365,0001759509-22-000071,lyft-20221103.htm,primary_8k,20436,/Users/aeternusholdings/Documents/GitHub/AeternusHoldings/cache/sec/sec_docs_text/LYFT_000175950922000071_lyft-20221103.htm.txt,18,,1,0,1,1,2,2,-1,deteriorating,-3,restructuring and cost reduction,workforce reduction and operating model reset,"The company announced a reduction in force and said it expects the move to accelerate execution and strengthen results in Q4 2022 and 2023, while confirming no changes to previously issued guidance.","The packet provides no new operating results, and the restructuring itself implies near-term charges and execution risk.",low,
S000115,2022Q4,MQ,2022-11-09,$100M-$500M,weak,-2,-1,1,-1,2022-11-10,7.380000,-13.4146,-9.3496,-8.6721,-14.6341,-12.6016,0001522540-22-000055,mqearningsrelease-q3x2022.htm,earnings_exhibit,22841,/Users/aeternusholdings/Documents/GitHub/AeternusHoldings/cache/sec/sec_docs_text/MQ_000152254022000055_mqearningsrelease-q3x2022.htm.txt,18,,2,2,1,1,4,1,1,neutral,-3,growth_momentum,Net revenue and gross profit growth,Net revenue grew 46% y/y to $191.6 million and gross profit grew 36% y/y to $80.1 million; TPV reached $42 billion.,"Adjusted EBITDA remained negative $14 million and margin guidance for Q4 stayed negative 5%-6%, indicating continued losses and likely execution pressure.",high,
S000118,2022Q4,NCLH,2022-10-06,$1B-$2B,weak,-4,-1,-1,-1,2022-10-07,13.010000,1.3067,22.4443,28.1322,21.6756,-1.9216,0001104659-22-106532,tm2227545d1_ex99-1.htm,earnings_exhibit,55484,/Users/aeternusholdings/Documents/GitHub/AeternusHoldings/cache/sec/sec_docs_text/NCLH_000110465922106532_tm2227545d1_ex99-1.htm.txt,18,,1,1,1,1,4,2,-2,deteriorating,-3,pricing_demand,Booking curve and revenue management strategy,"Packet describes dynamic pricing, earlier open-for-sale timing, upsell strategy, itinerary optimization, and booking deposits accelerating cash inflows.","Risk disclosure says pandemics and viral outbreaks, including COVID-19, are expected to continue to adversely impact results; evidence packet provides no hard current-period operating numbers.",medium,Limited current-period financial evidence in packet; mostly strategy and forward-looking presentation material.
S000122,2022Q4,NFE,2022-11-08,$500M-$1B,weak,-4,-1,-1,-1,2022-11-09,54.410000,-13.1226,-12.1301,-18.9855,-28.5425,-25.5100,0001749723-22-000042,nfe-09302022x8xkex991.htm,earnings_exhibit,48851,/Users/aeternusholdings/Documents/GitHub/AeternusHoldings/cache/sec/sec_docs_text/NFE_000174972322000042_nfe-09302022x8xkex991.htm.txt,18,,2,2,1,2,4,1,2,neutral,-3,project_execution,Fast LNG / hydrogen project buildout,Packet cites Q3 adjusted EBITDA of $291M and $1.17B TTM; operating revenue and total revenues are shown higher sequentially; construction started on first hydrogen plant and other projects are in development.,"Forward-looking section explicitly cites development and engineering risks, delays, and execution uncertainty; narrative leans on future project delivery more than realized fundamentals.",medium,
S000129,2022Q4,OKTA,2022-11-30,$500M-$1B,weak,-1,-1,1,0,2022-12-01,61.955002,10.5480,9.6602,12.2589,11.7101,15.3095,0001660134-22-000055,okta-10312022_ex991.htm,earnings_exhibit,26893,/Users/aeternusholdings/Documents/GitHub/AeternusHoldings/cache/sec/sec_docs_text/OKTA_000166013422000055_okta-10312022_ex991.htm.txt,18,,1,2,1,1,4,1,0,neutral,-3,execution_efficiency,go-to-market execution and spend efficiency,"Revenue was $481 million, up 37% YoY; RPO was $2.85 billion, up 21% YoY; company said it was focused on go-to-market execution, spend efficiency, and increasing profitability; Q4 guide called for $488 million to $490 million revenue and $15 million to $17 million non-GAAP operating income.","Operating cash flow and free cash flow both fell sharply versus prior year; full-year outlook still implies non-GAAP operating loss; management notes macro uncertainty and forward-looking risk around synergies, efficiencies, and market development.",high,
S000130,2022Q4,ONC,2022-11-09,$500M-$1B,weak,-4,-1,-1,-1,2022-11-10,186.110001,4.5887,2.9552,9.7738,32.1530,34.3077,0001651308-22-000208,exhibit991-q32022earningsr.htm,earnings_exhibit,27551,/Users/aeternusholdings/Documents/GitHub/AeternusHoldings/cache/sec/sec_docs_text/ONC_000165130822000208_exhibit991-q32022earningsr.htm.txt,18,,2,2,1,1,5,1,0,neutral,-3,commercial_growth,product revenue and market penetration growth,Product revenue rose 82% YoY to $349.5 million; BRUKINSA revenue grew 136% globally; tislelizumab revenue in China rose 67%; management cited higher market penetration and higher new patient demand from broader reimbursement.,"Operating cash used was $561.9 million for the quarter; net loss was $557.6 million; company cites regulatory and clinical development risks plus COVID-related operational impacts, so future numbers remain exposed.",high,
S000131,2022Q4,OSCR,2022-11-08,$500M-$1B,weak,-1,-1,2,-1,2022-11-09,2.910000,0.6873,-3.4364,-7.9038,-9.9656,32.3024,0001568651-22-000054,oscr-3q22xpressrelease.htm,earnings_exhibit,37292,/Users/aeternusholdings/Documents/GitHub/AeternusHoldings/cache/sec/sec_docs_text/OSCR_000156865122000054_oscr-3q22xpressrelease.htm.txt,18,,1,2,1,1,4,1,0,neutral,-3,pricing_mix_membership,"membership growth, rate increases, and mix shift","Membership reached 1,075,445, up 81% YoY; direct and assumed policy premiums rose 87% YoY; MLR improved 980 bps YoY to 89.9%; company said pricing actions and mix shifts helped improve the loss ratio and that it is targeting profitability earlier.","Adjusted EBITDA loss still expected to be worse than prior range; full-year outlook remains a large loss; combined ratio and administrative expense ratios are still high, and company explicitly updates FY22 outlook due to higher membership.",high,
S000134,2022Q4,PAR,2022-11-09,$100M-$500M,weak,-4,-1,-1,-1,2022-11-10,22.170000,11.0510,9.9233,3.2025,18.6288,62.3816,0000708821-22-000079,ex991earningsreleasesept30.htm,earnings_exhibit,29315,/Users/aeternusholdings/Documents/GitHub/AeternusHoldings/cache/sec/sec_docs_text/PAR_000070882122000079_ex991earningsreleasesept30.htm.txt,18,,1,1,1,0,3,2,-2,deteriorating,-3,operational_scale,ARR and site growth with still-negative EBITDA,"ARR and active sites grew; product, service, and contract revenue all increased YoY; EBITDA loss improved versus prior year and management highlights growth in guest engagement and operator solutions metrics.",Adjusted EBITDA loss worsened YoY; no clear evidence of operating leverage into profit; cash balance fell versus year-end; packet leans on non-GAAP framing while core profitability remains negative.,high,
S000142,2022Q4,PODD,2022-11-03,$500M-$1B,weak,-2,-1,-1,1,2022-11-04,306.380005,-5.3202,-4.1386,-1.2893,-6.5278,-4.3834,0001145197-22-000059,podd2022-09x30ex991.htm,earnings_exhibit,19250,/Users/aeternusholdings/Documents/GitHub/AeternusHoldings/cache/sec/sec_docs_text/PODD_000114519722000059_podd2022-09x30ex991.htm.txt,18,,2,2,1,1,4,2,0,neutral,-3,growth_with_margin_pressure_and_product_issue,Omnipod growth offset by medical device correction costs and lower margins,Revenue growth and Omnipod growth are strong; adjusted gross margin and adjusted EBITDA remain positive; company raised revenue growth guidance to 18%-19% constant currency and cites momentum into 2023.,"Gross margin down 1,320 bps; operating income fell to $2.9M from $33.7M; guidance embeds a $36.8M correction charge plus legal and CEO transition costs; management says margins expected lower year over year from higher costs and mix.",high,
S000146,2022Q4,PTON,2022-11-03,$500M-$1B,weak,-3,-1,-1,0,2022-11-04,9.290000,17.7610,8.2885,39.0743,-12.5942,82.7772,0001639825-22-000132,q12023shareholderletter.htm,earnings_exhibit,43979,/Users/aeternusholdings/Documents/GitHub/AeternusHoldings/cache/sec/sec_docs_text/PTON_000163982522000132_q12023shareholderletter.htm.txt,18,,2,2,1,1,4,1,1,neutral,-3,turnaround_and_cost_reduction,Gross margin recovery and FCF improvement amid ongoing subscriber pressure,"Gross margin improved sequentially from negative 4.4% in 4Q22 to positive 35.2% in 1Q23, adjusted EBITDA improved from negative $289 million to negative $33 million, and free cash flow improved from negative $747 million to negative $246 million.","1Q23 revenue fell short of guidance, management expects continued pressure on App subscription count, and recall-related reserve and logistics expenses remain a drag.",high,
S000150,2022Q4,RBLX,2022-10-17,$500M-$1B,mixed,2,-1,2,-1,2022-10-18,43.029999,6.3909,-7.4599,-24.4016,-36.8115,-13.7346,0001315098-22-000148,rblx-20221017xexhibit991.htm,earnings_exhibit,4716,/Users/aeternusholdings/Documents/GitHub/AeternusHoldings/cache/sec/sec_docs_text/RBLX_000131509822000148_rblx-20221017xexhibit991.htm.txt,17,,1,2,1,1,3,2,0,neutral,0,currency_and_revenue_recognition_adjustment,Bookings growth offset by FX and revenue estimate revision,"Estimated bookings were up 11% to 15% year over year, daily active users were up 23%, and hours engaged were up 16%.","Estimated revenue was down 2% to up 3%, foreign currency reduced the year-over-year bookings growth rate, and a paying user life estimate update lowered July and August estimated revenue by about $81 million combined.",high,
S000152,2022Q4,RDNW,2022-11-09,$100M-$500M,weak,-4,-1,-1,-1,2022-11-10,10.610000,-29.5947,-28.0867,-32.6107,-24.3167,-16.0226,0001596961-22-000027,rmbl-991earningrelease9302.htm,earnings_exhibit,29897,/Users/aeternusholdings/Documents/GitHub/AeternusHoldings/cache/sec/sec_docs_text/RDNW_000159696122000027_rmbl-991earningrelease9302.htm.txt,18,,1,2,0,0,4,1,-2,deteriorating,-3,margin_pressure_and_segment_slowdown,Automotive and Powersports softness with lower EBITDA outlook,"Management noted strength in Powersports offsetting Automotive decline, but the packet still shows total unit sales of 19,908 and revenue of $470.3 million.","Adjusted EBITDA fell 42.1% sequentially, gross profit margin compressed, cash from operating activities was only $4.7 million for the nine months ended September 30, and management revised outlook due to lower realized gross margin and no SG&A leverage.",high,
S000158,2022Q4,RSI,2022-11-02,$100M-$500M,weak,-3,-1,-1,-1,2022-11-03,3.850000,4.4156,-9.8701,-5.4545,-4.6753,18.1818,0001793659-22-000082,rsi-20223009exhibit991.htm,earnings_exhibit,20979,/Users/aeternusholdings/Documents/GitHub/AeternusHoldings/cache/sec/sec_docs_text/RSI_000179365922000082_rsi-20223009exhibit991.htm.txt,18,,1,2,1,0,4,2,-2,deteriorating,-3,revenue_growth_with_headwinds,Record revenue offset by hold-rate and FX pressure,Record revenues for the 14th straight quarter; revenue up 20% YoY; company says it is progressing toward profitability goals.,Adjusted EBITDA loss widened slightly; company explicitly cut 2022 revenue guidance due to currency fluctuations and third-quarter results; future numbers could come down.,high,
S000161,2022Q4,SFIX,2022-12-06,$1B-$2B,mixed,2,-1,1,1,2022-12-07,3.570000,-13.7255,-22.4090,1.9608,32.4930,39.2157,0001576942-22-000094,exhibit991-q123.htm,earnings_exhibit,17271,/Users/aeternusholdings/Documents/GitHub/AeternusHoldings/cache/sec/sec_docs_text/SFIX_000157694222000094_exhibit991-q123.htm.txt,18,,2,1,1,1,3,2,0,neutral,0,cost_actions_and_margin_reset,Cost structure rightsizing and adjusted EBITDA beat,"Management says it is enhancing client experience, rightsizing cost structure, evolving marketing, and deepening differentiators; adjusted EBITDA beat Q1 expectations and FY23 adjusted EBITDA guidance improved; revenue was $455.6 million and operating cash flow reconciliation is disclosed.","Revenue declined year over year to $455.6 million, net loss was $(55.9) million, gross profit fell, and the filing explicitly notes uncertainty around outlook and inability to reconcile some non-GAAP guidance to GAAP net income.",high,
S000162,2022Q4,SG,2022-11-08,$100M-$500M,weak,-4,-1,-1,-1,2022-11-09,15.510000,-18.4397,-12.3791,-31.9149,-45.6480,-29.8517,0001628280-22-028916,q322sweetgreenearningsrele.htm,earnings_exhibit,33057,/Users/aeternusholdings/Documents/GitHub/AeternusHoldings/cache/sec/sec_docs_text/SG_000162828022028916_q322sweetgreenearningsrele.htm.txt,18,,1,1,1,0,4,2,-3,deteriorating,-3,growth_with_margin_pressure,Expansion narrative with lowered revenue outlook,"Company frames itself as building a national brand and cites expansion plans; adjusted EBITDA loss narrowed to $6.8 million from $14.1 million; revenue reached $124.0 million, up from $95.8 million.","Full-year 2022 outlook was revised to the lower end or slightly below the prior range; loss from operations widened to $(49.3) million and loss margin worsened to (40)%; filing highlights competitive, macro, and customer-behavior risks.",high,
S000169,2022Q4,TRUP,2022-11-03,$100M-$500M,weak,-1,-1,-1,1,2022-11-04,40.880001,41.0470,32.4119,27.9110,11.5949,65.9002,0001371285-22-000255,ex991q32022.htm,earnings_exhibit,23655,/Users/aeternusholdings/Documents/GitHub/AeternusHoldings/cache/sec/sec_docs_text/TRUP_000137128522000255_ex991q32022.htm.txt,18,,1,2,1,0,4,2,-2,deteriorating,-3,growth_and_profitability_mix,Revenue and membership growth offset by widening losses and negative cash flow,Total revenue rose 29% YoY to $233.8M; subscription revenue rose 20%; enrolled pets rose 19%; total enrolled pets rose 30%.,Net loss widened to $(12.9)M from $(6.8)M; adjusted EBITDA fell to $(0.9)M from $2.2M; operating cash flow was $(2.3)M and free cash flow $(6.4)M in Q3 2022.,high,
S000182,2022Q4,WYNN,2022-11-09,$2B-$10B,weak,-2,-1,-1,1,2022-11-10,71.959999,3.3074,16.2590,20.0806,31.0867,43.9967,0001174922-22-000148,ex991wrlq32022pressrelease.htm,earnings_exhibit,31342,/Users/aeternusholdings/Documents/GitHub/AeternusHoldings/cache/sec/sec_docs_text/WYNN_000117492222000148_ex991wrlq32022pressrelease.htm.txt,18,,1,2,0,1,4,2,-2,deteriorating,-3,regional_mixed_with_macao_headwind,North America strength offset by Macau COVID restrictions,Adjusted Property EBITDA increased year over year; Las Vegas and Wynn Interactive improved; North American properties posted a third-quarter record; net loss improved versus prior year.,Macau results deteriorated sharply; company cites COVID-related travel restrictions; casino revenue fell in Macau; future capital intensity and cost of capital not reflected in Adjusted Property EBITDA.,high,
S000193,2023Q2,AFRM,2023-05-09,$500M-$1B,weak,-4,-1,-1,-1,2023-05-10,12.110000,19.9835,21.7176,43.6003,22.0479,30.4707,0001820953-23-000011,afrm-fq323shareholderlet.htm,earnings_exhibit,55914,/Users/aeternusholdings/Documents/GitHub/AeternusHoldings/cache/sec/sec_docs_text/AFRM_000182095323000011_afrm-fq323shareholderlet.htm.txt,18,,2,3,1,0,4,2,0,neutral,-3,credit_and_usage,Transaction frequency and credit performance improvement,Transactions per active consumer grew 34%; delinquencies after 30 days excluding Peloton and Pay in 4 declined sequentially to 2.5%; company said it expects a sustained profitability run rate exiting fiscal 2023.,Operating margin remained deeply negative at (81)% and adjusted operating margin (2)%; net loss and cash burn remained large; outlook still implied negative adjusted operating margin for Q4 and FY23.,high,
S000199,2023Q2,AMC,2023-05-05,$500M-$1B,weak,-2,-1,-1,1,2023-05-08,58.299999,-13.0360,-20.5832,-18.8679,-27.9588,-12.1784,0001411579-23-000046,amc-20230505xex99d1.htm,earnings_exhibit,44757,/Users/aeternusholdings/Documents/GitHub/AeternusHoldings/cache/sec/sec_docs_text/AMC_000141157923000046_amc-20230505xex99d1.htm.txt,18,,2,2,1,1,4,1,1,neutral,-3,recovery_and_liquidity,Positive adjusted EBITDA recovery funded by equity issuance,Revenue grew more than 21%; adjusted EBITDA improved by $68.8 million to $7.1 million; this was the first of two consecutive quarters of positive adjusted EBITDA since March 2020; the company raised gross proceeds from APE sales.,"Net loss remained large, the business still referenced financing and available borrowing capacity risks, and the improvement was supported by ATM/APE issuances rather than clear operating profitability.",high,
S000202,2023Q2,APPN,2023-05-09,$100M-$500M,weak,-4,-1,-1,-1,2023-05-10,37.439999,9.8558,10.7372,28.4989,34.5086,28.8729,0001441683-23-000048,appnex991earningsrelease-0.htm,earnings_exhibit,21460,/Users/aeternusholdings/Documents/GitHub/AeternusHoldings/cache/sec/sec_docs_text/APPN_000144168323000048_appnex991earningsrelease-0.htm.txt,18,,1,2,1,1,4,1,0,neutral,-3,revenue_growth,Cloud subscription revenue growth,Cloud subscription revenue increased 31% year over year to $69.7 million; total subscriptions revenue and professional services revenue also grew.,Adjusted EBITDA loss widened to $(15.8) million and guidance calls for continued losses; company flags risks around sustaining revenue growth and market acceptance.,high,
S000218,2023Q2,BNED,2023-05-31,$1B-$2B,mixed,1,-1,1,0,2023-06-01,136.000000,-21.3235,-11.0294,19.1176,8.0882,-3.6765,0001193125-23-157896,d461747dex991.htm,earnings_exhibit,14550,/Users/aeternusholdings/Documents/GitHub/AeternusHoldings/cache/sec/sec_docs_text/BNED_000119312523157896_d461747dex991.htm.txt,18,,2,2,1,1,4,2,0,neutral,-3,cost reduction / business mix shift,Cost cuts and shift toward higher-margin FDC model after DSS sale,"Company says sale of DSS lets it focus on Retail, FDC, and general merchandise; management cites substantial progress on cost reductions and expects improved adjusted EBITDA in fiscal 2024.",Fiscal 2023 adjusted EBITDA from continuing operations is below guidance due to lower revenue and lower gross profits; secular decline in enrollment and digital mix pressure remain explicit; leverage/liquidity remain important.,high,
S000225,2023Q2,CMCO,2023-04-26,$500M-$1B,weak,-2,-1,1,-1,2023-04-27,33.590000,2.5901,6.1923,10.4793,20.6609,22.0899,0001005229-23-000065,projectphoenix-cleanuvzx.htm,earnings_exhibit,113083,/Users/aeternusholdings/Documents/GitHub/AeternusHoldings/cache/sec/sec_docs_text/CMCO_000100522923000065_projectphoenix-cleanuvzx.htm.txt,18,,0,0,0,0,2,3,-5,deteriorating,-3,none,none,Packet is mostly transaction/legal text. No earnings-release operating story or clear financial improvement evidence.,"Earn-out structure tied to 2023 EBITDA includes downside condition at or below EUR 7,000,000 and no business-performance release context.",high,Not an earnings-release evidence packet; no readable operating results or management narrative on core business performance.
S000233,2023Q2,CWK,2023-05-04,$2B-$10B,weak,-2,-1,-1,0,2023-05-05,8.900000,-13.4831,-13.0337,-6.7416,-6.4045,13.5955,0001628369-23-000008,cwk-ex991q12023.htm,earnings_exhibit,38695,/Users/aeternusholdings/Documents/GitHub/AeternusHoldings/cache/sec/sec_docs_text/CWK_000162836923000008_cwk-ex991q12023.htm.txt,18,,2,3,1,1,4,1,2,neutral,-3,cyclical demand / transaction revenue decline,lower leasing and capital markets revenue from weaker commercial real estate demand,Net loss and Adjusted EBITDA were heavily affected by declining leasing and capital markets revenue; recurring revenue service lines helped mitigate lower transactional demand; cost savings initiatives included headcount reductions.,"Management cited macroeconomic disruption, weak commercial real estate demand, client-business disruption, and lower transaction volumes; Adjusted EBITDA fell 72% and net loss widened.",high,
S000235,2023Q2,CZR,2023-05-02,$2B-$10B,mixed,2,-1,1,1,2023-05-03,45.509998,-2.3511,-7.1633,-1.4283,11.1844,26.9831,0001590895-23-000076,ex991-2023q1ceiearningsrel.htm,earnings_exhibit,15115,/Users/aeternusholdings/Documents/GitHub/AeternusHoldings/cache/sec/sec_docs_text/CZR_000159089523000076_ex991-2023q1ceiearningsrel.htm.txt,18,,2,3,1,1,4,1,2,neutral,-3,operating recovery with leverage constraints,record Las Vegas EBITDA and improved Caesars Digital performance,"Same-store Adjusted EBITDA hit a record, Caesars Digital improved substantially, and GAAP net loss narrowed versus prior year.",Release highlights liquidity and capital structure as an area of intense focus; debt extinguishment and lease-related burdens remain material.,medium,
S000237,2023Q2,DBD,2023-05-03,$2B-$10B,mixed,1,-1,1,0,2023-08-14,24.000000,-16.0417,-27.5417,-25.1667,-21.7083,-9.4167,0000028823-23-000098,ex-991q12023erlive.htm,earnings_exhibit,36326,/Users/aeternusholdings/Documents/GitHub/AeternusHoldings/cache/sec/sec_docs_text/DBD_000002882323000098_ex-991q12023erlive.htm.txt,18,,2,3,1,1,4,1,2,neutral,-3,operational turnaround with liquidity risk,"better revenue, gross profit, and operating momentum amid refinancing pressure","Revenue and gross profit improved year over year, operating loss narrowed sharply, and management described stronger execution and operating momentum.",Outlook is explicitly contingent on bank and lender conversations regarding short- and long-term liquidity and capital structure; liquidity remains a major focus.,high,
S000240,2023Q2,DK,2023-04-05,$2B-$10B,weak,-1,-1,-1,0,2023-04-06,23.610001,-2.6260,-9.2757,-9.2334,-4.8708,-3.7696,0001694426-23-000026,dkapril2023investorslide.htm,earnings_exhibit,16005,/Users/aeternusholdings/Documents/GitHub/AeternusHoldings/cache/sec/sec_docs_text/DK_000169442623000026_dkapril2023investorslide.htm.txt,16,,0,0,0,0,2,2,-4,deteriorating,-3,balance sheet / valuation presentation,illustrative value-return framing with debt and cash disclosure,"Packet contains capital structure figures, cash, debt, and illustrative equity value ranges tied to shareholder value framing.",No actual quarterly operating results or hard business-change evidence are provided in the snippets; content is largely forward-looking and valuation-oriented.,low,"Evidence packet lacks operational results, so business-change scoring is necessarily conservative."
S000248,2023Q2,EQT,2023-04-13,$2B-$10B,mixed,0,-1,2,0,2023-04-14,33.000000,-0.7879,-5.9394,6.4848,18.0000,19.4242,0000033213-23-000010,eqt-20230413.htm,primary_8k,3545,/Users/aeternusholdings/Documents/GitHub/AeternusHoldings/cache/sec/sec_docs_text/EQT_000003321323000010_eqt-20230413.htm.txt,11,,1,1,0,0,2,2,-2,deteriorating,-3,derivative_gain,Preliminary derivative gain and cash settlements,The filing says EQT expects to report a total gain on derivatives of $825M for Q1 2023 and net cash settlements received on derivatives of $157M.,Amounts are preliminary and subject to change; no operating business result is provided in the packet; this is a single-period derivative mark rather than evidence of underlying operating improvement.,medium,
S000258,2023Q2,FLNC,2023-05-10,$100M-$500M,weak,-4,-1,-1,-1,2023-05-11,22.150000,2.9797,11.9639,23.9278,15.5756,25.2370,0001868941-23-000041,flncq2fy23earningspressrel.htm,earnings_exhibit,38224,/Users/aeternusholdings/Documents/GitHub/AeternusHoldings/cache/sec/sec_docs_text/FLNC_000186894123000041_flncq2fy23earningspressrel.htm.txt,18,,2,2,1,1,4,1,1,neutral,-3,profitability_timeline_and_backlog,Improving margins and backlog with near-term breakeven guidance,Revenue rose to $698.2M from $342.7M; gross profit turned positive; backlog and pipeline increased; management says it is pulling forward profitability timeline toward Q4 FY2023 Adjusted EBITDA breakeven.,"Still negative Adjusted EBITDA and net loss; explicit caution that backlog and pipeline may fail to convert to revenue, affecting revenue, profitability, and liquidity.",high,Guidance is forward-looking and conditional; evidence supports improvement but not a durable profit inflection yet.
S000263,2023Q2,GDRX,2023-04-25,$500M-$1B,mixed,2,-1,2,-1,2023-04-26,5.650000,-18.4071,-10.2655,-2.4779,-4.6018,17.1681,0001193125-23-115360,d436463dex991.htm,earnings_exhibit,7400,/Users/aeternusholdings/Documents/GitHub/AeternusHoldings/cache/sec/sec_docs_text/GDRX_000119312523115360_d436463dex991.htm.txt,16,,1,0,0,0,2,2,-3,deteriorating,-3,leadership_change,Interim CEO appointment,Packet shows management change and references a good start to the year with Monthly Active Consumers in expected range; company cites large consumer savings base.,"Primary event is leadership transition, not operating evidence; no hard quarterly financials in packet to support a business inflection.",high,Insufficient quarter-specific operating numbers in packet; cannot score a business-change thesis confidently.
S000265,2023Q2,GRPN,2023-05-10,$100M-$500M,weak,-2,-1,-1,1,2023-05-11,3.740000,21.1230,44.3850,34.7594,79.6791,112.2995,0001490281-23-000054,a2023q18-kxexhibit991.htm,earnings_exhibit,36031,/Users/aeternusholdings/Documents/GitHub/AeternusHoldings/cache/sec/sec_docs_text/GRPN_000149028123000054_a2023q18-kxexhibit991.htm.txt,18,,2,1,1,1,4,2,-1,deteriorating,-3,cost restructuring / turnaround,Transformation plan and annualized cost removal,Release says transformation plan on track to remove $250.0 million of annualized costs by end of 2023; adjusted EBITDA improved to negative $4.9 million from negative $7.0 million; net loss narrowed year over year.,"International active customers fell 3% sequentially and 11% year over year, North America revenue fell 19%, international revenue fell 25%, operating cash flow was negative, and filing warns of execution, marketing, currency, and regulatory risks.",high,
S000271,2023Q2,IAC,2023-05-09,$1B-$2B,mixed,0,-1,1,1,2023-05-10,49.983593,-1.2473,-9.4371,-2.8393,6.2695,10.0936,0001104659-23-057750,tm2315072d1_ex99-1.htm,earnings_exhibit,39443,/Users/aeternusholdings/Documents/GitHub/AeternusHoldings/cache/sec/sec_docs_text/IAC_000110465923057750_tm2315072d1_ex99-1.htm.txt,18,,1,1,0,1,2,2,-1,deteriorating,-3,mixed portfolio / accounting-driven results,Free cash flow improvement offset by operating declines and investment noise,"Free cash flow improved to $3.3 million, and some segments show operating income or EBITDA improvement versus prior year.","Total revenue fell 18%, operating loss widened, Search revenue declined 32%, and headline earnings are heavily affected by unrealized MGM investment gains and losses, which weakens operating signal quality.",medium,
S000275,2023Q2,JBLU,2023-04-25,$2B-$10B,weak,-4,-1,-1,-1,2023-04-26,6.820000,3.6657,-0.1466,0.1466,18.0352,15.5425,0001158463-23-000006,ex991-earningsreleaseq12023.htm,earnings_exhibit,25126,/Users/aeternusholdings/Documents/GitHub/AeternusHoldings/cache/sec/sec_docs_text/JBLU_000115846323000006_ex991-earningsreleaseq12023.htm.txt,18,,1,2,1,1,4,1,0,neutral,-3,demand_and_cost_execution,Strong revenue growth offset by high cost inflation and merger uncertainty,"Record first quarter revenue; passenger revenue up 36.1%; guidance and commentary cite robust demand, continued commercial momentum, and better-than-guidance revenue/CASM ex-fuel.",Net loss remained large; operating expenses rose 34.1%; narrative depends on continued demand and execution; explicit merger litigation/approval risks and broad uncertainty create high revision risk.,medium,
S000280,2023Q2,LESL,2023-05-03,$100M-$500M,weak,-2,-1,-1,1,2023-05-04,212.800003,-1.3158,-8.4586,-3.9474,-10.0564,-39.0038,0000950170-23-017214,lesl-ex99_1.htm,earnings_exhibit,26379,/Users/aeternusholdings/Documents/GitHub/AeternusHoldings/cache/sec/sec_docs_text/LESL_000095017023017214_lesl-ex99_1.htm.txt,18,,2,2,1,1,4,2,0,neutral,-3,seasonality_and_inventory_pressure,Full-year guidance held despite weak quarter and gross margin compression,"Company reaffirmed full-year sales, gross profit, net income, adjusted net income, adjusted EBITDA, and EPS outlook; management cites pool season and diversified growth initiatives as support.",Quarterly sales down; gross profit down 16.9%; gross margin down to 33.4%; adjusted EBITDA turned negative; comparable sales down 13.5%; cash down sharply due to inventory and acquisitions; heavy inventory build and margin pressure raise revision risk.,high,
S000283,2023Q2,LIVN,2023-04-14,$500M-$1B,weak,-4,-1,-1,-1,2023-04-17,42.910000,11.1862,9.8112,7.3409,15.9636,22.4889,0001639691-23-000037,boardannouncement.htm,earnings_exhibit,3907,/Users/aeternusholdings/Documents/GitHub/AeternusHoldings/cache/sec/sec_docs_text/LIVN_000163969123000037_boardannouncement.htm.txt,13,,0,1,0,0,1,2,-2,deteriorating,-3,leadership_transition,CEO resignation and interim CEO appointment,"The packet says preliminary first quarter 2023 reported revenue was $263M, up 9% year over year.","Core event is a CEO resignation and interim replacement, with no operating detail beyond preliminary revenue. No evidence of a business inflection in the packet itself.",low,
S000287,2023Q2,LUV,2023-04-27,$2B-$10B,weak,-4,-1,-1,-1,2023-04-28,29.879999,-0.9705,0.2677,-0.2677,17.9719,10.5087,0000092380-23-000021,er-3312023xerdoc.htm,earnings_exhibit,51058,/Users/aeternusholdings/Documents/GitHub/AeternusHoldings/cache/sec/sec_docs_text/LUV_000009238023000021_er-3312023xerdoc.htm.txt,18,,2,2,0,1,4,2,-1,deteriorating,-3,demand_and_capacity_shock,Booking slowdown and Boeing delivery delays,"First quarter operating revenues were a record $5.7B, RASM increased 9.8%, and management said March demand and revenue trends were strong with solid profitability. Full-year commentary still expects profitability.","Management cut 2023 Boeing 737-8 delivery expectations from about 90 to about 70, lowered capacity guidance, cited cancellations and booking deceleration in January and February, and said second quarter RASM guidance includes a large headwind. Future numbers can come down if delivery delays or booking softness persist.",medium,
S000292,2023Q2,MBLY,2023-04-27,$500M-$1B,weak,-1,-1,2,-1,2023-04-28,36.910000,5.7708,5.9604,25.5486,1.6798,2.9802,0001104659-23-050649,tm2313666d1_ex99-1.htm,earnings_exhibit,26404,/Users/aeternusholdings/Documents/GitHub/AeternusHoldings/cache/sec/sec_docs_text/MBLY_000110465923050649_tm2313666d1_ex99-1.htm.txt,18,,2,2,1,1,5,2,-1,deteriorating,-3,guidance_cut_and_demand_slowdown,reduced SuperVision shipment forecast and lowered annual guidance,Revenue increased 16% year over year to $458 million and operating cash flow was $171 million; gross margin in the quarter was roughly flat year over year.,"Management said headwinds in China lowered EV demand, reduced the 2023 SuperVision shipment forecast, and cut annual revenue, operating loss, and adjusted operating income guidance.",high,
S000298,2023Q2,MGNI,2023-05-10,$100M-$500M,mixed,1,-1,2,1,2023-05-11,10.620000,17.7966,11.8644,25.3296,30.0377,16.1959,0001595974-23-000017,a991-earningsq12023.htm,earnings_exhibit,35115,/Users/aeternusholdings/Documents/GitHub/AeternusHoldings/cache/sec/sec_docs_text/MGNI_000159597423000017_a991-earningsq12023.htm.txt,18,,1,1,0,0,4,2,-4,deteriorating,-3,growth_with_margin_pressure,CTV revenue growth offset by gross profit collapse and larger loss,"Revenue and revenue ex-TAC grew year over year, and CTV revenue ex-TAC increased 10% year over year; adjusted EBITDA margin was described as 20% for the quarter.","Gross profit fell 91%, net loss widened sharply, adjusted EBITDA declined 19%, and the packet includes explicit macro/ad-demand acquisition risks and inability to provide forward non-GAAP reconciliations.",high,
S000300,2023Q2,MQ,2023-05-09,$100M-$500M,weak,-2,-1,-1,1,2023-05-10,4.410000,7.4830,7.4830,7.2562,14.2857,12.4717,0001522540-23-000023,mqearningsrelease-q1x2023.htm,earnings_exhibit,23003,/Users/aeternusholdings/Documents/GitHub/AeternusHoldings/cache/sec/sec_docs_text/MQ_000152254023000023_mqearningsrelease-q1x2023.htm.txt,18,,1,1,0,0,5,2,-5,deteriorating,-3,cost_restructuring_and_growth_slowdown,efficiency actions amid weak profitability,Net revenue grew 31% year over year and gross profit grew 19%; management announced restructuring actions to reduce operating expenses by $40-$45 million annual run rate.,Guidance for Q2 adjusted EBITDA margin is negative 4% to 6%; gross margin fell from 45% to 41%; operating expenses rose 42%; net loss increased and the company is cutting costs to move toward profitability.,high,
S000306,2023Q2,NE,2023-05-04,$100M-$500M,weak,-2,-1,-1,1,2023-05-05,37.849998,-1.1625,4.2536,6.1823,14.8217,39.1810,0001628280-23-015366,exhibit991-2023q1pressrele.htm,earnings_exhibit,23543,/Users/aeternusholdings/Documents/GitHub/AeternusHoldings/cache/sec/sec_docs_text/NE_000162828023015366_exhibit991-2023q1pressrele.htm.txt,18,,1,2,1,1,4,1,0,neutral,-3,backlog_and_refinancing,backlog_growth_and_capital_structure_reset,"Q1 revenue, net income, and adjusted EBITDA were materially higher year over year; backlog expanded to $4.6 billion with $1.1 billion of new contracts, and management says refinancing completed with a streamlined capital structure.",Management says jackup demand remains soft through 2023 and improving demand is expected only later in 2024; free cash flow was negative and working capital expansion hurt cash flow.,high,
S000312,2023Q2,OFIX,2023-05-09,$100M-$500M,weak,-2,-1,-1,1,2023-05-10,18.459999,10.0217,1.1376,3.2503,-0.1625,-2.7086,0000950170-23-019696,ofix-ex99_1.htm,earnings_exhibit,17748,/Users/aeternusholdings/Documents/GitHub/AeternusHoldings/cache/sec/sec_docs_text/OFIX_000095017023019696_ofix-ex99_1.htm.txt,18,,1,2,1,0,4,2,-2,deteriorating,-3,merger_integration_and_mix,pro_forma_growth_with_margin_pressure,"Net sales rose 12% on a pro forma constant-currency basis and bone growth therapies grew 14%, with management saying business combination disruption was minimized.","Gross margin fell sharply, adjusted EBITDA fell year over year, cash flow from operations and free cash flow were both deeply negative, and the company flagged inability to provide GAAP operating income outlook.",high,
S000322,2023Q2,PLCE,2023-05-24,$1B-$2B,weak,-1,-1,-1,0,2023-05-25,18.680000,-16.9700,2.2484,13.1156,57.8694,44.5396,0001104659-23-063865,tm2316555d1_ex99-1.htm,earnings_exhibit,17491,/Users/aeternusholdings/Documents/GitHub/AeternusHoldings/cache/sec/sec_docs_text/PLCE_000110465923063865_tm2316555d1_ex99-1.htm.txt,18,,2,2,1,1,3,2,1,neutral,0,cost_and_inventory_recovery,abating input costs and declining inventory,Management says input cost pressures are abating and inventory levels should continue to decline versus last year; it expects double-digit operating margin and adjusted EPS above $5.00 in the back half of 2023.,"Q1 net sales fell 11.2%, gross margin fell 920 bps, operating loss and adjusted operating loss widened, and management cites ongoing macro-economic headwinds and cautious consumer outlook.",high,
S000327,2023Q2,PTON,2023-05-04,$2B-$10B,weak,-3,-1,-1,-1,2023-05-05,7.750000,-4.0000,-9.8065,5.5484,6.1935,16.7742,0001639825-23-000061,q32023shareholderletter.htm,earnings_exhibit,45346,/Users/aeternusholdings/Documents/GitHub/AeternusHoldings/cache/sec/sec_docs_text/PTON_000163982523000061_q32023shareholderletter.htm.txt,18,,1,2,1,1,4,2,-1,deteriorating,-3,cost_restructuring_and_subscription_mix,gross profit and adjusted EBITDA improvement amid still-weak demand,"Gross profit improved year over year, Adjusted EBITDA loss narrowed materially, free cash flow loss improved, and management says the commercial business has strong momentum.","Revenue guidance is below prior year, gross margin remains weak versus guidance, app subscriptions are expected to face pressure, and risk language emphasizes profitability, subscriber, and recall-related uncertainty.",high,
S000340,2023Q2,RUN,2023-05-03,$100M-$500M,weak,-4,-1,-1,-1,2023-05-04,18.740000,-11.3127,-11.8997,-1.3340,-4.5891,-4.8026,0001469367-23-000117,exhibit991q123.htm,earnings_exhibit,45301,/Users/aeternusholdings/Documents/GitHub/AeternusHoldings/cache/sec/sec_docs_text/RUN_000146936723000117_exhibit991q123.htm.txt,18,,2,2,1,1,4,2,0,neutral,-3,partnership_and_deployment_growth,Ford partnership and installation ramp,"Company says Ford partnership is gaining momentum; over 2,000 Ford Charge Station Pro orders and installs are ramping rapidly; Q1 solar energy capacity installed and net subscriber value exceeded guidance.","Packet shows heavy reliance on guidance and forward-looking statements, with weak fundamental profile signals and financing dependence; no hard evidence of sustained profitability or durable cash generation in the snippets.",medium,
S000344,2023Q2,SIG,2023-06-08,$1B-$2B,weak,-2,-1,-1,1,2023-06-09,61.270000,2.2360,6.0552,17.4474,33.9481,23.2414,0000832988-23-000149,fy24ex99106x08x23pressrele.htm,earnings_exhibit,38469,/Users/aeternusholdings/Documents/GitHub/AeternusHoldings/cache/sec/sec_docs_text/SIG_000083298823000149_fy24ex99106x08x23pressrele.htm.txt,18,,2,2,1,1,4,2,0,neutral,-3,cost_savings_and_macro_softness,Cost savings offsetting weaker demand,"Management raised full-year cost savings target to $225M-$250M and says it is maintaining strategic investments; operating income was $101.7M versus near breakeven prior year, supported by cost actions.","Sales fell 9.3%; same-store sales declined 13.9%; company says guidance revision reflects a recent deceleration in trends and softer macro environment, which raises future revision risk.",high,
S000345,2023Q2,SKYW,2023-04-27,$2B-$10B,mixed,0,-1,2,0,2023-04-28,24.650000,10.9939,16.0243,23.0426,58.9047,60.8519,0001558370-23-007048,skyw-20230427xex99d1.htm,earnings_exhibit,15309,/Users/aeternusholdings/Documents/GitHub/AeternusHoldings/cache/sec/sec_docs_text/SKYW_000155837023007048_skyw-20230427xex99d1.htm.txt,18,,2,1,1,1,3,2,0,neutral,0,capacity_purchase_contracts,deferred revenue from fixed monthly cash payments and production-driven rate changes,"Q1 2023 showed a $63 million revenue deferral tied to flying contracts; deferred revenue increased from fixed monthly cash payments, and revenue rates rose with production. Management also cited continued high demand and repurchased 10% of shares.","Reported net loss of $22 million and pre-tax loss of $26 million; operating expenses rose 2% from higher pilot pay; cautionary language highlights COVID, captain shortage, and execution risk.",high,
S000346,2023Q2,SLQT,2023-05-10,$500M-$1B,weak,-4,-1,-1,-1,2023-05-11,1.680000,13.0952,-4.7619,4.7619,7.1429,-3.5714,0001794783-23-000048,selectquoteincmarch312023pr.htm,earnings_exhibit,32858,/Users/aeternusholdings/Documents/GitHub/AeternusHoldings/cache/sec/sec_docs_text/SLQT_000179478323000048_selectquoteincmarch312023pr.htm.txt,18,,2,2,1,1,4,1,1,neutral,-3,unit_economics_and_mix,SelectRx scaling and stronger Senior unit economics,"Revenue and adjusted EBITDA improved, guidance was raised, and management said SelectRx is increasingly benefiting the financial profile with accelerated cash flow dynamics; Senior unit economics were described as substantially enhanced.",Net loss guidance remained negative; disclosure shows heavy non-GAAP reliance and commission lifetime value pressure in some products; future execution and visibility remain uncertain.,high,
S000347,2023Q2,SMHI,2023-04-21,$100M-$500M,weak,-2,-1,-1,1,2023-04-24,8.180000,1.5892,-5.5012,-3.4230,37.0416,47.9218,0001193125-23-109101,d482733dex991.htm,earnings_exhibit,45356,/Users/aeternusholdings/Documents/GitHub/AeternusHoldings/cache/sec/sec_docs_text/SMHI_000119312523109101_d482733dex991.htm.txt,18,,2,1,1,1,2,2,1,neutral,0,offshore_day_rates_and_utilization,"improving day rates, utilization, and contract backlog","Packet points to improving day rates and utilization, accelerating revenue growth, and growing contract backlog; management frames a rebound in offshore activity and vessel demand.","The packet is mostly presentation material and historical slides, with a disclaimer that illustrative cash flow is not guidance; net income in the cited annual cash flow data was negative.",medium,
S000349,2023Q2,SPHR,2023-05-10,$500M-$1B,mixed,1,-1,2,1,2023-05-11,25.100000,-1.1155,-4.9004,7.6096,39.0438,60.4781,0001193125-23-140820,d420701dex991.htm,earnings_exhibit,30929,/Users/aeternusholdings/Documents/GitHub/AeternusHoldings/cache/sec/sec_docs_text/SPHR_000119312523140820_d420701dex991.htm.txt,18,,1,1,1,1,3,2,-1,deteriorating,-3,construction_cost_overrun_and_project_completion,Sphere construction cost increase and ongoing losses,"Revenues increased modestly, entertainment revenues benefited from specific events, and management said construction nears completion of Sphere in Las Vegas.","Operating loss widened, adjusted operating loss widened, and construction cost estimate rose to about $2.3 billion from $2.175 billion due to complexity, which weakens the story and raises execution risk.",high,
S000351,2023Q2,SWIM,2023-05-09,$100M-$500M,weak,-4,-1,-1,-1,2023-05-10,3.300000,6.6667,17.5758,3.6364,9.6970,34.8485,0001104659-23-057468,tm2315081d1_ex99.htm,earnings_exhibit,25513,/Users/aeternusholdings/Documents/GitHub/AeternusHoldings/cache/sec/sec_docs_text/SWIM_000110465923057468_tm2315081d1_ex99.htm.txt,18,,2,2,1,1,4,1,1,neutral,-3,demand_mix_and_channel_normalization,fiberglass momentum offsetting pool market and wholesale destocking headwinds,"Management cites continued progress converting concrete to fiberglass, affirms full-year guidance, and says operational execution supported first-quarter results despite macro pressure.","Net sales fell 28.1%, net loss widened, the pool market and wholesale channel remain headwinds through at least the first half, and macro weakness is explicitly highlighted.",high,
S000353,2023Q2,TEAD,2023-05-09,$100M-$500M,weak,-2,-1,-1,1,2023-05-10,3.670000,20.7084,22.3433,28.3379,39.2371,49.5913,0001454938-23-000061,q12023er-exhibit991.htm,earnings_exhibit,28415,/Users/aeternusholdings/Documents/GitHub/AeternusHoldings/cache/sec/sec_docs_text/TEAD_000145493823000061_q12023er-exhibit991.htm.txt,18,,2,2,1,1,4,1,1,neutral,-3,demand_pressure,weaker demand / lower yields on platform,Revenue decline tied to weaker demand and lower yields; adjusted EBITDA remained positive at $0.7 million; full-year guidance reiterated at at least $237 million ex-TAC gross profit and at least $28 million adjusted EBITDA.,Net revenue retention fell to 80%; lower revenue of about $51.6 million; operating cash flow and free cash flow were negative; use of cash tied to delayed collections and macro pressure on ad spend.,high,
S000360,2023Q2,UPWK,2023-05-03,$100M-$500M,weak,-4,-1,-1,-1,2023-05-04,6.580000,22.3404,23.1003,28.4195,38.7538,51.5198,0001627475-23-000030,final_q123upworksharehol.htm,earnings_exhibit,54969,/Users/aeternusholdings/Documents/GitHub/AeternusHoldings/cache/sec/sec_docs_text/UPWK_000162747523000030_final_q123upworksharehol.htm.txt,18,,2,2,2,2,5,2,1,neutral,-3,cost_restructuring,cost reduction and focus on target client industries,"Management is taking cost reduction actions, narrowing customer focus, and raising full-year adjusted EBITDA guidance to $36 million to $40 million; brand awareness and GSV per active client improved.",Management explicitly says it lowered topline revenue growth expectations; second-quarter revenue guidance is only $161 million to $164 million; adjusted EBITDA loss widened in Q1; one-time severance costs included; future revenue outlook was cut.,high,
