sample_id,quarter,ticker,event_date,revenue_bucket,pre_llm_fundamental_bucket,pre_llm_fundamental_score,profitability_score,operating_cash_flow_score,financing_dependence_score,tradable_date,entry_open,return_10d_pct,return_20d_pct,return_30d_pct,return_60d_pct,return_90d_pct,accession,exhibit_doc,source_doc_type,text_len,text_path,snippet_count,quality_flags,score_change,entry_qoq_pct,hp1_quality_pullback,hp2_dislocation_momentum_priority,hp2_dislocation_momentum_watch,hp3_large_quality_theme_exception,hp4_score_reacceleration_watch,hp_production_extension,hp_research_extension,causal_change,proof_alignment,durability,operating_leverage_quality,negative_revision_risk,story_vs_numbers_gap_penalty,narrative_delta_score,narrative_delta_bucket,score_addition,detected_driver_category,detected_driver_name,evidence_positive,evidence_risk,confidence,blocking_issues,post_llm_fundamental_score,post_llm_fundamental_bucket,post_llm_score_delta,post_llm_candidate_flag,post_llm_high_priority_flag,post_llm_demote_flag,post_llm_tier_1_1_flag,post_llm_tier_1_2_flag,post_llm_tier_1_3_flag,post_llm_tier_1_4_flag,post_llm_tier_2_1_flag,post_llm_tier_2_2_flag,post_llm_tier_2_3_flag,post_llm_tier_3_1_flag,post_llm_tier_3_2_flag,post_llm_tier_3_3_flag,post_llm_tier_3_4_flag,post_llm_tier_4_1_flag,post_llm_tier_4_2_flag,post_llm_tier_4_3_flag,post_llm_sub_tier_bucket
HPX000001,2021Q4,AAPL,2021-10-28,>$10B,strong,8,2,2,1,2021-10-29,147.220001,2.1872,7.2341,8.8439,21.7837,8.1511,0000320193-21-000104,a8-kex991q4202109252021.htm,earnings_exhibit,14050,/Users/aeternusholdings/Documents/GitHub/AeternusHoldings/cache/sec/sec_docs_text/AAPL_000032019321000104_a8-kex991q4202109252021.htm.txt,18,,,,,,,HP3 - Large-revenue theme-leader exception,,HP production extension,HP research extension,2,3,2,1,1,0,7,inflecting,3,ecosystem_growth,"record September quarter revenue, Services and Mac all-time highs, installed base all-time high","Revenue was $83.4 billion, up 29% year over year; Services and Mac revenue reached all-time highs; record sales, loyalty, and ecosystem strength drove active installed base to a new all-time high.","Forward-looking risk language cites COVID-19, global and regional economic conditions, and effects on consumer and business purchasing decisions.",high,,11,strong,3,1,0,0,0,0,0,0,0,0,0,0,0,0,0,0,0,0,
HPX000002,2022Q1,AAPL,2022-01-27,>$10B,strong,8,2,2,1,2022-01-28,165.710007,3.5906,1.9130,-0.3561,7.9959,-1.2492,0000320193-22-000006,a8-kex991q1202212252021.htm,earnings_exhibit,13123,/Users/aeternusholdings/Documents/GitHub/AeternusHoldings/cache/sec/sec_docs_text/AAPL_000032019322000006_a8-kex991q1202212252021.htm.txt,17,,0.0,12.5594,,,,HP3 - Large-revenue theme-leader exception,,HP production extension,HP research extension,2,3,2,1,1,0,7,inflecting,3,product_and_services_demand,new product and services launches driving record revenue,"Revenue reached an all-time record of $123.9 billion, up 11% year over year; iPhone, Mac, Wearables, and Services revenue reached new all-time highs; customer response to recent launches drove double-digit revenue growth.","Forward-looking risk language cites COVID-19, economic conditions, and potential effects on purchasing decisions.",high,,11,strong,3,1,0,0,0,0,0,0,0,0,0,0,0,0,0,0,0,0,
HPX000003,2022Q1,BRK-B,2022-03-01,>$10B,strong,6,2,2,0,2022-03-02,319.480011,3.2866,9.5311,10.1415,-0.4038,-1.0955,0001193125-22-060362,d269783dex991.htm,earnings_exhibit,6826,/Users/aeternusholdings/Documents/GitHub/AeternusHoldings/cache/sec/sec_docs_text/BRK-B_000119312522060362_d269783dex991.htm.txt,18,,3.0,10.6271,,,,,HP4 - Fundamental reacceleration watch tag,,HP research extension,1,2,1,1,2,1,2,neutral,0,operating_earnings_and_float,operating earnings growth and insurance float expansion,Operating earnings rose to $7.285 billion in Q4 2021 from $5.021 billion in Q4 2020; full-year operating earnings rose to $27.455 billion from $21.922 billion; insurance float increased $9 billion to approximately $147 billion.,Release corrected prior footnote errors; GAAP net earnings include large investment and derivative gains/losses driven by unrealized equity-security changes.,medium,,6,strong,0,0,0,0,0,0,0,0,0,0,0,0,0,0,0,0,0,0,
HPX000004,2022Q1,META,2022-02-02,>$10B,good,4,2,2,1,2022-02-03,244.649994,-11.0157,-18.8841,-23.3722,-4.3981,-8.6818,0001326801-22-000015,fb-12312021xexhibit991.htm,earnings_exhibit,21034,/Users/aeternusholdings/Documents/GitHub/AeternusHoldings/cache/sec/sec_docs_text/META_000132680122000015_fb-12312021xexhibit991.htm.txt,18,,-3.0,-25.4707,HP1 - Quality pullback re-rater,,,,,HP production extension,HP research extension,2,2,1,0,4,2,-1,deteriorating,-3,ad_monetization_headwinds,"Reels mix shift, competition, macro advertiser pressure, and FX headwinds",Family MAP increased 9% year over year; Facebook DAUs increased 5%; ad impressions increased 13% and average price per ad increased 6% in Q4 2021.,"Company expects continued impressions headwinds from competition and shift toward Reels, which monetizes at lower rates; advertisers face cost inflation and supply-chain disruptions; FX expected to be a headwind; headcount increased 23%.",high,,1,mixed,-3,0,0,1,0,0,0,0,0,0,0,0,0,0,0,0,0,0,
HPX000005,2022Q1,TSLA,2022-01-03,>$10B,good,3,1,2,-1,2022-01-04,396.516663,-11.7641,-21.8192,-25.0860,-32.3627,-3.7073,0001564590-22-000009,tsla-ex991_6.htm,earnings_exhibit,1344,/Users/aeternusholdings/Documents/GitHub/AeternusHoldings/cache/sec/sec_docs_text/TSLA_000156459022000009_tsla-ex991_6.htm.txt,5,,3.0,51.5736,,,,,HP4 - Fundamental reacceleration watch tag,,HP research extension,1,2,1,0,1,1,2,neutral,0,unit_volume_growth,Q4 and full-year vehicle production and deliveries,"Q4 production exceeded 305,000 vehicles and deliveries exceeded 308,000 vehicles; 2021 deliveries exceeded 936,000 vehicles.",Net income and cash flow results were not included; final delivery numbers could vary by up to 0.5% or more.,medium,,3,good,0,0,0,0,0,0,0,0,0,0,0,0,0,0,0,0,0,0,
HPX000006,2022Q2,AMZN,2022-04-28,>$10B,strong,8,1,2,1,2022-04-29,129.848999,-16.2188,-17.3509,-7.4236,-17.2885,-5.8291,0001018724-22-000011,amzn-20220331xex991.htm,earnings_exhibit,54353,/Users/aeternusholdings/Documents/GitHub/AeternusHoldings/cache/sec/sec_docs_text/AMZN_000101872422000011_amzn-20220331xex991.htm.txt,18,,2.0,-16.553,,,,HP3 - Large-revenue theme-leader exception,,HP production extension,HP research extension,2,3,0,0,4,2,-1,deteriorating,-3,cash_flow_and_cost_pressure,"inflation, supply-chain pressure, and declining cash generation",Management cited encouraging progress in customer experience dimensions including delivery speed approaching pre-pandemic levels; Amazon launched a $1 billion Industrial Innovation Fund.,Operating cash flow decreased 41% to $39.3 billion TTM; free cash flow was an $18.6 billion outflow versus a $26.4 billion inflow; net income was a loss of $3.844 billion; ongoing inflationary and supply-chain pressures were cited.,high,,5,good,-3,0,0,1,0,0,0,0,0,0,0,0,0,0,0,0,0,0,
HPX000007,2022Q2,GOOG,2022-04-26,>$10B,strong,8,2,2,1,2022-04-27,114.373001,-1.1270,2.0359,-1.3762,1.9668,-7.8104,0001652044-22-000025,googexhibit991q12022.htm,earnings_exhibit,19012,/Users/aeternusholdings/Documents/GitHub/AeternusHoldings/cache/sec/sec_docs_text/GOOG_000165204422000025_googexhibit991q12022.htm.txt,18,,1.0,-24.687,HP1 - Quality pullback re-rater,,,HP3 - Large-revenue theme-leader exception,,HP production extension,HP research extension,2,3,2,2,1,1,7,inflecting,3,search_and_cloud_growth,Search and Cloud growth with stable operating margin,Revenue increased 23% year over year to $68.011 billion; constant currency revenue grew 26%; operating income rose to $20.094 billion with 30% operating margin; free cash flow was $15.320 billion; Search and Cloud were identified as strong growth areas.,"Net income and diluted EPS declined year over year due partly to other income expense and equity securities losses; company continues investing in Capex, R&D, and talent.",high,,11,strong,3,1,1,0,0,0,0,0,0,0,0,0,0,0,0,0,0,0,
HPX000008,2022Q2,GOOGL,2022-04-26,>$10B,strong,8,2,2,1,2022-04-27,114.469498,-1.7109,1.7502,-1.8809,1.1916,-8.2550,0001652044-22-000025,googexhibit991q12022.htm,earnings_exhibit,19012,/Users/aeternusholdings/Documents/GitHub/AeternusHoldings/cache/sec/sec_docs_text/GOOGL_000165204422000025_googexhibit991q12022.htm.txt,18,,1.0,-24.3177,HP1 - Quality pullback re-rater,,,HP3 - Large-revenue theme-leader exception,,HP production extension,HP research extension,2,3,2,2,1,1,7,inflecting,3,search_and_cloud_growth,Search and Cloud growth with stable operating margin,Revenue increased 23% year over year to $68.011 billion; constant currency revenue grew 26%; operating income rose to $20.094 billion with 30% operating margin; free cash flow was $15.320 billion; Search and Cloud were identified as strong growth areas.,"Net income and diluted EPS declined year over year due partly to other income expense and equity securities losses; company continues investing in Capex, R&D, and talent.",high,,11,strong,3,1,1,0,0,0,0,0,0,0,0,0,0,0,0,0,0,0,
HPX000009,2022Q3,AAPL,2022-07-28,>$10B,strong,8,2,2,1,2022-07-29,161.240005,2.2513,8.0067,0.0868,-5.8794,-10.1960,0000320193-22-000069,a8-kex991q3202206252022.htm,earnings_exhibit,10505,/Users/aeternusholdings/Documents/GitHub/AeternusHoldings/cache/sec/sec_docs_text/AAPL_000032019322000069_a8-kex991q3202206252022.htm.txt,18,,1.0,-0.3707,,,,HP3 - Large-revenue theme-leader exception,,HP production extension,HP research extension,2,2,1,1,1,0,5,constructive,1,revenue_growth,iPhone and Services drove June-quarter record revenue; installed base all-time high,"Revenue was $83.0 billion, up 2% year over year; Services rose to $19.604 billion from $17.486 billion; operating cash flow nearly $23 billion.","Only modest total revenue growth; products sales slightly declined year over year; risk language cites macro, product, and competitive uncertainty.",high,,9,strong,1,1,0,0,0,0,0,0,0,0,0,0,0,0,0,0,0,0,
HPX000010,2022Q3,META,2022-07-27,>$10B,strong,7,2,2,1,2022-07-28,161.059998,5.7059,8.5620,-1.1735,-15.3297,-19.3965,0001326801-22-000079,meta06302022-exhibit991.htm,earnings_exhibit,19024,/Users/aeternusholdings/Documents/GitHub/AeternusHoldings/cache/sec/sec_docs_text/META_000132680122000079_meta06302022-exhibit991.htm.txt,18,,0.0,-20.6288,HP1 - Quality pullback re-rater,,,,,HP production extension,HP research extension,2,3,1,0,4,1,1,neutral,-3,demand_pressure,Weak advertising demand and lower ad pricing,"Family MAP increased 4%, Facebook DAUs increased 3%, ad impressions increased 15%, and 2022 expense outlook was lowered to $85-$88 billion from $87-$92 billion.",Weak advertising demand continued; Q3 revenue guidance was $26-$28.5 billion; average price per ad decreased 14%; headcount increased 32%; Reality Labs revenue expected lower sequentially.,high,,4,good,-3,0,0,1,0,0,0,0,0,0,0,0,0,0,0,0,0,0,
HPX000011,2022Q3,TSLA,2022-07-05,>$10B,good,3,1,2,1,2022-07-06,230.779999,4.2320,12.1674,24.8678,18.9098,8.0856,0001564590-22-025153,tsla-ex991_6.htm,earnings_exhibit,1926,/Users/aeternusholdings/Documents/GitHub/AeternusHoldings/cache/sec/sec_docs_text/TSLA_000156459022025153_tsla-ex991_6.htm.txt,9,,2.0,-39.0707,HP1 - Quality pullback re-rater,,,,,HP production extension,HP research extension,1,1,0,0,2,1,-1,deteriorating,-3,production_delivery,Q2 vehicle production and deliveries despite supply chain challenges and shutdowns,"Produced over 258,000 vehicles and delivered over 254,000 vehicles; June 2022 was the highest vehicle production month in Tesla history.",Net income and cash flow were not included; packet cites ongoing supply chain challenges and factory shutdowns beyond company control.,medium,,0,mixed,-3,0,0,0,0,0,0,0,0,0,0,0,0,0,0,0,0,0,
HPX000012,2022Q4,AAPL,2022-10-27,>$10B,strong,8,2,2,1,2022-10-28,148.199997,-6.2618,1.7004,-2.6856,-12.2605,-2.8610,0000320193-22-000107,a8-kex991q4202209242022.htm,earnings_exhibit,11076,/Users/aeternusholdings/Documents/GitHub/AeternusHoldings/cache/sec/sec_docs_text/AAPL_000032019322000107_a8-kex991q4202209242022.htm.txt,18,,0.0,-8.0873,,,,HP3 - Large-revenue theme-leader exception,,HP production extension,HP research extension,2,3,2,2,1,0,8,inflecting,3,execution_growth,Record September-quarter revenue/EPS and all-time-high installed base,"September-quarter revenue was $90.1 billion, up 8%; EPS was $1.29, up 4%; annual revenue was $394.3 billion, up 8%; annual EPS was up 9%; operating cash flow rose $18 billion versus last year.",Management cited a challenging and volatile macroeconomic backdrop; risk factors include global conditions and competitive product markets.,high,,11,strong,3,1,1,0,0,0,0,0,0,0,0,0,0,0,0,0,0,0,
HPX000013,2022Q4,AMZN,2022-10-27,>$10B,good,4,2,2,0,2022-10-28,97.910004,-7.5375,-3.1253,-4.0445,-15.1874,1.3380,0001018724-22-000021,amzn-20220930xex991.htm,earnings_exhibit,44570,/Users/aeternusholdings/Documents/GitHub/AeternusHoldings/cache/sec/sec_docs_text/AMZN_000101872422000021_amzn-20220930xex991.htm.txt,18,,-3.0,-27.4203,HP1 - Quality pullback re-rater,,,,,HP production extension,HP research extension,2,3,0,0,4,2,-1,deteriorating,-3,cash_flow_pressure,Operating cash flow decline and free cash flow outflow amid uncertain demand,North America net sales increased 20%; online stores grew 7%; Q4 net sales guidance called for 2%-8% year-over-year growth despite FX pressure.,"Operating cash flow declined 27% to $39.7 billion TTM; free cash flow was a $19.7 billion outflow; Q4 guidance includes recessionary fears, inflation, interest rates, FX, and customer demand uncertainty.",high,,1,mixed,-3,0,0,1,0,0,0,0,0,0,0,0,0,0,0,0,0,0,
HPX000014,2022Q4,META,2022-10-26,>$10B,strong,7,2,2,1,2022-10-27,97.980003,-1.2860,15.5644,11.0227,19.2896,44.4172,0001326801-22-000105,meta09302022-exhibit991.htm,earnings_exhibit,21534,/Users/aeternusholdings/Documents/GitHub/AeternusHoldings/cache/sec/sec_docs_text/META_000132680122000105_meta09302022-exhibit991.htm.txt,18,,0.0,-39.1655,HP1 - Quality pullback re-rater,,,,,HP production extension,HP research extension,2,3,1,0,5,2,-1,deteriorating,-3,margin_demand_pressure,"Ad pricing decline, expense growth, facility charges, and AI capex growth","Family MAP increased 4%, Facebook DAUs increased 3%, ad impressions increased 17%, and management highlighted 2023 prioritization and efficiency.",Revenue decreased 4%; costs and expenses increased 19%; average price per ad decreased 18%; headcount increased 28%; $900 million additional facility charges expected; AI capacity drives substantially all 2023 capex growth.,high,,4,good,-3,0,0,1,0,0,0,0,0,0,0,0,0,0,0,0,0,0,
HPX000015,2023Q1,AAPL,2023-02-02,>$10B,strong,8,2,2,1,2023-02-03,148.029999,3.9316,0.9255,3.9181,11.8895,11.9976,0000320193-23-000005,a8-kex991q1202312312022.htm,earnings_exhibit,9758,/Users/aeternusholdings/Documents/GitHub/AeternusHoldings/cache/sec/sec_docs_text/AAPL_000032019323000005_a8-kex991q1202312312022.htm.txt,17,,0.0,-0.1147,,,,HP3 - Large-revenue theme-leader exception,,HP production extension,HP research extension,2,2,1,2,2,1,4,constructive,1,services_installed_base,Services record and installed base above 2 billion active devices,Services revenue reached an all-time record of $20.8 billion; installed base exceeded 2 billion active devices; operating cash flow was $34 billion.,"Quarterly revenue was $117.2 billion, down 5% year over year; product net sales fell to $96.388 billion from $104.429 billion; management cited difficult macro conditions and significant supply constraints.",high,,9,strong,1,1,0,0,0,0,0,0,0,0,0,0,0,0,0,0,0,0,
HPX000016,2023Q1,GOOG,2023-02-02,>$10B,strong,8,2,2,1,2023-02-03,103.510002,-8.2214,-12.0182,-7.6611,1.5554,1.6424,0001652044-23-000013,googexhibit991q42022.htm,earnings_exhibit,23333,/Users/aeternusholdings/Documents/GitHub/AeternusHoldings/cache/sec/sec_docs_text/GOOG_000165204423000013_googexhibit991q42022.htm.txt,18,,1.0,6.976,,,,HP3 - Large-revenue theme-leader exception,,HP production extension,HP research extension,2,3,1,1,3,1,3,constructive,1,efficiency_and_cloud_momentum,"Cloud, subscriptions, Pixel momentum plus server-life depreciation benefit","Q4 revenue was $76.048 billion, up 1% as reported and 7% constant currency; free cash flow was $16.019 billion; company expects server and network equipment useful-life change to reduce 2023 depreciation by about $3.4 billion.","Operating margin fell to 24% from 29%; Google advertising, YouTube ads, and Google Network revenues declined year over year; severance charges of $1.9-$2.3 billion and office exit costs of about $0.5 billion expected in Q1 2023.",high,,9,strong,1,1,0,0,0,0,0,0,0,0,0,0,0,0,0,0,0,0,
HPX000017,2023Q1,GOOGL,2023-02-02,>$10B,strong,8,2,2,1,2023-02-03,102.930000,-8.0832,-11.6973,-7.5780,1.7390,1.7099,0001652044-23-000013,googexhibit991q42022.htm,earnings_exhibit,23333,/Users/aeternusholdings/Documents/GitHub/AeternusHoldings/cache/sec/sec_docs_text/GOOGL_000165204423000013_googexhibit991q42022.htm.txt,18,,1.0,6.7406,,,,HP3 - Large-revenue theme-leader exception,,HP production extension,HP research extension,1,1,1,1,3,2,-1,deteriorating,-3,cost restructuring and accounting estimate change,workforce/office reductions plus server useful-life extension,"Free cash flow was $16.019B in Q4 2022; company expected server/network useful-life change to reduce 2023 depreciation by about $3.4B and cited momentum in Cloud, YouTube subscriptions, and Pixel devices.","Revenue growth slowed to 1% reported in Q4 2022, operating margin fell to 24% from 29%, Google advertising declined to $59.042B from $61.239B, and company expected $1.9B-$2.3B severance charges plus about $0.5B office exit costs in Q1 2023.",high,,5,good,-3,0,0,1,0,0,0,0,0,0,0,0,0,0,0,0,0,0,
HPX000018,2023Q1,META,2023-02-01,>$10B,strong,8,2,2,1,2023-02-02,183.380005,-2.1540,-6.6856,0.8289,16.1904,29.2562,0001326801-23-000008,meta-12312022xexhibit991.htm,earnings_exhibit,22247,/Users/aeternusholdings/Documents/GitHub/AeternusHoldings/cache/sec/sec_docs_text/META_000132680123000008_meta-12312022xexhibit991.htm.txt,18,,1.0,87.1606,,,,HP3 - Large-revenue theme-leader exception,,HP production extension,HP research extension,3,2,2,2,2,1,6,constructive,1,cost efficiency,Year of Efficiency expense and capex reduction,"Full-year 2023 expense outlook was lowered to $89B-$95B from $94B-$100B; lower data center construction spend reflected a shift to a more cost efficient architecture; Family MAP rose 4%, DAUs rose 4%, and ad impressions rose 23%.","Revenue declined year over year in Q4 2022, average price per ad fell 22%, costs and expenses rose 22%, and restructuring charges were $4.20B in Q4 2022 with another estimated $1B in 2023 facility charges.",high,,9,strong,1,1,0,0,0,0,0,0,0,0,0,0,0,0,0,0,0,0,
HPX000019,2023Q1,TSLA,2023-01-03,>$10B,strong,6,1,2,1,2023-01-04,109.110001,20.5114,31.8761,74.1179,77.6281,76.5008,0001564590-23-000002,tsla-ex991_6.htm,earnings_exhibit,2863,/Users/aeternusholdings/Documents/GitHub/AeternusHoldings/cache/sec/sec_docs_text/TSLA_000156459023000002_tsla-ex991_6.htm.txt,11,,3.0,-56.4466,HP1 - Quality pullback re-rater,,,,,HP production extension,HP research extension,1,1,1,0,2,1,0,neutral,0,production and deliveries,2022 vehicle production and delivery growth,"Q4 production was over 439,000 vehicles and deliveries were over 405,000; 2022 deliveries grew 40% YoY to 1.31M and production grew 47% YoY to 1.37M.","Packet says net income and cash flow would be announced later, so profitability and cash conversion evidence is absent; Q4 production exceeded deliveries, with more cars in transit at quarter end.",medium,,6,strong,0,0,0,0,0,0,0,0,0,0,0,0,0,0,0,0,0,0,
HPX000020,2023Q2,AVGO,2023-06-01,$2B-$10B,strong,7,2,2,1,2023-06-02,79.064003,8.1858,6.5504,10.8520,16.3614,16.7270,0001730168-23-000062,avgo-04302023x8kxex99.htm,earnings_exhibit,24610,/Users/aeternusholdings/Documents/GitHub/AeternusHoldings/cache/sec/sec_docs_text/AVGO_000173016823000062_avgo-04302023x8kxex99.htm.txt,18,,2.0,27.9974,,,,,HP4 - Fundamental reacceleration watch tag,,HP research extension,3,3,2,2,1,0,9,inflecting,3,AI networking demand,measured ramp into large scale AI networks,"Revenue rose 8% YoY to $8.733B, semiconductor solutions rose 9%, adjusted EBITDA margin increased to 65%, free cash flow was $4.380B, and Q3 guidance called for about $8.85B revenue and adjusted EBITDA near 65% of revenue.","Forward-looking language notes actual results may vary materially; cited risks include semiconductor cyclicality, customer concentration, and demand timing.",high,,10,strong,3,1,1,0,0,0,0,0,0,0,0,0,0,0,0,0,0,0,
HPX000021,2023Q2,GOOG,2023-04-20,>$10B,strong,8,2,2,1,2023-04-21,106.089996,1.5270,10.1895,18.6446,16.7405,12.6685,0001652044-23-000034,googex991q12023blogpost.htm,earnings_exhibit,8205,/Users/aeternusholdings/Documents/GitHub/AeternusHoldings/cache/sec/sec_docs_text/GOOG_000165204423000034_googex991q12023blogpost.htm.txt,18,,0.0,2.4925,,,,HP3 - Large-revenue theme-leader exception,,HP production extension,HP research extension,2,1,1,2,2,1,3,constructive,1,cost structure and reporting change,"workforce reduction, office optimization, depreciation reduction, AI reorganization",Company expected server/network useful-life change to reduce 2023 depreciation expense by about $3.4B and described cost allocation changes for transparency plus combining Brain Team and DeepMind to accelerate AI progress.,"Packet is a disclosure update before Q1 results, with no current-quarter revenue, profit, or cash flow figures; company expected $1.9B-$2.3B severance charges and about $0.5B office exit costs in Q1 2023.",medium,,9,strong,1,1,0,0,0,0,0,0,0,0,0,0,0,0,0,0,0,0,
HPX000022,2023Q2,GOOGL,2023-04-20,>$10B,strong,8,2,2,1,2023-04-21,105.470001,1.6403,10.5243,18.5645,16.7157,13.0179,0001652044-23-000034,googex991q12023blogpost.htm,earnings_exhibit,8205,/Users/aeternusholdings/Documents/GitHub/AeternusHoldings/cache/sec/sec_docs_text/GOOGL_000165204423000034_googex991q12023blogpost.htm.txt,18,,0.0,2.4677,,,,HP3 - Large-revenue theme-leader exception,,HP production extension,HP research extension,2,1,1,2,2,1,3,constructive,1,cost structure and reporting change,"workforce reduction, office optimization, depreciation reduction, AI reorganization",Company expected server/network useful-life change to reduce 2023 depreciation expense by about $3.4B and described cost allocation changes for transparency plus combining Brain Team and DeepMind to accelerate AI progress.,"Packet is a disclosure update before Q1 results, with no current-quarter revenue, profit, or cash flow figures; company expected $1.9B-$2.3B severance charges and about $0.5B office exit costs in Q1 2023.",medium,,9,strong,1,1,0,0,0,0,0,0,0,0,0,0,0,0,0,0,0,0,
HPX000023,2023Q2,META,2023-04-26,>$10B,strong,8,2,2,1,2023-04-27,239.889999,-2.7596,1.0838,9.4335,16.0824,24.4612,0001326801-23-000063,meta03312023-exhibit991.htm,earnings_exhibit,20214,/Users/aeternusholdings/Documents/GitHub/AeternusHoldings/cache/sec/sec_docs_text/META_000132680123000063_meta03312023-exhibit991.htm.txt,18,,0.0,30.8158,,,,HP3 - Large-revenue theme-leader exception,,HP production extension,HP research extension,3,2,2,2,3,1,5,constructive,1,efficiency and engagement growth,restructuring-led efficiency with Family of Apps growth,"Q1 revenue rose 3% to $28.645B, constant currency revenue rose 6%, Family MAP rose 5%, DAUs rose 4%, ad impressions rose 26%, and Q2 revenue guidance was $29.5B-$32B.","Costs and expenses rose 10%, average price per ad fell 17%, restructuring costs expected at $3B-$5B, Reality Labs losses expected to increase YoY, and company expected an IDPC decision including a suspension order and fine.",high,,9,strong,1,1,0,0,0,0,0,0,0,0,0,0,0,0,0,0,0,0,
HPX000024,2023Q3,AAPL,2023-08-03,>$10B,strong,8,2,2,1,2023-08-04,185.520004,-3.2665,-4.9267,2.2531,-7.0720,-4.2853,0000320193-23-000075,a8-kex991q3202307012023.htm,earnings_exhibit,10226,/Users/aeternusholdings/Documents/GitHub/AeternusHoldings/cache/sec/sec_docs_text/AAPL_000032019323000075_a8-kex991q3202307012023.htm.txt,16,,1.0,8.5039,,,,HP3 - Large-revenue theme-leader exception,,HP production extension,HP research extension,1,2,1,2,2,1,3,constructive,1,services growth and cash generation,Services revenue record and operating cash flow strength,"Services revenue reached an all-time high, driven by over 1B paid subscriptions; installed base set an all-time record; operating cash flow was $26B; EPS rose 5% YoY.","Quarterly revenue was $81.8B, down 1% YoY, and product sales declined to $60.584B from $63.355B.",high,,9,strong,1,1,0,0,0,0,0,0,0,0,0,0,0,0,0,0,0,0,
HPX000025,2023Q3,TSLA,2023-07-03,>$10B,strong,7,2,2,1,2023-07-05,278.820007,4.1460,-4.8562,-8.9520,-8.0088,-11.5810,0000950170-23-031241,tsla-ex99_1.htm,earnings_exhibit,1761,/Users/aeternusholdings/Documents/GitHub/AeternusHoldings/cache/sec/sec_docs_text/TSLA_000095017023031241_tsla-ex99_1.htm.txt,8,,2.0,41.3035,,,,,HP4 - Fundamental reacceleration watch tag,,HP research extension,1,2,0,0,1,1,1,neutral,0,volume_growth,Q2 vehicle production and deliveries,"Produced nearly 480,000 vehicles and delivered over 466,000 vehicles in Q2 2023, with Model 3/Y delivering 446,915 units.","Packet says net income and cash flow results will be announced later, so no margin, profit, or cash proof is available.",medium,,7,strong,0,0,0,0,0,0,0,0,0,0,0,0,0,0,0,0,0,0,
HPX000026,2023Q4,AAPL,2023-11-02,>$10B,strong,8,2,2,1,2023-11-03,174.240005,6.0606,9.0278,8.7179,6.5427,7.2429,0000320193-23-000104,a8-kex991q4202309302023.htm,earnings_exhibit,10322,/Users/aeternusholdings/Documents/GitHub/AeternusHoldings/cache/sec/sec_docs_text/AAPL_000032019323000104_a8-kex991q4202309302023.htm.txt,17,,0.0,-6.0802,,,,HP3 - Large-revenue theme-leader exception,,HP production extension,HP research extension,2,2,1,1,1,1,4,constructive,1,mix_shift_services,Services record and iPhone September-quarter record,"Services revenue reached an all-time high, iPhone revenue set a September-quarter record, EPS rose 13% year over year, and installed base reached a new all-time high.","Total quarterly revenue was $89.5 billion, down 1% year over year, and product net sales declined year over year in the table.",high,,9,strong,1,1,0,0,0,0,0,0,0,0,0,0,0,0,0,0,0,0,
HPX000027,2024Q1,AAPL,2024-02-01,>$10B,strong,9,2,2,1,2024-02-02,179.860001,4.0531,2.5075,-2.6465,-6.1270,-3.7974,0000320193-24-000005,a8-kex991q1202412302023.htm,earnings_exhibit,9890,/Users/aeternusholdings/Documents/GitHub/AeternusHoldings/cache/sec/sec_docs_text/AAPL_000032019324000005_a8-kex991q1202412302023.htm.txt,18,,1.0,3.2254,,,,HP3 - Large-revenue theme-leader exception,,HP production extension,HP research extension,2,3,2,2,1,0,8,inflecting,3,margin_services_installed_base,"Services record, iPhone growth, margin expansion","Revenue rose 2% year over year to $119.6 billion, EPS rose 16% to $2.18, operating cash flow was nearly $40 billion, Services hit an all-time revenue record, and active devices surpassed 2.2 billion.",Forward-looking risk language is generic; no guidance cut or demand break is shown in the packet.,high,,12,strong,3,1,1,0,0,0,0,0,0,0,0,0,0,0,0,0,0,0,
HPX000028,2024Q1,AMZN,2024-02-01,>$10B,good,5,1,2,0,2024-02-02,169.190002,1.8618,3.1858,4.9589,6.7971,9.1790,0001018724-24-000006,amzn-20231231xex991.htm,earnings_exhibit,56184,/Users/aeternusholdings/Documents/GitHub/AeternusHoldings/cache/sec/sec_docs_text/AMZN_000101872424000006_amzn-20231231xex991.htm.txt,18,,2.0,34.065,,,,,HP4 - Fundamental reacceleration watch tag,,HP research extension,3,3,2,2,1,0,9,inflecting,3,cash_flow_operating_leverage,Operating cash flow and free cash flow recovery,"Operating cash flow increased 82% to $84.9 billion TTM, free cash flow improved to a $36.8 billion inflow from an $11.6 billion outflow, and management cited revenue, operating income, and free cash flow progress.","Guidance includes about $0.9 billion lower depreciation expense from longer server useful lives, and standard risk language notes demand, macro, investment timing, and spending mix uncertainty.",high,,8,strong,3,1,1,0,0,0,0,0,0,0,0,0,0,0,0,0,0,0,
HPX000029,2024Q1,BRK-B,2024-02-26,>$10B,strong,7,2,2,1,2024-02-27,409.209991,-1.4809,-0.1955,2.7639,-2.0161,-1.2976,0001193125-24-045977,d795719dex991.htm,earnings_exhibit,6291,/Users/aeternusholdings/Documents/GitHub/AeternusHoldings/cache/sec/sec_docs_text/BRK-B_000119312524045977_d795719dex991.htm.txt,14,,6.0,17.9789,,,,,HP4 - Fundamental reacceleration watch tag,,HP research extension,2,2,1,1,1,1,4,constructive,1,insurance_operating_earnings,Insurance underwriting and float growth,"Operating earnings rose to $8.481 billion in Q4 2023 from $6.625 billion, full-year operating earnings rose to $37.350 billion from $30.853 billion, insurance underwriting improved, and float increased by $5 billion to about $169 billion.","Net earnings include large investment and derivative gains, while railroad and utilities and energy operating earnings declined year over year.",high,,8,strong,1,1,0,0,0,0,0,0,0,0,0,0,0,0,0,0,0,0,
HPX000030,2024Q1,GOOG,2024-01-30,>$10B,strong,8,2,2,1,2024-01-31,145.389999,2.2973,-2.1941,-5.0279,7.6415,13.2403,0001652044-24-000014,googexhibit991q42023.htm,earnings_exhibit,24293,/Users/aeternusholdings/Documents/GitHub/AeternusHoldings/cache/sec/sec_docs_text/GOOG_000165204424000014_googexhibit991q42023.htm.txt,18,,1.0,12.0367,,,,HP3 - Large-revenue theme-leader exception,,HP production extension,HP research extension,2,3,1,2,1,1,6,constructive,1,revenue_growth_margin_expansion,Q4 revenue growth and operating margin expansion,"Q4 revenues rose 13% year over year to $86.310 billion, operating income rose to $23.697 billion, operating margin improved to 27% from 24%, and free cash flow was $7.896 billion.","Results include restructuring and office optimization charges, and the accounting estimate change reduced depreciation expense and increased net income by $765 million in Q4 2023.",high,,9,strong,1,1,0,0,0,0,0,0,0,0,0,0,0,0,0,0,0,0,
HPX000031,2024Q1,GOOGL,2024-01-30,>$10B,strong,8,2,2,1,2024-01-31,143.619995,2.7225,-1.7407,-4.5119,8.2649,13.3408,0001652044-24-000014,googexhibit991q42023.htm,earnings_exhibit,24293,/Users/aeternusholdings/Documents/GitHub/AeternusHoldings/cache/sec/sec_docs_text/GOOGL_000165204424000014_googexhibit991q42023.htm.txt,18,,1.0,12.063,,,,HP3 - Large-revenue theme-leader exception,,HP production extension,HP research extension,2,3,1,2,1,1,6,constructive,1,revenue_growth_margin_expansion,Q4 revenue growth and operating margin expansion,"Q4 revenues rose 13% year over year to $86.310 billion, operating income rose to $23.697 billion, operating margin improved to 27% from 24%, and free cash flow was $7.896 billion.","Results include restructuring and office optimization charges, and the accounting estimate change reduced depreciation expense and increased net income by $765 million in Q4 2023.",high,,9,strong,1,1,0,0,0,0,0,0,0,0,0,0,0,0,0,0,0,0,
HPX000032,2024Q1,TSLA,2024-01-02,>$10B,strong,8,2,2,1,2024-01-03,244.979996,-10.2335,-14.6298,-23.2958,-23.2019,-31.9822,0000950170-24-000282,tsla-ex99_1.htm,earnings_exhibit,2159,/Users/aeternusholdings/Documents/GitHub/AeternusHoldings/cache/sec/sec_docs_text/TSLA_000095017024000282_tsla-ex99_1.htm.txt,10,,1.0,-1.4601,,,,HP3 - Large-revenue theme-leader exception,,HP production extension,HP research extension,2,2,1,0,1,1,3,constructive,1,volume_growth,2023 vehicle delivery and production growth,"Q4 production was approximately 495,000 vehicles and deliveries were over 484,000; 2023 deliveries grew 38% year over year to 1.81 million and production grew 35% to 1.85 million.","Packet says net income and cash flow results will be announced later, so operating leverage, margin, and cash conversion are not evidenced.",medium,,9,strong,1,1,0,0,0,0,0,0,0,0,0,0,0,0,0,0,0,0,
HPX000033,2024Q2,GOOG,2024-04-25,>$10B,strong,8,2,2,1,2024-04-26,175.990005,-3.5002,-0.3182,1.1535,5.4492,-3.8809,0001652044-24-000047,googexhibit991q12024.htm,earnings_exhibit,24821,/Users/aeternusholdings/Documents/GitHub/AeternusHoldings/cache/sec/sec_docs_text/GOOG_000165204424000047_googexhibit991q12024.htm.txt,18,,0.0,21.0468,,,,HP3 - Large-revenue theme-leader exception,,HP production extension,HP research extension,2,3,2,2,1,0,8,inflecting,3,broad-based growth with margin expansion,"Search, YouTube, and Cloud growth with operating leverage","Revenue rose 15% to $80.5B, constant currency revenue rose 16%, operating margin expanded to 32% from 25%, operating income rose to $25.5B, and Google Cloud operating income rose to $900M from $191M.","Other income included a $2.2B equity securities gain, increasing net income and EPS by $1.9B and $0.15; only generic risk-factor language provided.",high,,11,strong,3,1,1,0,0,0,0,0,0,0,0,0,0,0,0,0,0,0,
HPX000034,2024Q2,GOOGL,2024-04-25,>$10B,strong,8,2,2,1,2024-04-26,174.369995,-3.5958,-0.1090,1.1642,5.5399,-4.0661,0001652044-24-000047,googexhibit991q12024.htm,earnings_exhibit,24821,/Users/aeternusholdings/Documents/GitHub/AeternusHoldings/cache/sec/sec_docs_text/GOOGL_000165204424000047_googexhibit991q12024.htm.txt,18,,0.0,21.4107,,,,HP3 - Large-revenue theme-leader exception,,HP production extension,HP research extension,2,3,2,2,1,0,8,inflecting,3,broad-based growth with margin expansion,"Search, YouTube, and Cloud growth with operating leverage","Revenue rose 15% to $80.5B, constant currency revenue rose 16%, operating margin expanded to 32% from 25%, operating income rose to $25.5B, and Google Cloud operating income rose to $900M from $191M.","Other income included a $2.2B equity securities gain, increasing net income and EPS by $1.9B and $0.15; only generic risk-factor language provided.",high,,11,strong,3,1,1,0,0,0,0,0,0,0,0,0,0,0,0,0,0,0,
HPX000035,2024Q2,META,2024-04-24,>$10B,strong,8,2,2,1,2024-04-25,421.399994,10.5078,14.2715,13.8870,18.3935,9.4613,0001326801-24-000044,meta-03312024xexhibit991.htm,earnings_exhibit,16872,/Users/aeternusholdings/Documents/GitHub/AeternusHoldings/cache/sec/sec_docs_text/META_000132680124000044_meta-03312024xexhibit991.htm.txt,18,,1.0,-8.3116,,,,HP3 - Large-revenue theme-leader exception,,HP production extension,HP research extension,2,3,1,2,3,1,4,constructive,1,advertising growth with cost leverage,Family of Apps ad impressions and pricing growth,"Revenue rose 27% to $36.46B, ad impressions increased 20%, average price per ad increased 6%, costs and expenses rose only 6%, and income from operations reached $13.8B.","Full-year expense outlook increased to $96-99B, capex outlook increased to $35-40B, Reality Labs losses expected to increase meaningfully, and capex expected to keep increasing next year.",high,,9,strong,1,1,0,0,0,0,0,0,0,0,0,0,0,0,0,0,0,0,
HPX000036,2024Q2,TSLA,2024-04-02,>$10B,strong,8,2,2,1,2024-04-03,164.020004,-1.5486,-11.7913,10.4682,7.4808,40.9950,0000950170-24-040274,tsla-ex99_1.htm,earnings_exhibit,2212,/Users/aeternusholdings/Documents/GitHub/AeternusHoldings/cache/sec/sec_docs_text/TSLA_000095017024040274_tsla-ex99_1.htm.txt,11,,0.0,-33.0476,HP1 - Quality pullback re-rater,,,HP3 - Large-revenue theme-leader exception,,HP production extension,HP research extension,1,1,0,0,4,2,-4,deteriorating,-3,delivery shortfall and production disruption,"Model 3 ramp, shipping diversions, and Berlin shutdown impacts","Tesla produced over 433,000 vehicles, delivered approximately 387,000 vehicles, and deployed 4,053 MWh of energy storage products, its highest quarterly deployment yet.","Volumes declined partly due to updated Model 3 ramp, Red Sea shipping diversions, and Gigafactory Berlin arson shutdown; packet states net income and cash flow results were not yet announced and deliveries should not be relied on as an indicator of quarterly financial results.",medium,,5,good,-3,0,0,1,0,0,0,0,0,0,0,0,0,0,0,0,0,0,
HPX000037,2024Q3,AAPL,2024-08-01,>$10B,strong,8,2,2,1,2024-08-02,219.149994,-0.7392,2.4549,1.6518,3.2215,3.0846,0000320193-24-000080,a8-kex991q3202406292024.htm,earnings_exhibit,10400,/Users/aeternusholdings/Documents/GitHub/AeternusHoldings/cache/sec/sec_docs_text/AAPL_000032019324000080_a8-kex991q3202406292024.htm.txt,17,,1.0,17.4123,,,,HP3 - Large-revenue theme-leader exception,,HP production extension,HP research extension,2,2,1,2,1,0,6,constructive,1,services and installed-base growth,June quarter revenue record and services record,"Revenue reached a June quarter record of $85.8B, up 5%, EPS rose 11%, Services revenue reached an all-time high, active device installed base reached all-time highs, and operating cash flow was nearly $29B.","Packet provides generic macro, competitive, product-transition, and regulatory risk language, but no specific guidance cut or demand break.",medium,,9,strong,1,1,0,0,0,0,0,0,0,0,0,0,0,0,0,0,0,0,
HPX000038,2024Q4,AAPL,2024-10-31,>$10B,strong,8,2,2,1,2024-11-01,220.970001,1.4753,3.4168,8.4265,13.3276,7.5214,0000320193-24-000120,a8-kex991q4202409282024.htm,earnings_exhibit,13395,/Users/aeternusholdings/Documents/GitHub/AeternusHoldings/cache/sec/sec_docs_text/AAPL_000032019324000120_a8-kex991q4202409282024.htm.txt,18,,0.0,0.8305,,,,HP3 - Large-revenue theme-leader exception,,HP production extension,HP research extension,2,2,1,1,2,1,3,constructive,1,product cycle and services growth with tax noise,iPhone September quarter record and Services all-time high,"Revenue reached a September quarter record of $94.9B, up 6%; iPhone drove record September quarter revenue; Services revenue reached an all-time high; operating cash flow was nearly $27B.","Quarterly diluted EPS was $0.97 due to a one-time $10.2B income tax charge, while adjusted EPS growth excluded that charge; this creates some story-versus-GAAP-number gap.",medium,,9,strong,1,1,0,0,0,0,0,0,0,0,0,0,0,0,0,0,0,0,
HPX000039,2024Q4,WMT,2024-11-19,>$10B,strong,6,1,1,1,2024-11-20,86.599998,6.9746,9.1801,6.5127,7.4827,19.8383,0000104169-24-000170,earningspresentationfy25.htm,earnings_exhibit,52631,/Users/aeternusholdings/Documents/GitHub/AeternusHoldings/cache/sec/sec_docs_text/WMT_000010416924000170_earningspresentationfy25.htm.txt,18,,4.0,19.1197,,,,,HP4 - Fundamental reacceleration watch tag,,HP research extension,3,3,2,2,1,0,9,inflecting,3,retail operating leverage and mix improvement,"inventory management, eCommerce margin improvement, advertising/data mix","Total revenues rose 6.2% constant currency, operating income rose 9.8% constant currency, adjusted EPS rose 13.7%, free cash flow increased $1.9B, eCommerce losses declined, delivery cost per order fell about 40%, and gross profit benefited from inventory, pricing, and mix.",Guidance assumes a generally stable consumer and continued product and format mix pressure; generic forward-looking risk language included.,high,,9,strong,3,1,1,0,0,0,0,0,0,0,0,0,0,0,0,0,0,0,
HPX000040,2025Q1,AAPL,2025-01-30,>$10B,strong,9,2,2,1,2025-01-31,247.190002,-7.9049,-0.5502,-3.7057,-9.7091,-13.7020,0000320193-25-000007,a8-kex991q1202512282024.htm,earnings_exhibit,9749,/Users/aeternusholdings/Documents/GitHub/AeternusHoldings/cache/sec/sec_docs_text/AAPL_000032019325000007_a8-kex991q1202512282024.htm.txt,17,,1.0,11.8659,,,,HP3 - Large-revenue theme-leader exception,,HP production extension,HP research extension,2,3,1,2,1,0,7,inflecting,3,record revenue and margin leverage,"Services record, installed-base high, and EPS leverage","Revenue reached an all-time record of $124.3B, up 4%; EPS reached $2.40, up 10%; Services revenue reached a new all-time high; active device installed base reached a new all-time high; management cited strong operating margins.","Packet includes generic macro, geopolitical, competitive, product-transition, and regulatory risk language, but no specific negative guidance or demand break.",medium,,12,strong,3,1,1,0,0,0,0,0,0,0,0,0,0,0,0,0,0,0,
HPX000041,2025Q1,AMZN,2025-02-06,>$10B,strong,7,1,2,1,2025-02-07,232.500000,-2.5161,-10.2194,-16.3269,-26.5978,-17.3849,0001018724-25-000002,amzn-20241231xex991.htm,earnings_exhibit,34296,/Users/aeternusholdings/Documents/GitHub/AeternusHoldings/cache/sec/sec_docs_text/AMZN_000101872425000002_amzn-20241231xex991.htm.txt,18,,3.0,16.8342,,,,,HP4 - Fundamental reacceleration watch tag,,HP research extension,2,3,2,2,1,0,8,inflecting,3,cash_flow_and_revenue_growth,Q4 sales growth with stronger trailing cash flow,Net sales increased 10% to $187.8B; operating cash flow increased 36% to $115.9B TTM; free cash flow increased to $38.2B.,Q1 2025 guidance calls for 5%-9% net sales growth and includes an unusually large $2.1B foreign exchange headwind; results subject to investment timing and demand risks.,high,,10,strong,3,1,1,0,0,0,0,0,0,0,0,0,0,0,0,0,0,0,
HPX000042,2025Q1,GOOG,2025-02-04,>$10B,strong,8,2,2,1,2025-02-05,193.100006,-3.7804,-8.1460,-8.9850,-22.7136,-14.4485,0001652044-25-000010,googexhibit991q42024.htm,earnings_exhibit,24072,/Users/aeternusholdings/Documents/GitHub/AeternusHoldings/cache/sec/sec_docs_text/GOOG_000165204425000010_googexhibit991q42024.htm.txt,18,,1.0,5.8604,,,,HP3 - Large-revenue theme-leader exception,,HP production extension,HP research extension,3,3,2,2,1,0,9,inflecting,3,ai_cloud_and_margin_expansion,AI-led Cloud demand and broad business momentum,Revenue increased 12% to $96.5B; Google Cloud revenue increased 30% to $12.0B; operating income increased 31% and operating margin expanded 5 percentage points to 32%.,Company expects approximately $75B of 2025 capital expenditures; standard forward-looking risk factors cited.,high,,11,strong,3,1,1,0,0,0,0,0,0,0,0,0,0,0,0,0,0,0,
HPX000043,2025Q1,GOOGL,2025-02-04,>$10B,strong,8,2,2,1,2025-02-05,191.070007,-3.8206,-8.1907,-9.0072,-23.1957,-14.5706,0001652044-25-000010,googexhibit991q42024.htm,earnings_exhibit,24072,/Users/aeternusholdings/Documents/GitHub/AeternusHoldings/cache/sec/sec_docs_text/GOOGL_000165204425000010_googexhibit991q42024.htm.txt,18,,1.0,5.7505,,,,HP3 - Large-revenue theme-leader exception,,HP production extension,HP research extension,3,3,2,2,1,0,9,inflecting,3,ai_cloud_and_margin_expansion,AI-led Cloud demand and broad business momentum,Revenue increased 12% to $96.5B; Google Cloud revenue increased 30% to $12.0B; operating income increased 31% and operating margin expanded 5 percentage points to 32%.,Company expects approximately $75B of 2025 capital expenditures; standard forward-looking risk factors cited.,high,,11,strong,3,1,1,0,0,0,0,0,0,0,0,0,0,0,0,0,0,0,
HPX000044,2025Q2,GOOG,2025-04-24,>$10B,strong,8,2,2,1,2025-04-25,167.100006,-0.6284,-1.0174,4.1173,0.3830,15.6194,0001652044-25-000040,googexhibit991q12025.htm,earnings_exhibit,22630,/Users/aeternusholdings/Documents/GitHub/AeternusHoldings/cache/sec/sec_docs_text/GOOG_000165204425000040_googexhibit991q12025.htm.txt,18,,0.0,-13.4645,,,,HP3 - Large-revenue theme-leader exception,,HP production extension,HP research extension,3,3,2,2,1,0,9,inflecting,3,search_cloud_and_ai_momentum,"Double-digit growth across Search, YouTube, subscriptions, and Cloud","Revenue increased 12%, or 14% constant currency, to $90.2B; Google Cloud revenue increased 28%; operating margin expanded to 34%; EPS increased 49%.",Free cash flow reflects elevated purchases of property and equipment; standard risk-factor language cited.,high,,11,strong,3,1,1,0,0,0,0,0,0,0,0,0,0,0,0,0,0,0,
HPX000045,2025Q2,GOOGL,2025-04-24,>$10B,strong,8,2,2,1,2025-04-25,165.070007,-0.5210,-0.6724,4.7434,1.0299,16.4173,0001652044-25-000040,googexhibit991q12025.htm,earnings_exhibit,22630,/Users/aeternusholdings/Documents/GitHub/AeternusHoldings/cache/sec/sec_docs_text/GOOGL_000165204425000040_googexhibit991q12025.htm.txt,18,,0.0,-13.6076,,,,HP3 - Large-revenue theme-leader exception,,HP production extension,HP research extension,3,3,2,2,1,0,9,inflecting,3,search_cloud_and_ai_momentum,"Double-digit growth across Search, YouTube, subscriptions, and Cloud","Revenue increased 12%, or 14% constant currency, to $90.2B; Google Cloud revenue increased 28%; operating margin expanded to 34%; EPS increased 49%.",Free cash flow reflects elevated purchases of property and equipment; standard risk-factor language cited.,high,,11,strong,3,1,1,0,0,0,0,0,0,0,0,0,0,0,0,0,0,0,
HPX000046,2025Q2,META,2025-04-30,>$10B,strong,8,2,2,1,2025-05-01,592.080017,7.9972,7.3335,13.3124,24.6605,17.4183,0001326801-25-000050,meta-03312025xexhibit991.htm,earnings_exhibit,16861,/Users/aeternusholdings/Documents/GitHub/AeternusHoldings/cache/sec/sec_docs_text/META_000132680125000050_meta-03312025xexhibit991.htm.txt,18,,1.0,-15.0311,,,,HP3 - Large-revenue theme-leader exception,,HP production extension,HP research extension,3,3,2,2,2,0,8,inflecting,3,ad_pricing_and_ai_infrastructure,Family of Apps ad growth with AI investment ramp,Revenue increased 16% to $42.31B; costs and expenses rose 9%; income from operations increased 27%; ad impressions rose 5% and average price per ad rose 10%.,"Full-year capex outlook increased to $64B-$72B from $60B-$65B for AI data centers and infrastructure hardware, creating spending and margin risk.",high,,11,strong,3,1,1,0,0,0,0,0,0,0,0,0,0,0,0,0,0,0,
HPX000047,2025Q2,TSLA,2025-04-02,>$10B,strong,7,2,2,1,2025-04-03,265.290009,-4.8777,-5.4846,5.6429,29.1756,18.9830,0001628280-25-016070,exhibit9911.htm,earnings_exhibit,2158,/Users/aeternusholdings/Documents/GitHub/AeternusHoldings/cache/sec/sec_docs_text/TSLA_000162828025016070_exhibit9911.htm.txt,9,,4.0,-30.4577,HP1 - Quality pullback re-rater,,,,,HP production extension,HP research extension,1,1,0,0,3,2,-3,deteriorating,-3,production_and_delivery_update,Model Y changeover disruption with limited financial evidence,"Produced over 362,000 vehicles, delivered over 336,000 vehicles, and deployed 10.4 GWh of energy storage products; New Model Y ramp said to be going well.",Model Y line changeover caused several weeks of lost production; net income and cash flow were not yet announced; company says deliveries and storage deployments should not be relied on as quarterly financial indicators.,medium,,4,good,-3,0,0,1,0,0,0,0,0,0,0,0,0,0,0,0,0,0,
HPX000048,2025Q3,AAPL,2025-07-31,>$10B,strong,8,2,2,1,2025-08-01,210.869995,7.7346,6.6534,8.9392,20.7521,28.7049,0000320193-25-000071,a8-kex991q3202506282025.htm,earnings_exhibit,10249,/Users/aeternusholdings/Documents/GitHub/AeternusHoldings/cache/sec/sec_docs_text/AAPL_000032019325000071_a8-kex991q3202506282025.htm.txt,17,,1.0,2.3194,,,,HP3 - Large-revenue theme-leader exception,,HP production extension,HP research extension,2,3,2,2,1,0,8,inflecting,3,installed_base_services_and_product_growth,June quarter revenue record with Services all-time high,"Quarterly revenue was $94.0B, up 10%; diluted EPS was $1.57, up 12%; iPhone, Mac, and Services had double-digit growth; Services revenue reached a new all-time high.","Forward-looking statements cite macro, geopolitical, policy, product transition, and other operating risks; no specific guidance cut or demand break shown.",high,,11,strong,3,1,1,0,0,0,0,0,0,0,0,0,0,0,0,0,0,0,
HPX000049,2025Q3,AMZN,2025-07-31,>$10B,strong,7,2,2,1,2025-08-01,217.210007,1.8830,2.1822,3.7429,1.0865,2.6012,0001018724-25-000084,amzn-20250630xex991.htm,earnings_exhibit,30692,/Users/aeternusholdings/Documents/GitHub/AeternusHoldings/cache/sec/sec_docs_text/AMZN_000101872425000084_amzn-20250630xex991.htm.txt,18,,4.0,13.4611,,,,,HP4 - Fundamental reacceleration watch tag,,HP research extension,2,2,2,1,2,1,4,constructive,1,AI-enabled operations and retail growth,"AI demand forecasting, shopping agents, Alexa+, DeepFleet, net sales growth",Net sales increased 13% to $167.7 billion; operating cash flow increased 12% to $121.1 billion; AI demand forecasting improved regional accuracy by 20%; Q3 guidance implies 10%-13% sales growth.,"Free cash flow decreased to $18.2 billion from $53.0 billion; guidance is subject to substantial uncertainty and depends on customer demand, tariffs, spending, investment timing, and mix.",medium,,8,strong,1,1,0,0,0,0,0,0,0,0,0,0,0,0,0,0,0,0,
HPX000050,2025Q3,MSFT,2025-07-30,>$10B,strong,7,2,2,1,2025-07-31,555.229980,-6.0263,-8.9170,-9.0251,-7.3177,-2.4638,0000950170-25-100226,msft-ex99_1.htm,earnings_exhibit,18317,/Users/aeternusholdings/Documents/GitHub/AeternusHoldings/cache/sec/sec_docs_text/MSFT_000095017025100226_msft-ex99_1.htm.txt,17,,3.0,28.7908,,,,,HP4 - Fundamental reacceleration watch tag,,HP research extension,3,3,2,2,1,0,9,inflecting,3,Cloud and AI growth,"Azure, Microsoft Cloud, Microsoft 365 Commercial cloud","Quarterly revenue increased 18%, operating income 23%, net income 24%; Microsoft Cloud revenue reached $46.7 billion, up 27%; Azure surpassed $75 billion annual revenue, up 34%.","Risk factors cite intense competition, execution risk in cloud and AI services, and significant investments that may not achieve expected returns.",high,,10,strong,3,1,1,0,0,0,0,0,0,0,0,0,0,0,0,0,0,0,
HPX000051,2025Q4,AAPL,2025-10-30,>$10B,strong,8,2,2,1,2025-10-31,276.989990,-2.7293,-3.8774,2.2059,-1.4116,-6.7548,0000320193-25-000077,a8-kex991q4202509272025.htm,earnings_exhibit,13522,/Users/aeternusholdings/Documents/GitHub/AeternusHoldings/cache/sec/sec_docs_text/AAPL_000032019325000077_a8-kex991q4202509272025.htm.txt,18,,0.0,31.3558,,,,HP3 - Large-revenue theme-leader exception,,HP production extension,HP research extension,2,2,2,2,1,0,7,inflecting,3,Product cycle and services expansion,"iPhone revenue record, Services all-time record, installed base high","Quarterly revenue was $102.5 billion, up 8%; Services reached an all-time revenue record; iPhone set a September quarter revenue record; adjusted EPS increased 13%.","Risks include macro conditions, trade disputes, geopolitical tensions, and product design, manufacture, introduction, and transition risks.",medium,,11,strong,3,1,0,0,0,0,0,0,0,0,0,0,0,0,0,0,0,0,
HPX000052,2025Q4,WMT,2025-11-20,>$10B,strong,6,1,1,1,2025-11-21,107.980003,3.2876,6.9828,4.2786,9.9370,15.6418,0000104169-25-000177,earningspresentationfy26.htm,earnings_exhibit,57669,/Users/aeternusholdings/Documents/GitHub/AeternusHoldings/cache/sec/sec_docs_text/WMT_000010416925000177_earningspresentationfy26.htm.txt,18,,3.0,10.105,,,,,HP4 - Fundamental reacceleration watch tag,,HP research extension,3,3,2,2,1,1,8,inflecting,3,Omnichannel growth and mix improvement,"Global eCommerce, membership income, digital advertising, inventory management",Total revenues reached $179.5 billion; constant-currency revenues increased 6.0%; global eCommerce net sales grew 27%; membership and other income grew 9.0%; updated FY guidance increased net sales and adjusted operating income ranges.,Reported operating income declined 0.2% despite 5.8% net sales growth; operating expenses were affected by a $0.7 billion PhonePe share-based compensation charge and deleverage from wage investments and claims expense.,high,,9,strong,3,1,1,0,0,0,0,0,0,0,0,0,0,0,0,0,0,0,
HPX000053,2026Q1,AAPL,2026-01-29,>$10B,strong,9,2,2,1,2026-01-30,255.169998,7.6224,2.1202,3.7426,-0.5408,,0000320193-26-000005,a8-kex991q1202612272025.htm,earnings_exhibit,9895,/Users/aeternusholdings/Documents/GitHub/AeternusHoldings/cache/sec/sec_docs_text/AAPL_000032019326000005_a8-kex991q1202612272025.htm.txt,18,,1.0,-7.8775,,,,HP3 - Large-revenue theme-leader exception,,HP production extension,HP research extension,3,3,2,2,0,0,10,inflecting,3,Demand acceleration and services growth,"Best-ever iPhone quarter, Services all-time record, 2.5B active devices","Revenue was $143.8 billion, up 16%; EPS was $2.84, up 19%; iPhone had its best-ever quarter; Services grew 14%; operating cash flow was nearly $54 billion.","Only general forward-looking and macro, trade, geopolitical, and product-transition risks are provided; no packet evidence of guidance cut or demand break.",high,,12,strong,3,1,1,0,0,0,0,0,0,0,0,0,0,0,0,0,0,0,
HPX000054,2026Q1,AMZN,2026-02-05,>$10B,strong,8,2,2,1,2026-02-06,202.699997,-0.7647,2.5752,5.3231,5.4613,,0001018724-26-000002,amzn-20251231xex991.htm,earnings_exhibit,36290,/Users/aeternusholdings/Documents/GitHub/AeternusHoldings/cache/sec/sec_docs_text/AMZN_000101872426000002_amzn-20251231xex991.htm.txt,18,,1.0,-18.9524,,,,HP3 - Large-revenue theme-leader exception,,HP production extension,HP research extension,3,3,2,1,3,1,5,constructive,1,"AI, cloud, advertising, and infrastructure growth","AWS growth, Trainium3 demand, Advertising, AI chips, robotics, satellites","Operating cash flow increased 20% to $139.5 billion; AWS grew 24%, advertising 22%, chips triple digits; Q1 2026 guidance implies 11%-15% net sales growth.","Free cash flow decreased to $11.2 billion from $38.2 billion, driven by $50.7 billion higher property and equipment purchases; 2026 capex expected around $200 billion; guidance subject to substantial uncertainty.",high,,9,strong,1,1,0,0,0,0,0,0,0,0,0,0,0,0,0,0,0,0,
HPX000055,2026Q1,GOOG,2026-02-04,>$10B,strong,8,2,2,1,2026-02-05,313.200012,-3.3142,-0.0543,-2.2957,-4.9617,,0001652044-26-000012,googexhibit991q42025.htm,earnings_exhibit,24900,/Users/aeternusholdings/Documents/GitHub/AeternusHoldings/cache/sec/sec_docs_text/GOOG_000165204426000012_googexhibit991q42025.htm.txt,18,,1.0,7.3632,,,,HP3 - Large-revenue theme-leader exception,,HP production extension,HP research extension,3,3,2,2,2,0,8,inflecting,3,AI-led cloud and services growth,"Google Cloud AI Infrastructure, Gemini 3, Search, YouTube subscriptions",Revenues increased 18% to $113.8 billion; Google Cloud revenue increased 48% to $17.7 billion; operating income increased 16%; net income increased 30%; free cash flow was $73.3 billion TTM.,2026 capex is anticipated at $175-$185 billion; operating income included a $2.1 billion Waymo employee compensation charge; risk factors are incorporated by reference.,high,,11,strong,3,1,1,0,0,0,0,0,0,0,0,0,0,0,0,0,0,0,
HPX000056,2026Q1,GOOGL,2026-02-04,>$10B,strong,8,2,2,1,2026-02-05,312.220001,-3.2669,0.2178,-1.8769,-3.9171,,0001652044-26-000012,googexhibit991q42025.htm,earnings_exhibit,24900,/Users/aeternusholdings/Documents/GitHub/AeternusHoldings/cache/sec/sec_docs_text/GOOGL_000165204426000012_googexhibit991q42025.htm.txt,18,,1.0,7.075,,,,HP3 - Large-revenue theme-leader exception,,HP production extension,HP research extension,3,3,2,2,2,0,8,inflecting,3,AI-led cloud and services growth,"Google Cloud AI Infrastructure, Gemini 3, Search, YouTube subscriptions",Revenues increased 18% to $113.8 billion; Google Cloud revenue increased 48% to $17.7 billion; operating income increased 16%; net income increased 30%; free cash flow was $73.3 billion TTM.,2026 capex is anticipated at $175-$185 billion; operating income included a $2.1 billion Waymo employee compensation charge; risk factors are incorporated by reference.,high,,11,strong,3,1,1,0,0,0,0,0,0,0,0,0,0,0,0,0,0,0,
