quarter,ticker,cik,asof_date
2023Q3,A,1090872,2023-08-15
2023Q3,AAP,1158449,2023-08-23
2023Q3,AAT,1500217,2023-07-25
2023Q3,ABG,1144980,2023-07-25
2023Q3,ABM,771497,2023-09-07
2023Q3,ABNB,1559720,2023-08-03
2023Q3,ABT,1800,2023-07-20
2023Q3,ACA,1739445,2023-08-03
2023Q3,ACAD,1070494,2023-07-18
2023Q3,ACCO,712034,2023-08-08
2023Q3,ACDC,0001881487,2023-08-10
2023Q3,ACGL,947484,2023-07-26
2023Q3,ACH,75252,2023-08-04
2023Q3,ACIW,935036,2023-08-03
2023Q3,ACLS,1113232,2023-08-02
2023Q3,ACT,1823529,2023-08-01
2023Q3,ACVA,1637873,2023-08-07
2023Q3,ADBE,796343,2023-09-14
2023Q3,ADEA,1803696,2023-08-07
2023Q3,ADI,6281,2023-08-23
2023Q3,ADNT,1670541,2023-08-02
2023Q3,ADSK,769397,2023-08-23
2023Q3,ADTN,926282,2023-08-07
2023Q3,ADUS,1468328,2023-07-31
2023Q3,ADV,1776661,2023-08-04
2023Q3,AEE,1002910,2023-08-02
2023Q3,AEIS,927003,2023-08-03
2023Q3,AEO,919012,2023-08-03
2023Q3,AEP,4904,2023-07-27
2023Q3,AES,874761,2023-08-03
2023Q3,AFL,4977,2023-08-01
2023Q3,AFRM,1820953,2023-08-24
2023Q3,AGX,100591,2023-09-06
2023Q3,AGYS,78749,2023-07-24
2023Q3,AHCO,1725255,2023-08-08
2023Q3,AHRT,1569187,2023-08-03
2023Q3,AI,1577526,2023-09-06
2023Q3,AIOT,1774170,2023-08-08
2023Q3,AIZ,1267238,2023-08-01
2023Q3,AJG,354190,2023-07-27
2023Q3,AKAM,1086222,2023-08-08
2023Q3,ALB,915913,2023-08-02
2023Q3,ALG,897077,2023-08-02
2023Q3,ALGM,866291,2023-08-01
2023Q3,ALGN,1097149,2023-07-26
2023Q3,ALGT,1362468,2023-08-02
2023Q3,ALKS,1520262,2023-07-26
2023Q3,ALLE,1579241,2023-07-26
2023Q3,ALRM,1459200,2023-08-09
2023Q3,ALTG,1759824,2023-08-09
2023Q3,AMC,1411579,2023-08-08
2023Q3,AMCX,1514991,2023-08-04
2023Q3,AMD,2488,2023-08-01
2023Q3,AME,1037868,2023-08-01
2023Q3,AMGN,318154,2023-08-03
2023Q3,AMKR,1047127,2023-07-31
2023Q3,AMN,1142750,2023-08-03
2023Q3,AMP,820027,2023-07-26
2023Q3,AMPH,1297184,2023-08-08
2023Q3,AMR,1704715,2023-08-04
2023Q3,AMRX,1723128,2023-08-04
2023Q3,AMT,1053507,2023-07-27
2023Q3,AMWD,794619,2023-08-29
2023Q3,ANDE,821026,2023-08-01
2023Q3,ANET,1596532,2023-07-31
2023Q3,ANF,1018840,2023-08-24
2023Q3,ANGI,1705110,2023-08-08
2023Q3,ANGO,1275187,2023-07-12
2023Q3,AON,315293,2023-07-28
2023Q3,AOS,91142,2023-07-27
2023Q3,AOSL,1387467,2023-08-09
2023Q3,APAM,1517302,2023-08-01
2023Q3,APD,2969,2023-08-03
2023Q3,APEI,1201792,2023-08-08
2023Q3,APH,820313,2023-07-26
2023Q3,APLE,1418121,2023-08-03
2023Q3,APO,0001858681,2023-08-03
2023Q3,APP,1751008,2023-08-09
2023Q3,APPF,1433195,2023-07-27
2023Q3,APPN,1441683,2023-08-03
2023Q3,APTV,1521332,2023-08-03
2023Q3,ARCB,894405,2023-07-28
2023Q3,ARES,1176948,2023-08-01
2023Q3,ARLO,1736946,2023-08-10
2023Q3,ARLP,1086600,2023-07-31
2023Q3,ARRY,1820721,2023-08-08
2023Q3,ARWR,879407,2023-08-07
2023Q3,ASAN,1477720,2023-09-05
2023Q3,ASB,7789,2023-07-20
2023Q3,ASGN,890564,2023-07-26
2023Q3,ASIX,1673985,2023-08-04
2023Q3,ASO,1817358,2023-08-31
2023Q3,ASTH,1083446,2023-08-07
2023Q3,ATKR,1666138,2023-08-08
2023Q3,ATMU,0001921963,2023-08-08
2023Q3,ATNI,879585,2023-07-27
2023Q3,ATO,731802,2023-08-02
2023Q3,ATRO,8063,2023-07-17
2023Q3,AVA,104918,2023-08-02
2023Q3,AVAV,1368622,2023-09-05
2023Q3,AVB,915912,2023-08-01
2023Q3,AVD,5981,2023-08-09
2023Q3,AVNS,1606498,2023-08-09
2023Q3,AVNT,1122976,2023-07-27
2023Q3,AVNW,1377789,2023-08-23
2023Q3,AVY,8818,2023-07-25
2023Q3,AWK,1410636,2023-07-26
2023Q3,AWR,1056903,2023-08-07
2023Q3,AXON,1069183,2023-08-08
2023Q3,AXP,4962,2023-07-21
2023Q3,AZZ,8947,2023-07-07
2023Q3,BALL,9389,2023-08-03
2023Q3,BANC,1169770,2023-07-25
2023Q3,BARK,1819574,2023-08-08
2023Q3,BAX,10456,2023-07-27
2023Q3,BBBY,1130713,2023-07-27
2023Q3,BBSI,902791,2023-08-02
2023Q3,BBT,1108134,2023-07-20
2023Q3,BBY,764478,2023-08-29
2023Q3,BCC,1328581,2023-07-31
2023Q3,BCO,78890,2023-08-09
2023Q3,BCPC,9326,2023-07-28
2023Q3,BDC,913142,2023-08-03
2023Q3,BDN,790816,2023-07-26
2023Q3,BDX,10795,2023-08-03
2023Q3,BE,1664703,2023-08-03
2023Q3,BEN,38777,2023-07-28
2023Q3,BF-B,14693,2023-08-30
2023Q3,BFH,1101215,2023-07-27
2023Q3,BGS,1278027,2023-08-03
2023Q3,BHE,863436,2023-07-31
2023Q3,BHF,1685040,2023-08-08
2023Q3,BHFAL,1685040,2023-08-08
2023Q3,BHFAM,1685040,2023-08-08
2023Q3,BHFAN,1685040,2023-08-08
2023Q3,BHFAO,1685040,2023-08-08
2023Q3,BHFAP,1685040,2023-08-08
2023Q3,BHR,1574085,2023-08-02
2023Q3,BIIB,875045,2023-07-25
2023Q3,BKH,1130464,2023-08-02
2023Q3,BKNG,1075531,2023-08-03
2023Q3,BKR,1701605,2023-07-19
2023Q3,BLBD,1589526,2023-08-09
2023Q3,BLDR,1316835,2023-08-02
2023Q3,BLKB,1280058,2023-08-01
2023Q3,BLMN,1546417,2023-08-01
2023Q3,BMBL,1830043,2023-08-08
2023Q3,BMI,9092,2023-07-20
2023Q3,BMRN,1048477,2023-07-31
2023Q3,BNED,1634117,2023-08-04
2023Q3,BNL,1424182,2023-08-02
2023Q3,BOOT,1610250,2023-08-02
2023Q3,BOX,1372612,2023-08-29
2023Q3,BPOP,763901,2023-07-26
2023Q3,BR,1383312,2023-08-08
2023Q3,BRKR,1109354,2023-08-03
2023Q3,BRSP,1717547,2023-08-02
2023Q3,BSX,885725,2023-07-27
2023Q3,BSY,1031308,2023-08-08
2023Q3,BTU,1064728,2023-07-27
2023Q3,BV,1734713,2023-08-03
2023Q3,BVS,1665988,2023-08-08
2023Q3,BWIN,1781755,2023-08-09
2023Q3,BWXT,1486957,2023-08-03
2023Q3,BX,1393818,2023-07-20
2023Q3,BXC,1301787,2023-08-01
2023Q3,BXP,1037540,2023-08-01
2023Q3,BZH,915840,2023-07-27
2023Q3,CABO,1632127,2023-08-03
2023Q3,CACC,885550,2023-08-01
2023Q3,CAG,23217,2023-07-13
2023Q3,CAKE,887596,2023-08-02
2023Q3,CAL,14707,2023-08-31
2023Q3,CALM,16160,2023-07-25
2023Q3,CALX,1406666,2023-07-19
2023Q3,CALY,837465,2023-08-08
2023Q3,CAR,723612,2023-07-31
2023Q3,CARG,1494259,2023-08-09
2023Q3,CARR,1783180,2023-07-27
2023Q3,CARS,1683606,2023-08-03
2023Q3,CASH,907471,2023-07-26
2023Q3,CBL,910612,2023-08-09
2023Q3,CBOE,1374310,2023-08-04
2023Q3,CBRE,1138118,2023-07-27
2023Q3,CBRL,1067294,2023-09-13
2023Q3,CBT,16040,2023-08-07
2023Q3,CBZ,944148,2023-07-27
2023Q3,CC,1627223,2023-07-28
2023Q3,CCC,1818201,2023-08-01
2023Q3,CCI,1051470,2023-07-19
2023Q3,CCL,815097,2023-09-29
2023Q3,CCOI,1158324,2023-08-10
2023Q3,CCRN,1141103,2023-08-02
2023Q3,CCS,1576940,2023-07-26
2023Q3,CDE,215466,2023-08-09
2023Q3,CDNS,813672,2023-07-24
2023Q3,CDP,860546,2023-07-27
2023Q3,CDRE,1860543,2023-08-08
2023Q3,CDW,1402057,2023-08-02
2023Q3,CECO,3197,2023-08-08
2023Q3,CEG,0001868275,2023-08-03
2023Q3,CELH,1341766,2023-08-08
2023Q3,CENX,949157,2023-08-09
2023Q3,CF,1324404,2023-08-02
2023Q3,CFG,759944,2023-07-19
2023Q3,CFLT,1699838,2023-08-02
2023Q3,CGNX,851205,2023-08-03
2023Q3,CHD,313927,2023-07-28
2023Q3,CHDN,20212,2023-07-26
2023Q3,CHEF,1517175,2023-08-02
2023Q3,CHRD,1486159,2023-08-02
2023Q3,CHRW,1043277,2023-08-02
2023Q3,CIEN,936395,2023-08-31
2023Q3,CINF,20286,2023-07-27
2023Q3,CL,21665,2023-07-28
2023Q3,CLB,0001958086,2023-07-26
2023Q3,CLNE,1368265,2023-08-09
2023Q3,CLW,1441236,2023-08-01
2023Q3,CLX,21076,2023-08-02
2023Q3,CMCO,1005229,2023-08-02
2023Q3,CME,1156375,2023-07-26
2023Q3,CMG,1058090,2023-07-26
2023Q3,CMI,26172,2023-08-03
2023Q3,CMS,811156,2023-07-27
2023Q3,CNDT,1677703,2023-08-02
2023Q3,CNK,1385280,2023-08-04
2023Q3,CNMD,816956,2023-07-26
2023Q3,CNNE,1704720,2023-08-09
2023Q3,CNO,1224608,2023-07-31
2023Q3,CNP,1130310,2023-07-27
2023Q3,CNR,1710366,2023-08-08
2023Q3,CNTY,911147,2023-08-08
2023Q3,CNX,1070412,2023-07-27
2023Q3,CNXC,1803599,2023-09-27
2023Q3,CNXN,1050377,2023-08-02
2023Q3,COCO,1482981,2023-08-02
2023Q3,CODI,1345126,2023-08-02
2023Q3,COF,927628,2023-07-20
2023Q3,COHR,820318,2023-08-16
2023Q3,COIN,1679788,2023-08-03
2023Q3,COKE,317540,2023-08-02
2023Q3,COLL,1267565,2023-08-03
2023Q3,COLM,1050797,2023-08-01
2023Q3,COMP,1563190,2023-08-07
2023Q3,COO,711404,2023-08-30
2023Q3,COOK,1857853,2023-08-02
2023Q3,CORT,1088856,2023-08-02
2023Q3,CPAY,1175454,2023-08-08
2023Q3,CPB,16732,2023-08-31
2023Q3,CPK,19745,2023-08-03
2023Q3,CPRT,900075,2023-09-14
2023Q3,CRAI,1053706,2023-08-03
2023Q3,CRC,1609253,2023-07-31
2023Q3,CRCT,1828962,2023-08-08
2023Q3,CRDO,0001807794,2023-08-24
2023Q3,CRI,1060822,2023-07-28
2023Q3,CRK,23194,2023-07-31
2023Q3,CRL,1100682,2023-08-09
2023Q3,CRM,1108524,2023-08-30
2023Q3,CRNC,1768267,2023-08-08
2023Q3,CROX,1334036,2023-07-27
2023Q3,CRSP,1674416,2023-08-07
2023Q3,CRSR,1743759,2023-08-03
2023Q3,CRTO,1576427,2023-08-02
2023Q3,CRUS,772406,2023-08-03
2023Q3,CRVL,874866,2023-08-01
2023Q3,CSGP,1057352,2023-07-25
2023Q3,CSGS,1005757,2023-08-02
2023Q3,CSX,277948,2023-07-20
2023Q3,CTAS,723254,2023-07-13
2023Q3,CTEV,1793229,2023-08-02
2023Q3,CTLP,896429,2023-09-06
2023Q3,CTOS,1709682,2023-08-08
2023Q3,CTRA,858470,2023-08-07
2023Q3,CTRN,1318484,2023-08-22
2023Q3,CTS,26058,2023-07-25
2023Q3,CTSH,1058290,2023-08-02
2023Q3,CTVA,1755672,2023-08-03
2023Q3,CVCO,278166,2023-08-03
2023Q3,CVGI,1290900,2023-08-01
2023Q3,CVGW,1133470,2023-09-06
2023Q3,CVI,1376139,2023-07-31
2023Q3,CVLG,928658,2023-07-26
2023Q3,CVLT,1169561,2023-08-01
2023Q3,CVNA,1690820,2023-07-19
2023Q3,CVSA,730464,2023-08-10
2023Q3,CWH,1669779,2023-08-01
2023Q3,CWK,1628369,2023-07-31
2023Q3,CWST,911177,2023-07-27
2023Q3,CWT,1035201,2023-07-27
2023Q3,CXM,1569345,2023-09-06
2023Q3,CXW,1070985,2023-08-08
2023Q3,CYH,1108109,2023-08-02
2023Q3,CZR,1590895,2023-08-01
2023Q3,D,715957,2023-08-04
2023Q3,DAN,26780,2023-07-28
2023Q3,DASH,1792789,2023-08-02
2023Q3,DBD,28823,2023-08-09
2023Q3,DBI,1319947,2023-09-07
2023Q3,DBX,1467623,2023-08-03
2023Q3,DCGO,1822359,2023-08-07
2023Q3,DCH,1062231,2023-08-04
2023Q3,DCO,30305,2023-08-03
2023Q3,DD,1666700,2023-08-02
2023Q3,DDD,910638,2023-08-09
2023Q3,DDOG,1561550,2023-08-08
2023Q3,DECK,910521,2023-07-27
2023Q3,DEI,1364250,2023-08-01
2023Q3,DFIN,1669811,2023-08-02
2023Q3,DG,29534,2023-08-31
2023Q3,DGII,854775,2023-08-03
2023Q3,DGX,1022079,2023-07-26
2023Q3,DHR,313616,2023-07-25
2023Q3,DIN,49754,2023-08-03
2023Q3,DIOD,29002,2023-08-08
2023Q3,DK,1694426,2023-08-07
2023Q3,DLR,1297996,2023-07-27
2023Q3,DLTR,935703,2023-08-24
2023Q3,DLX,27996,2023-08-03
2023Q3,DNOW,1599617,2023-08-02
2023Q3,DNUT,1857154,2023-08-10
2023Q3,DOC,765880,2023-07-27
2023Q3,DOCN,1582961,2023-07-06
2023Q3,DOCU,1261333,2023-09-07
2023Q3,DOV,29905,2023-07-25
2023Q3,DPZ,1286681,2023-07-24
2023Q3,DRH,1298946,2023-08-03
2023Q3,DRI,940944,2023-09-21
2023Q3,DRS,1833756,2023-07-28
2023Q3,DRVN,1804745,2023-08-02
2023Q3,DSGR,703604,2023-08-03
2023Q3,DTE,936340,2023-07-27
2023Q3,DUK,1326160,2023-08-08
2023Q3,DUOL,1562088,2023-08-08
2023Q3,DVA,927066,2023-08-03
2023Q3,DVN,1090012,2023-08-01
2023Q3,DXCM,1093557,2023-07-27
2023Q3,DXLG,813298,2023-08-24
2023Q3,DXPE,1020710,2023-08-09
2023Q3,DY,67215,2023-08-23
2023Q3,EA,712515,2023-08-01
2023Q3,EAT,703351,2023-08-16
2023Q3,EBAY,1065088,2023-07-26
2023Q3,EBF,33002,2023-09-18
2023Q3,EBS,1367644,2023-08-08
2023Q3,ECL,31462,2023-08-01
2023Q3,ECPG,1084961,2023-08-02
2023Q3,ECVT,1708035,2023-08-03
2023Q3,ED,1047862,2023-08-03
2023Q3,EE,0001888447,2023-08-09
2023Q3,EEFT,1029199,2023-07-26
2023Q3,EEX,1579214,2023-08-02
2023Q3,EFX,33185,2023-07-19
2023Q3,EG,1095073,2023-07-26
2023Q3,EHAB,0001803737,2023-08-09
2023Q3,EIG,1379041,2023-07-26
2023Q3,EIX,827052,2023-07-27
2023Q3,EMBC,0001872789,2023-08-08
2023Q3,EME,105634,2023-07-27
2023Q3,EMR,32604,2023-08-02
2023Q3,ENOV,1420800,2023-08-03
2023Q3,ENPH,1463101,2023-07-27
2023Q3,ENR,1632790,2023-08-08
2023Q3,ENS,1289308,2023-08-09
2023Q3,ENSG,1125376,2023-07-27
2023Q3,ENTG,1101302,2023-08-03
2023Q3,ENVA,1529864,2023-07-25
2023Q3,EOG,821189,2023-08-03
2023Q3,EPAM,1352010,2023-08-03
2023Q3,EPC,1096752,2023-08-03
2023Q3,EPM,1006655,2023-09-12
2023Q3,EQIX,1101239,2023-08-02
2023Q3,EQR,906107,2023-07-27
2023Q3,EQT,33213,2023-07-13
2023Q3,ERIE,922621,2023-07-27
2023Q3,ES,72741,2023-07-31
2023Q3,ESE,866706,2023-08-08
2023Q3,ESRT,1541401,2023-07-26
2023Q3,ESS,920522,2023-07-27
2023Q3,ETN,1551182,2023-08-01
2023Q3,ETR,65984,2023-08-02
2023Q3,EVCM,1853145,2023-08-07
2023Q3,EVER,1640428,2023-08-07
2023Q3,EVH,1628908,2023-08-02
2023Q3,EVRG,1711269,2023-08-04
2023Q3,EVTC,1559865,2023-07-21
2023Q3,EW,1099800,2023-07-26
2023Q3,EXAS,1124140,2023-08-01
2023Q3,EXC,1109357,2023-08-02
2023Q3,EXE,895126,2023-08-01
2023Q3,EXEL,939767,2023-08-01
2023Q3,EXLS,1297989,2023-07-27
2023Q3,EXPD,746515,2023-08-08
2023Q3,EXPE,1324424,2023-08-03
2023Q3,EXPI,1495932,2023-08-03
2023Q3,EXR,1289490,2023-08-03
2023Q3,EXTR,1078271,2023-08-02
2023Q3,EYE,1710155,2023-07-26
2023Q3,EZPW,876523,2023-08-02
2023Q3,FA,1210677,2023-08-09
2023Q3,FANG,1539838,2023-07-11
2023Q3,FAST,815556,2023-07-13
2023Q3,FBP,1057706,2023-07-27
2023Q3,FCX,831259,2023-07-20
2023Q3,FDP,1047340,2023-08-02
2023Q3,FDS,1013237,2023-09-21
2023Q3,FE,1031296,2023-08-01
2023Q3,FELE,38725,2023-07-25
2023Q3,FET,1401257,2023-08-04
2023Q3,FFIV,1048695,2023-07-24
2023Q3,FG,0001934850,2023-08-08
2023Q3,FHB,36377,2023-07-28
2023Q3,FICO,814547,2023-08-02
2023Q3,FIGS,1846576,2023-08-03
2023Q3,FIS,1136893,2023-08-02
2023Q3,FISV,798354,2023-07-26
2023Q3,FIVE,1177609,2023-08-30
2023Q3,FIVN,1288847,2023-08-07
2023Q3,FIX,1035983,2023-07-26
2023Q3,FLNC,0001868941,2023-08-09
2023Q3,FLR,1124198,2023-08-04
2023Q3,FLXS,37472,2023-08-21
2023Q3,FN,1408710,2023-08-21
2023Q3,FNKO,1704711,2023-08-03
2023Q3,FOR,1406587,2023-07-20
2023Q3,FORM,1039399,2023-08-02
2023Q3,FORR,1023313,2023-07-27
2023Q3,FOXF,1424929,2023-08-03
2023Q3,FRSH,1544522,2023-08-01
2023Q3,FRT,34903,2023-08-02
2023Q3,FSLR,1274494,2023-07-27
2023Q3,FSTR,352825,2023-08-08
2023Q3,FTAI,1590364,2023-07-26
2023Q3,FTDR,1727263,2023-08-02
2023Q3,FTNT,1262039,2023-08-03
2023Q3,FTRE,0001965040,2023-08-14
2023Q3,FTV,1659166,2023-07-26
2023Q3,FUBO,1484769,2023-08-04
2023Q3,FWONA,1560385,2023-08-04
2023Q3,FWONK,1560385,2023-08-04
2023Q3,FWRD,912728,2023-08-02
2023Q3,FWRG,1789940,2023-08-01
2023Q3,GATX,40211,2023-07-25
2023Q3,GBTG,1820872,2023-08-10
2023Q3,GBX,923120,2023-09-21
2023Q3,GCO,18498,2023-08-31
2023Q3,GD,40533,2023-07-26
2023Q3,GDDY,1609711,2023-08-03
2023Q3,GDEN,1071255,2023-07-31
2023Q3,GDOT,1386278,2023-08-03
2023Q3,GDRX,1809519,2023-08-09
2023Q3,GEF,43920,2023-09-05
2023Q3,GEHC,0001932393,2023-07-25
2023Q3,GEN,849399,2023-08-03
2023Q3,GEO,923796,2023-08-15
2023Q3,GETY,0001898496,2023-08-14
2023Q3,GFF,50725,2023-08-02
2023Q3,GH,1576280,2023-08-03
2023Q3,GHC,104889,2023-08-02
2023Q3,GHM,716314,2023-08-07
2023Q3,GIC,945114,2023-08-01
2023Q3,GIII,821002,2023-09-07
2023Q3,GILD,882095,2023-08-03
2023Q3,GIS,40704,2023-09-20
2023Q3,GL,320335,2023-07-26
2023Q3,GLPI,1575965,2023-07-28
2023Q3,GLW,24741,2023-07-25
2023Q3,GNE,1528356,2023-08-07
2023Q3,GNRC,1474735,2023-08-02
2023Q3,GNTX,355811,2023-07-28
2023Q3,GNW,1276520,2023-08-01
2023Q3,GO,1771515,2023-08-08
2023Q3,GOLD,1591588,2023-09-05
2023Q3,GOLF,1672013,2023-08-03
2023Q3,GPC,40987,2023-07-20
2023Q3,GPI,1031203,2023-07-26
2023Q3,GPN,1123360,2023-08-01
2023Q3,GPOR,874499,2023-08-01
2023Q3,GRBK,1373670,2023-08-02
2023Q3,GRC,42682,2023-07-28
2023Q3,GRMN,1121788,2023-08-02
2023Q3,GRPN,1490281,2023-08-09
2023Q3,GT,42582,2023-08-02
2023Q3,GTLB,1653482,2023-09-05
2023Q3,GTLS,892553,2023-07-28
2023Q3,GTM,1794515,2023-07-31
2023Q3,GTX,1735707,2023-07-27
2023Q3,GWW,277135,2023-07-27
2023Q3,HAE,313143,2023-08-08
2023Q3,HAIN,910406,2023-08-24
2023Q3,HAL,45012,2023-07-19
2023Q3,HALO,1159036,2023-08-08
2023Q3,HAS,46080,2023-08-03
2023Q3,HBAN,49196,2023-07-21
2023Q3,HBANL,49196,2023-07-21
2023Q3,HBANP,49196,2023-07-21
2023Q3,HBB,1709164,2023-08-02
2023Q3,HCC,1691303,2023-08-02
2023Q3,HCI,1400810,2023-08-08
2023Q3,HCSG,731012,2023-07-26
2023Q3,HE,354707,2023-08-07
2023Q3,HELE,916789,2023-07-12
2023Q3,HGV,1674168,2023-08-03
2023Q3,HIG,874766,2023-07-27
2023Q3,HII,1501585,2023-08-03
2023Q3,HIMS,1773751,2023-08-07
2023Q3,HLF,1180262,2023-08-02
2023Q3,HLIO,1024795,2023-08-07
2023Q3,HLIT,851310,2023-07-31
2023Q3,HLMN,1822492,2023-08-08
2023Q3,HLNE,1433642,2023-08-01
2023Q3,HLT,1585689,2023-07-26
2023Q3,HLX,866829,2023-07-27
2023Q3,HMN,850141,2023-07-20
2023Q3,HNI,48287,2023-08-08
2023Q3,HON,773840,2023-07-27
2023Q3,HOOD,1783879,2023-07-31
2023Q3,HOV,357294,2023-08-30
2023Q3,HP,46765,2023-07-26
2023Q3,HPP,1482512,2023-08-01
2023Q3,HQY,1428336,2023-09-05
2023Q3,HRI,1364479,2023-07-25
2023Q3,HRL,48465,2023-08-31
2023Q3,HRMY,1802665,2023-08-01
2023Q3,HRTG,1598665,2023-08-09
2023Q3,HSIC,1000228,2023-08-07
2023Q3,HST,1070750,2023-08-02
2023Q3,HSY,47111,2023-07-27
2023Q3,HTH,1265131,2023-07-20
2023Q3,HTLD,799233,2023-08-03
2023Q3,HTO,766829,2023-07-31
2023Q3,HTZ,1657853,2023-07-27
2023Q3,HUBB,48898,2023-07-25
2023Q3,HUBS,1404655,2023-08-02
2023Q3,HURC,315374,2023-09-08
2023Q3,HVT,216085,2023-08-01
2023Q3,HWKN,46250,2023-08-02
2023Q3,HWM,4281,2023-08-01
2023Q3,HY,1173514,2023-08-01
2023Q3,HZO,1057060,2023-07-27
2023Q3,IAC,1800227,2023-08-08
2023Q3,IART,917520,2023-07-27
2023Q3,IBKR,1381197,2023-07-18
2023Q3,IBP,1580905,2023-08-02
2023Q3,ICE,1571949,2023-08-03
2023Q3,ICFI,1362004,2023-08-03
2023Q3,ICHR,1652535,2023-08-08
2023Q3,ICUI,883984,2023-08-07
2023Q3,IDCC,1405495,2023-08-03
2023Q3,IDXX,874716,2023-08-01
2023Q3,IEP,813762,2023-08-04
2023Q3,IESC,1048268,2023-08-04
2023Q3,IEX,832101,2023-07-27
2023Q3,IFF,51253,2023-08-07
2023Q3,IIIV,1728688,2023-08-08
2023Q3,ILMN,1110803,2023-08-09
2023Q3,INCY,879169,2023-08-01
2023Q3,INSW,1679049,2023-08-09
2023Q3,INTA,1565687,2023-09-06
2023Q3,INVH,1687229,2023-07-26
2023Q3,IONS,874015,2023-08-09
2023Q3,IOSP,1054905,2023-08-08
2023Q3,IP,51434,2023-07-27
2023Q3,IPAR,822663,2023-07-25
2023Q3,IPGP,1111928,2023-08-01
2023Q3,IQV,1478242,2023-08-01
2023Q3,IR,1699150,2023-08-02
2023Q3,IRDM,1418819,2023-07-25
2023Q3,IRM,1020569,2023-08-03
2023Q3,IRT,1466085,2023-07-26
2023Q3,IRTC,1388658,2023-08-03
2023Q3,IRWD,1446847,2023-08-08
2023Q3,ISRG,1035267,2023-07-20
2023Q3,IT,749251,2023-08-01
2023Q3,ITW,49826,2023-08-01
2023Q3,IVZ,914208,2023-07-25
2023Q3,J,52988,2023-08-08
2023Q3,JACK,807882,2023-08-09
2023Q3,JAZZ,1232524,2023-08-09
2023Q3,JBGS,1689796,2023-08-08
2023Q3,JBHT,728535,2023-07-18
2023Q3,JBI,1839839,2023-08-10
2023Q3,JBLU,1158463,2023-08-01
2023Q3,JBSS,880117,2023-08-23
2023Q3,JBTM,1433660,2023-08-01
2023Q3,JELD,1674335,2023-08-07
2023Q3,JILL,1687932,2023-08-31
2023Q3,JKHY,779152,2023-08-15
2023Q3,JRVR,1620459,2023-08-07
2023Q3,KAI,886346,2023-08-01
2023Q3,KALU,811596,2023-07-25
2023Q3,KBH,795266,2023-09-20
2023Q3,KDP,1418135,2023-07-27
2023Q3,KE,1606757,2023-08-16
2023Q3,KELYA,55135,2023-08-10
2023Q3,KEQU,55529,2023-09-01
2023Q3,KEY,91576,2023-07-20
2023Q3,KEYS,1601046,2023-08-17
2023Q3,KFRC,930420,2023-07-31
2023Q3,KFY,56679,2023-09-07
2023Q3,KGS,0001767042,2023-08-09
2023Q3,KIM,879101,2023-07-27
2023Q3,KKR,1404912,2023-08-07
2023Q3,KLAC,319201,2023-07-27
2023Q3,KLIC,56978,2023-08-08
2023Q3,KLXE,1738827,2023-08-09
2023Q3,KMB,55785,2023-07-25
2023Q3,KMI,1506307,2023-07-19
2023Q3,KMT,55242,2023-08-01
2023Q3,KN,1587523,2023-08-02
2023Q3,KNF,0001955520,2023-08-08
2023Q3,KNTK,1692787,2023-08-08
2023Q3,KOP,1315257,2023-08-03
2023Q3,KOS,1509991,2023-08-07
2023Q3,KRG,1286043,2023-07-31
2023Q3,KRO,1257640,2023-08-02
2023Q3,KSS,885639,2023-08-23
2023Q3,KTB,1760965,2023-08-03
2023Q3,KTOS,1069258,2023-08-03
2023Q3,KVUE,0001944048,2023-07-20
2023Q3,KW,1408100,2023-08-02
2023Q3,KWR,81362,2023-08-01
2023Q3,L,60086,2023-07-31
2023Q3,LAUR,912766,2023-08-03
2023Q3,LBRDA,1611983,2023-08-04
2023Q3,LBRDK,1611983,2023-08-04
2023Q3,LBTYA,1570585,2023-07-24
2023Q3,LBTYK,1570585,2023-07-24
2023Q3,LC,1409970,2023-07-26
2023Q3,LCID,1811210,2023-07-12
2023Q3,LCII,763744,2023-08-08
2023Q3,LCUT,874396,2023-08-03
2023Q3,LDOS,1336920,2023-08-01
2023Q3,LE,799288,2023-08-31
2023Q3,LECO,59527,2023-07-27
2023Q3,LEG,58492,2023-07-31
2023Q3,LESL,1821806,2023-07-13
2023Q3,LFCR,1005286,2023-08-31
2023Q3,LFST,1845257,2023-08-09
2023Q3,LFUS,889331,2023-08-01
2023Q3,LGIH,1580670,2023-08-01
2023Q3,LH,920148,2023-07-27
2023Q3,LHX,202058,2023-07-26
2023Q3,LII,1069202,2023-07-27
2023Q3,LILA,1712184,2023-08-08
2023Q3,LILAK,1712184,2023-08-08
2023Q3,LIN,1707925,2023-07-27
2023Q3,LITE,1633978,2023-08-17
2023Q3,LIVN,1639691,2023-07-26
2023Q3,LKQ,1065696,2023-07-27
2023Q3,LLY,59478,2023-08-08
2023Q3,LMB,1606163,2023-08-09
2023Q3,LNT,352541,2023-08-04
2023Q3,LNTH,1521036,2023-08-03
2023Q3,LOCO,1606366,2023-08-03
2023Q3,LOGI,1032975,2023-07-25
2023Q3,LOPE,1434588,2023-08-03
2023Q3,LOVE,1701758,2023-08-16
2023Q3,LPG,1596993,2023-07-27
2023Q3,LPLA,1397911,2023-07-27
2023Q3,LPSN,1102993,2023-08-08
2023Q3,LQDT,1235468,2023-08-03
2023Q3,LSTR,853816,2023-07-26
2023Q3,LTH,1869198,2023-07-25
2023Q3,LULU,1397187,2023-08-31
2023Q3,LUV,92380,2023-07-27
2023Q3,LVS,1300514,2023-07-19
2023Q3,LXU,60714,2023-07-26
2023Q3,LYFT,1759509,2023-08-08
2023Q3,LYV,1335258,2023-07-27
2023Q3,LZ,1286139,2023-08-08
2023Q3,LZB,57131,2023-08-22
2023Q3,MA,1141391,2023-07-27
2023Q3,MAA,912595,2023-07-26
2023Q3,MAC,912242,2023-08-08
2023Q3,MAGN,41719,2023-08-03
2023Q3,MANH,1056696,2023-07-25
2023Q3,MAR,1048286,2023-08-01
2023Q3,MAS,62996,2023-07-27
2023Q3,MASI,937556,2023-07-17
2023Q3,MAT,63276,2023-07-26
2023Q3,MATV,1000623,2023-08-09
2023Q3,MATW,63296,2023-07-28
2023Q3,MATX,3453,2023-07-20
2023Q3,MAX,1818383,2023-08-02
2023Q3,MBC,0001941365,2023-08-08
2023Q3,MBLY,0001910139,2023-07-27
2023Q3,MBUU,1590976,2023-07-03
2023Q3,MCD,63908,2023-07-27
2023Q3,MCFT,1638290,2023-08-30
2023Q3,MCHP,827054,2023-08-03
2023Q3,MCO,1059556,2023-07-25
2023Q3,MCS,62234,2023-08-02
2023Q3,MCW,1853513,2023-08-03
2023Q3,MCY,64996,2023-08-01
2023Q3,MDB,1441816,2023-08-31
2023Q3,MDLZ,1103982,2023-07-27
2023Q3,MEC,1766368,2023-08-01
2023Q3,MED,910329,2023-08-07
2023Q3,MEG,1643615,2023-08-08
2023Q3,MEI,65270,2023-09-07
2023Q3,MELI,1099590,2023-08-02
2023Q3,MERC,1333274,2023-08-03
2023Q3,MG,1436126,2023-08-02
2023Q3,MGM,789570,2023-08-02
2023Q3,MGNI,1595974,2023-08-09
2023Q3,MGPI,835011,2023-08-03
2023Q3,MGRC,752714,2023-07-27
2023Q3,MGY,1698990,2023-08-01
2023Q3,MHO,799292,2023-07-26
2023Q3,MIDD,769520,2023-08-03
2023Q3,MIR,1809987,2023-08-02
2023Q3,MKSI,1049502,2023-08-02
2023Q3,MKTX,1278021,2023-07-20
2023Q3,MLKN,66382,2023-07-12
2023Q3,MLM,916076,2023-07-27
2023Q3,MLR,924822,2023-08-09
2023Q3,MMI,1578732,2023-08-04
2023Q3,MMM,66740,2023-07-25
2023Q3,MMS,1032220,2023-08-03
2023Q3,MMSI,856982,2023-07-25
2023Q3,MNRO,876427,2023-07-26
2023Q3,MNST,865752,2023-08-03
2023Q3,MO,764180,2023-08-01
2023Q3,MOD,67347,2023-08-02
2023Q3,MORN,1289419,2023-07-28
2023Q3,MOS,1285785,2023-08-01
2023Q3,MOV,72573,2023-08-24
2023Q3,MPAA,918251,2023-08-09
2023Q3,MPWR,1280452,2023-07-31
2023Q3,MQ,1522540,2023-08-08
2023Q3,MRCY,1049521,2023-08-15
2023Q3,MRNA,1682852,2023-08-03
2023Q3,MRSH,62709,2023-07-20
2023Q3,MRVL,1835632,2023-08-24
2023Q3,MSCI,1408198,2023-07-25
2023Q3,MSGE,0001952073,2023-08-18
2023Q3,MSI,68505,2023-08-03
2023Q3,MTB,36270,2023-07-19
2023Q3,MTCH,891103,2023-08-01
2023Q3,MTD,1037646,2023-07-27
2023Q3,MTH,833079,2023-07-27
2023Q3,MTRN,1104657,2023-08-02
2023Q3,MTRX,866273,2023-09-11
2023Q3,MTSI,1493594,2023-08-03
2023Q3,MTUS,1598428,2023-08-03
2023Q3,MTW,61986,2023-08-07
2023Q3,MTX,891014,2023-07-27
2023Q3,MUR,717423,2023-08-03
2023Q3,MWA,1350593,2023-08-03
2023Q3,MXL,1288469,2023-07-26
2023Q3,MYE,69488,2023-08-03
2023Q3,MYGN,899923,2023-08-03
2023Q3,MZTI,57515,2023-08-23
2023Q3,NATR,275053,2023-08-10
2023Q3,NBIX,914475,2023-08-01
2023Q3,NBR,1163739,2023-07-25
2023Q3,NBTB,790359,2023-07-31
2023Q3,NCLH,1513761,2023-08-01
2023Q3,NCNO,0001902733,2023-08-29
2023Q3,NDAQ,1120193,2023-07-19
2023Q3,NDLS,1275158,2023-08-09
2023Q3,NDSN,72331,2023-08-21
2023Q3,NE,0001895262,2023-08-02
2023Q3,NEM,1164727,2023-07-20
2023Q3,NEO,1077183,2023-08-08
2023Q3,NEOG,711377,2023-07-27
2023Q3,NET,1477333,2023-08-03
2023Q3,NEWT,1587987,2023-07-06
2023Q3,NEWTG,1587987,2023-07-06
2023Q3,NFE,1749723,2023-08-08
2023Q3,NFLX,1065280,2023-07-19
2023Q3,NGVT,1653477,2023-08-02
2023Q3,NI,1111711,2023-08-02
2023Q3,NJR,356309,2023-08-03
2023Q3,NMIH,1547903,2023-08-01
2023Q3,NMRK,1690680,2023-07-28
2023Q3,NNBR,918541,2023-08-03
2023Q3,NOC,1133421,2023-07-27
2023Q3,NOG,1104485,2023-07-25
2023Q3,NOVT,1076930,2023-08-08
2023Q3,NOW,1373715,2023-07-26
2023Q3,NPKI,71829,2023-08-01
2023Q3,NPO,1164863,2023-08-08
2023Q3,NRDS,0001625278,2023-08-02
2023Q3,NRG,1013871,2023-08-08
2023Q3,NSC,702165,2023-07-27
2023Q3,NSIT,932696,2023-08-03
2023Q3,NSP,1000753,2023-08-01
2023Q3,NSSC,69633,2023-08-18
2023Q3,NTAP,1002047,2023-08-23
2023Q3,NTCT,1078075,2023-07-27
2023Q3,NTGR,1122904,2023-07-26
2023Q3,NTNX,1618732,2023-08-31
2023Q3,NTRA,1604821,2023-08-03
2023Q3,NTRS,73124,2023-07-19
2023Q3,NUE,73309,2023-07-24
2023Q3,NUS,1021561,2023-08-01
2023Q3,NVCR,1645113,2023-07-27
2023Q3,NVDA,1045810,2023-08-23
2023Q3,NVR,906163,2023-07-25
2023Q3,NVRI,45876,2023-08-02
2023Q3,NWL,814453,2023-07-28
2023Q3,NWN,1733998,2023-08-03
2023Q3,NWS,1564708,2023-08-10
2023Q3,NWSA,1564708,2023-08-10
2023Q3,NXPI,1413447,2023-07-25
2023Q3,NXST,1142417,2023-08-08
2023Q3,NXT,0001852131,2023-07-26
2023Q3,O,726728,2023-08-02
2023Q3,ODFL,878927,2023-07-26
2023Q3,OEC,1609804,2023-08-09
2023Q3,OFIX,884624,2023-08-08
2023Q3,OGS,1587732,2023-07-31
2023Q3,OI,812074,2023-08-01
2023Q3,OII,73756,2023-07-26
2023Q3,OKE,1039684,2023-08-07
2023Q3,OKTA,1660134,2023-08-30
2023Q3,OLED,1005284,2023-08-03
2023Q3,OLLI,1639300,2023-08-31
2023Q3,OMC,29989,2023-07-18
2023Q3,OMCL,926326,2023-08-01
2023Q3,ON,1097864,2023-07-31
2023Q3,ONB,707179,2023-07-25
2023Q3,ONC,1651308,2023-08-02
2023Q3,ONEW,1772921,2023-08-03
2023Q3,ONTO,704532,2023-08-10
2023Q3,OPCH,1014739,2023-07-27
2023Q3,OPLN,1395942,2023-08-02
2023Q3,OPTU,1702780,2023-08-02
2023Q3,ORGO,1661181,2023-08-09
2023Q3,ORLY,898173,2023-07-26
2023Q3,ORN,1402829,2023-07-27
2023Q3,OSCR,1568651,2023-08-08
2023Q3,OSIS,1039065,2023-08-24
2023Q3,OSUR,1116463,2023-08-03
2023Q3,OSW,1758488,2023-08-02
2023Q3,OTEX,1002638,2023-08-03
2023Q3,OTIS,1781335,2023-07-26
2023Q3,OTTR,1466593,2023-08-01
2023Q3,OUT,1579877,2023-08-03
2023Q3,OXY,797468,2023-08-02
2023Q3,PAHC,1069899,2023-08-30
2023Q3,PANL,1606909,2023-08-09
2023Q3,PANW,1327567,2023-08-18
2023Q3,PAR,708821,2023-08-09
2023Q3,PARR,821483,2023-08-07
2023Q3,PATK,76605,2023-07-27
2023Q3,PAYC,1590955,2023-08-01
2023Q3,PAYO,1845815,2023-08-08
2023Q3,PBF,1534504,2023-08-03
2023Q3,PBH,1295947,2023-08-03
2023Q3,PBI,78814,2023-08-03
2023Q3,PCAR,75362,2023-07-25
2023Q3,PCG,1004980,2023-07-27
2023Q3,PCTY,1591698,2023-08-03
2023Q3,PD,1568100,2023-08-31
2023Q3,PDM,1042776,2023-07-20
2023Q3,PEB,1474098,2023-07-27
2023Q3,PECO,1476204,2023-08-01
2023Q3,PEG,788784,2023-08-01
2023Q3,PEGA,1013857,2023-07-26
2023Q3,PENN,921738,2023-08-09
2023Q3,PFG,1126328,2023-07-27
2023Q3,PGNY,1551306,2023-08-03
2023Q3,PHIN,0001968915,2023-08-07
2023Q3,PHM,822416,2023-07-25
2023Q3,PII,931015,2023-07-25
2023Q3,PJT,1626115,2023-07-25
2023Q3,PKG,75677,2023-07-25
2023Q3,PKOH,76282,2023-08-02
2023Q3,PLAB,810136,2023-09-06
2023Q3,PLCE,1041859,2023-08-17
2023Q3,PLD,1045609,2023-07-18
2023Q3,PLPC,80035,2023-08-02
2023Q3,PLTK,1828016,2023-08-08
2023Q3,PLTR,1321655,2023-08-07
2023Q3,PLUS,1022408,2023-08-09
2023Q3,PLXS,785786,2023-07-26
2023Q3,PM,1413329,2023-07-20
2023Q3,PMTS,1641614,2023-08-08
2023Q3,PNC,713676,2023-07-18
2023Q3,PNR,77360,2023-07-27
2023Q3,PNTG,1766400,2023-08-08
2023Q3,PNW,764622,2023-08-03
2023Q3,PODD,1145197,2023-08-08
2023Q3,POOL,945841,2023-07-20
2023Q3,POR,784977,2023-07-28
2023Q3,POWI,833640,2023-08-03
2023Q3,POWL,80420,2023-08-01
2023Q3,PPC,802481,2023-07-27
2023Q3,PPG,79879,2023-07-20
2023Q3,PPL,922224,2023-08-04
2023Q3,PRGS,876167,2023-09-26
2023Q3,PRSU,884219,2023-08-03
2023Q3,PSA,1393311,2023-08-02
2023Q3,PTC,857005,2023-07-26
2023Q3,PTCT,1070081,2023-08-03
2023Q3,PTEN,889900,2023-07-26
2023Q3,PTLO,1871509,2023-08-03
2023Q3,PTON,1639825,2023-08-23
2023Q3,PUMP,1680247,2023-08-02
2023Q3,PWP,1777835,2023-08-03
2023Q3,PWR,1050915,2023-08-03
2023Q3,PYPL,1633917,2023-08-02
2023Q3,PZZA,901491,2023-08-03
2023Q3,QDEL,0001906324,2023-08-08
2023Q3,QLYS,1107843,2023-08-03
2023Q3,QNST,1117297,2023-08-09
2023Q3,QRVO,1604778,2023-08-02
2023Q3,QTWO,1410384,2023-08-02
2023Q3,QUAD,1481792,2023-08-01
2023Q3,QVCGA,1355096,2023-08-04
2023Q3,QVCGP,1355096,2023-08-04
2023Q3,RAMP,733269,2023-08-09
2023Q3,RARE,1515673,2023-08-03
2023Q3,RBBN,1708055,2023-07-26
2023Q3,RBCAA,921557,2023-07-21
2023Q3,RBLX,1315098,2023-08-09
2023Q3,RCL,884887,2023-07-27
2023Q3,RDN,890926,2023-08-03
2023Q3,RDNT,790526,2023-08-09
2023Q3,RDNW,1596961,2023-08-09
2023Q3,REAL,1573221,2023-08-08
2023Q3,REG,910606,2023-08-03
2023Q3,REGN,872589,2023-08-03
2023Q3,RELL,355948,2023-07-19
2023Q3,RELY,1782170,2023-08-02
2023Q3,RES,742278,2023-07-26
2023Q3,REX,744187,2023-08-30
2023Q3,REYN,1786431,2023-08-09
2023Q3,RGP,1084765,2023-07-24
2023Q3,RGR,95029,2023-08-02
2023Q3,RHP,1040829,2023-08-04
2023Q3,RICK,935419,2023-07-12
2023Q3,RIG,1451505,2023-07-31
2023Q3,RILY,1464790,2023-07-25
2023Q3,RILYN,1464790,2023-07-25
2023Q3,RILYZ,1464790,2023-07-25
2023Q3,RIVN,1874178,2023-08-08
2023Q3,RJF,720005,2023-07-26
2023Q3,RL,1037038,2023-08-10
2023Q3,RLGT,1171155,2023-09-13
2023Q3,RLJ,1511337,2023-08-04
2023Q3,RM,1519401,2023-08-02
2023Q3,RMBS,917273,2023-07-31
2023Q3,RMD,943819,2023-08-03
2023Q3,RMNI,1635282,2023-08-02
2023Q3,RMR,1644378,2023-08-09
2023Q3,RNGR,1699039,2023-08-07
2023Q3,ROAD,1718227,2023-08-02
2023Q3,ROCK,912562,2023-08-02
2023Q3,ROG,84748,2023-08-03
2023Q3,ROK,1024478,2023-08-01
2023Q3,ROKU,1428439,2023-07-27
2023Q3,ROL,84839,2023-07-26
2023Q3,ROP,882835,2023-07-21
2023Q3,ROST,745732,2023-08-17
2023Q3,RPD,1560327,2023-08-08
2023Q3,RPRX,1802768,2023-08-08
2023Q3,RRGB,1171759,2023-08-17
2023Q3,RRR,1653653,2023-08-03
2023Q3,RSG,1060391,2023-07-31
2023Q3,RSI,1793659,2023-08-02
2023Q3,RSVR,1824403,2023-08-02
2023Q3,RUN,1469367,2023-08-02
2023Q3,RVLV,1746618,2023-08-02
2023Q3,RVTY,31791,2023-08-01
2023Q3,RXO,0001929561,2023-08-02
2023Q3,RYAM,1597672,2023-08-08
2023Q3,RYZ,1481582,2023-07-31
2023Q3,SABR,1597033,2023-08-03
2023Q3,SAFT,1172052,2023-08-02
2023Q3,SAH,1043509,2023-07-27
2023Q3,SAIA,1177702,2023-07-28
2023Q3,SAIC,1571123,2023-09-07
2023Q3,SBAC,1034054,2023-07-31
2023Q3,SBGI,0001971213,2023-08-02
2023Q3,SBH,1368458,2023-08-03
2023Q3,SBRA,1492298,2023-08-07
2023Q3,SCCO,1001838,2023-07-28
2023Q3,SCHL,866729,2023-07-20
2023Q3,SCHW,316709,2023-07-18
2023Q3,SCL,94049,2023-07-26
2023Q3,SCSC,918965,2023-08-22
2023Q3,SCVL,895447,2023-08-29
2023Q3,SEAT,1856031,2023-08-08
2023Q3,SEDG,1419612,2023-08-01
2023Q3,SEIC,350894,2023-07-26
2023Q3,SEM,1320414,2023-07-19
2023Q3,SFIX,1576942,2023-09-18
2023Q3,SFM,1575515,2023-08-01
2023Q3,SG,0001477815,2023-07-27
2023Q3,SGRY,1638833,2023-08-01
2023Q3,SHAK,1620533,2023-08-03
2023Q3,SHC,1822479,2023-08-03
2023Q3,SHLS,1831651,2023-08-01
2023Q3,SHO,1295810,2023-08-04
2023Q3,SHOO,913241,2023-08-02
2023Q3,SHW,89800,2023-07-25
2023Q3,SIG,832988,2023-08-31
2023Q3,SIGI,230557,2023-07-24
2023Q3,SIRI,908937,2023-08-01
2023Q3,SITC,894315,2023-07-25
2023Q3,SJM,91419,2023-08-29
2023Q3,SKT,899715,2023-08-03
2023Q3,SKWD,0001519449,2023-08-08
2023Q3,SKY,90896,2023-08-01
2023Q3,SKYW,793733,2023-07-27
2023Q3,SLAB,1038074,2023-07-26
2023Q3,SLB,87347,2023-07-21
2023Q3,SLG,1040971,2023-07-20
2023Q3,SLQT,1794783,2023-09-13
2023Q3,SLVM,1856485,2023-08-09
2023Q3,SM,893538,2023-08-02
2023Q3,SMCI,1375365,2023-07-20
2023Q3,SMHI,1690334,2023-08-02
2023Q3,SMP,93389,2023-08-02
2023Q3,SNA,91440,2023-07-20
2023Q3,SNBR,827187,2023-07-27
2023Q3,SNCY,1743907,2023-08-03
2023Q3,SNDX,1395937,2023-08-03
2023Q3,SNPS,883241,2023-08-16
2023Q3,SO,92122,2023-08-03
2023Q3,SONO,1314727,2023-08-09
2023Q3,SPB,109177,2023-08-11
2023Q3,SPG,1063761,2023-08-02
2023Q3,SPGI,64040,2023-07-27
2023Q3,SPHR,1795250,2023-08-22
2023Q3,SPNT,1576018,2023-08-02
2023Q3,SPXC,88205,2023-08-02
2023Q3,SR,1126956,2023-08-02
2023Q3,SRE,1032208,2023-08-03
2023Q3,SSNC,1402436,2023-07-27
2023Q3,SSP,832428,2023-08-04
2023Q3,SSTK,1549346,2023-08-01
2023Q3,STC,94344,2023-07-26
2023Q3,STE,1757898,2023-08-01
2023Q3,STEP,1796022,2023-08-03
2023Q3,STGW,876883,2023-08-08
2023Q3,STKL,351834,2023-08-09
2023Q3,STLD,1022671,2023-07-20
2023Q3,STRA,1013934,2023-07-27
2023Q3,STRL,874238,2023-08-07
2023Q3,STT,93751,2023-07-14
2023Q3,STX,1137789,2023-07-26
2023Q3,SUPN,1356576,2023-07-24
2023Q3,SVV,0001883313,2023-08-10
2023Q3,SWBI,1092796,2023-09-07
2023Q3,SWIM,1833197,2023-08-08
2023Q3,SWK,93556,2023-08-01
2023Q3,SWKS,4127,2023-08-07
2023Q3,SWX,1692115,2023-08-09
2023Q3,SXC,1514705,2023-08-01
2023Q3,SXT,310142,2023-07-21
2023Q3,SYK,310764,2023-08-03
2023Q3,SYM,1837240,2023-07-31
2023Q3,SYNA,817720,2023-08-03
2023Q3,TALO,1724965,2023-08-08
2023Q3,TAP,24545,2023-08-01
2023Q3,TASK,1829864,2023-08-09
2023Q3,TBI,768899,2023-07-24
2023Q3,TBLA,0001840502,2023-08-09
2023Q3,TDAY,1579684,2023-08-03
2023Q3,TDG,1260221,2023-08-08
2023Q3,TDY,1094285,2023-07-26
2023Q3,TEAD,1454938,2023-08-08
2023Q3,TECH,842023,2023-08-08
2023Q3,TEL,1385157,2023-07-26
2023Q3,TENB,1660280,2023-07-25
2023Q3,TER,97210,2023-07-27
2023Q3,TEX,97216,2023-08-01
2023Q3,TG,850429,2023-08-09
2023Q3,TGLS,1534675,2023-08-08
2023Q3,TGNA,39899,2023-08-03
2023Q3,TH,1712189,2023-08-09
2023Q3,THR,1489096,2023-08-03
2023Q3,THRM,903129,2023-08-01
2023Q3,THRY,1556739,2023-08-03
2023Q3,TILE,715787,2023-08-04
2023Q3,TIPT,1393726,2023-08-02
2023Q3,TITN,1409171,2023-08-31
2023Q3,TJX,109198,2023-08-16
2023Q3,TMHC,1562476,2023-07-26
2023Q3,TNDM,1438133,2023-08-03
2023Q3,TNET,937098,2023-07-26
2023Q3,TPB,1290677,2023-08-02
2023Q3,TPC,77543,2023-08-03
2023Q3,TPG,0001880661,2023-08-08
2023Q3,TPGXL,0001880661,2023-08-08
2023Q3,TPH,1561680,2023-07-27
2023Q3,TPL,1811074,2023-08-02
2023Q3,TPR,1116132,2023-08-10
2023Q3,TR,98677,2023-07-26
2023Q3,TRGP,1389170,2023-08-03
2023Q3,TRIP,1526520,2023-08-02
2023Q3,TRMB,864749,2023-08-03
2023Q3,TRN,99780,2023-08-01
2023Q3,TROW,1113169,2023-07-28
2023Q3,TROX,1530804,2023-07-27
2023Q3,TRS,842633,2023-07-27
2023Q3,TRUP,1371285,2023-08-03
2023Q3,TRV,86312,2023-07-20
2023Q3,TSCO,916365,2023-07-27
2023Q3,TSEOF,1519061,2023-08-03
2023Q3,TT,1466258,2023-08-02
2023Q3,TTD,1671933,2023-08-09
2023Q3,TTEC,1013880,2023-08-04
2023Q3,TTEK,831641,2023-08-09
2023Q3,TTMI,1116942,2023-08-02
2023Q3,TTSH,1552800,2023-08-03
2023Q3,TTWO,946581,2023-08-08
2023Q3,TW,1758730,2023-07-27
2023Q3,TWI,899751,2023-08-02
2023Q3,TXNM,1108426,2023-08-04
2023Q3,TXRH,1289460,2023-07-27
2023Q3,TXT,217346,2023-07-27
2023Q3,TYL,860731,2023-07-26
2023Q3,UBER,1543151,2023-08-01
2023Q3,UBSI,729986,2023-07-27
2023Q3,UCB,857855,2023-07-18
2023Q3,UDR,74208,2023-07-26
2023Q3,UEIC,101984,2023-08-03
2023Q3,UFCS,101199,2023-07-31
2023Q3,UFPI,912767,2023-08-02
2023Q3,UHS,352915,2023-07-26
2023Q3,UIS,746838,2023-08-01
2023Q3,ULCC,1670076,2023-08-01
2023Q3,ULH,1308208,2023-07-27
2023Q3,ULTA,1403568,2023-08-24
2023Q3,UNP,100885,2023-07-26
2023Q3,UPBD,933036,2023-08-03
2023Q3,UPST,1647639,2023-08-08
2023Q3,UPWK,1627475,2023-08-02
2023Q3,URI,1067701,2023-07-26
2023Q3,USB,36104,2023-07-19
2023Q3,USNA,896264,2023-07-25
2023Q3,UTHR,1082554,2023-08-02
2023Q3,UTI,1261654,2023-08-08
2023Q3,UTZ,1739566,2023-08-10
2023Q3,UVV,102037,2023-08-02
2023Q3,VAC,1524358,2023-08-02
2023Q3,VAL,314808,2023-08-02
2023Q3,VC,1111335,2023-08-03
2023Q3,VCTR,1570827,2023-08-03
2023Q3,VECO,103145,2023-08-07
2023Q3,VERX,1806837,2023-08-09
2023Q3,VIAV,912093,2023-08-10
2023Q3,VITL,1579733,2023-08-03
2023Q3,VMC,1396009,2023-08-03
2023Q3,VREX,1681622,2023-08-01
2023Q3,VRSK,1442145,2023-08-02
2023Q3,VRSN,1014473,2023-07-27
2023Q3,VRT,1674101,2023-08-02
2023Q3,VRTS,883237,2023-07-28
2023Q3,VRTX,875320,2023-08-01
2023Q3,VSAT,797721,2023-08-09
2023Q3,VSCO,1856437,2023-08-30
2023Q3,VSEC,102752,2023-07-19
2023Q3,VSH,103730,2023-08-09
2023Q3,VST,1692819,2023-08-09
2023Q3,VTOL,1525221,2023-08-02
2023Q3,VTR,740260,2023-08-03
2023Q3,VTRS,1792044,2023-08-07
2023Q3,VVX,1601548,2023-08-08
2023Q3,VYGR,1640266,2023-08-03
2023Q3,VYX,70866,2023-08-02
2023Q3,WAB,943452,2023-07-27
2023Q3,WAT,1000697,2023-08-02
2023Q3,WD,1497770,2023-08-03
2023Q3,WDAY,1327811,2023-08-24
2023Q3,WDC,106040,2023-07-31
2023Q3,WEC,783325,2023-08-01
2023Q3,WELL,766704,2023-07-31
2023Q3,WEN,30697,2023-08-09
2023Q3,WERN,793074,2023-08-03
2023Q3,WEST,0001806347,2023-08-09
2023Q3,WFRD,1603923,2023-07-25
2023Q3,WHD,1699136,2023-08-07
2023Q3,WING,1636222,2023-08-02
2023Q3,WK,1445305,2023-08-03
2023Q3,WLDN,1370450,2023-08-03
2023Q3,WLKP,1604665,2023-08-03
2023Q3,WLY,107140,2023-09-07
2023Q3,WM,823768,2023-07-25
2023Q3,WMB,107263,2023-08-02
2023Q3,WMG,1319161,2023-08-08
2023Q3,WMK,105418,2023-08-07
2023Q3,WNC,879526,2023-07-26
2023Q3,WOOF,1826470,2023-08-24
2023Q3,WOR,108516,2023-07-06
2023Q3,WRB,11544,2023-07-20
2023Q3,WRBY,1504776,2023-08-09
2023Q3,WSC,1647088,2023-08-02
2023Q3,WSFS,828944,2023-07-24
2023Q3,WSM,719955,2023-08-23
2023Q3,WST,105770,2023-07-27
2023Q3,WTFC,1015328,2023-07-20
2023Q3,WTI,1288403,2023-08-01
2023Q3,WTS,795403,2023-08-02
2023Q3,WTTR,1693256,2023-08-03
2023Q3,WTW,1140536,2023-07-27
2023Q3,WWW,110471,2023-08-10
2023Q3,WY,106535,2023-07-27
2023Q3,WYNN,1174922,2023-08-09
2023Q3,XEL,72903,2023-07-27
2023Q3,XHR,1616000,2023-08-02
2023Q3,XMTR,1657573,2023-08-09
2023Q3,XPER,0001788999,2023-08-09
2023Q3,XRAY,818479,2023-08-02
2023Q3,XRX,1770450,2023-07-25
2023Q3,XYL,1524472,2023-08-02
2023Q3,XYZ,1512673,2023-08-03
2023Q3,YELP,1345016,2023-08-03
2023Q3,YOU,1856314,2023-08-02
2023Q3,YUM,1041061,2023-08-02
2023Q3,Z,1617640,2023-08-02
2023Q3,ZBH,1136869,2023-08-01
2023Q3,ZBRA,877212,2023-08-01
2023Q3,ZD,1084048,2023-08-04
2023Q3,ZETA,1851003,2023-08-02
2023Q3,ZG,1617640,2023-08-02
2023Q3,ZION,109380,2023-07-19
2023Q3,ZIP,1617553,2023-08-08
2023Q3,ZM,1585521,2023-08-21
2023Q3,ZS,1713683,2023-09-05
2023Q3,ZTS,1555280,2023-08-08
2023Q3,ZWS,1439288,2023-07-24
