ticker,event_dates
A,2023-11-20
AAP,2023-11-15
AAT,2023-10-24
ABG,2023-10-24;2023-10-25
ABM,2023-12-13
ABNB,2023-11-01
ACA,2023-11-01
ACAD,2023-11-02
ACCO,2023-11-02
ACDC,2023-11-09
ACGL,2023-10-30
ACH,2023-11-03
ACIW,2023-11-02
ACLS,2023-11-01
ACT,2023-11-01
ACVA,2023-11-06
ADBE,2023-12-13
ADEA,2023-11-06
ADI,2023-11-21
ADNT,2023-11-08
ADSK,2023-11-21
ADTN,2023-10-17;2023-11-07
ADUS,2023-10-30
ADV,2023-11-07
AEE,2023-11-08
AEIS,2023-10-31
AEO,2023-11-21
AEP,2023-11-02
AES,2023-11-02
AESI,2023-10-30
AFL,2023-11-01
AFRM,2023-11-08
AGX,2023-12-06
AGYS,2023-10-23
AHCO,2023-11-07
AHRT,2023-11-02
AI,2023-12-06
AIOT,2023-11-09
AJG,2023-10-26
AKAM,2023-11-07
ALB,2023-11-01
ALG,2023-11-02
ALGM,2023-11-02
ALGN,2023-10-25
ALGT,2023-11-02
ALKS,2023-10-25
ALLE,2023-10-31
ALRM,2023-11-09
ALTG,2023-11-08
AMC,2023-11-08
AMCX,2023-11-03
AMD,2023-10-31
AME,2023-10-31
AMGN,2023-10-31
AMKR,2023-10-30
AMN,2023-11-02
AMPH,2023-11-08
AMR,2023-10-12;2023-11-02
AMRX,2023-10-23;2023-11-07
AMT,2023-10-26
AMWD,2023-11-30
ANDE,2023-11-07
ANET,2023-10-30
ANF,2023-11-22
ANGI,2023-11-07
ANGO,2023-10-04
AON,2023-10-27
AOS,2023-10-26;2023-10-27
AOSL,2023-11-06
APAM,2023-10-31
APD,2023-11-07
APEI,2023-11-07
APH,2023-10-25
APLE,2023-11-07
APO,2023-11-01
APP,2023-11-08
APPF,2023-10-26
APPN,2023-11-02
APTV,2023-11-02
ARCB,2023-10-27
ARES,2023-10-31
ARLO,2023-11-09
ARLP,2023-10-27
AROC,2023-11-02
ARRY,2023-11-07
ARWR,2023-11-29
ASAN,2023-12-05
ASB,2023-10-19
ASGN,2023-10-25
ASIX,2023-11-03
ASO,2023-11-30
ASTH,2023-11-07
ATKR,2023-11-17
ATMU,2023-11-03
ATNI,2023-10-26
ATO,2023-11-08
ATRO,2023-11-08
AVA,2023-11-01
AVAV,2023-12-05
AVB,2023-10-26
AVD,2023-11-09
AVNS,2023-11-01
AVNT,2023-11-02
AVNW,2023-11-01
AVY,2023-10-25
AWK,2023-11-01
AWR,2023-11-06
AXON,2023-11-07
AXP,2023-10-20
AZZ,2023-10-10
BALL,2023-11-02
BANC,2023-10-24
BARK,2023-11-08
BAX,2023-11-02
BBBY,2023-10-26
BBSI,2023-11-01
BBT,2023-10-20
BBY,2023-11-21
BCC,2023-10-30
BCO,2023-11-07
BCPC,2023-10-27
BDC,2023-10-12;2023-11-02
BDN,2023-10-25
BDX,2023-11-09
BE,2023-11-08
BEN,2023-10-31
BFH,2023-10-26
BGS,2023-11-08
BHE,2023-10-25
BHF,2023-11-07
BHFAL,2023-11-07
BHFAM,2023-11-07
BHFAN,2023-11-07
BHFAO,2023-11-07
BHFAP,2023-11-07
BHR,2023-11-08
BIIB,2023-11-08
BKH,2023-11-01
BKNG,2023-11-02
BKR,2023-10-25
BLBD,2023-12-11
BLDR,2023-11-01
BLKB,2023-10-31
BLMN,2023-11-03
BMBL,2023-11-07
BMI,2023-10-19
BMRN,2023-11-01
BNED,2023-12-06
BNL,2023-11-01
BOOT,2023-11-02
BOX,2023-12-05
BPOP,2023-10-26
BR,2023-11-02;2023-12-07
BRKR,2023-11-02
BRO,2023-10-23
BRSP,2023-10-30
BSX,2023-10-26
BSY,2023-11-07
BTU,2023-10-26
BV,2023-11-16
BVS,2023-11-07
BWIN,2023-11-07
BWXT,2023-11-01
BX,2023-10-19
BXC,2023-10-31
BXP,2023-11-01
BZH,2023-11-16
CABO,2023-11-02
CACC,2023-10-30
CAG,2023-10-05
CAKE,2023-11-01
CAL,2023-11-21
CALM,2023-10-03
CALX,2023-10-23
CALY,2023-11-08
CAR,2023-11-01
CARG,2023-11-07
CARR,2023-10-26
CARS,2023-11-02
CASH,2023-10-25
CBL,2023-11-09
CBOE,2023-11-03
CBRL,2023-11-30
CBT,2023-11-06
CBZ,2023-10-26
CC,2023-10-26
CCC,2023-11-06
CCI,2023-10-18
CCL,2023-12-21
CCOI,2023-11-09
CCRN,2023-11-01
CCS,2023-10-25
CDE,2023-11-08
CDNS,2023-10-23
CDP,2023-10-26
CDRE,2023-11-08
CDW,2023-11-01
CECO,2023-11-07
CELH,2023-11-07
CENX,2023-11-08
CF,2023-11-01;2023-11-01
CFG,2023-10-18
CFLT,2023-11-01
CGNX,2023-10-31
CHD,2023-11-03
CHDN,2023-10-25
CHRD,2023-11-02
CHRW,2023-11-01
CIEN,2023-12-07
CINF,2023-10-26
CL,2023-10-27
CLB,2023-11-01
CLNE,2023-11-09
CLW,2023-10-30
CLX,2023-10-04;2023-11-01
CMCO,2023-11-01
CME,2023-10-25
CMG,2023-10-26
CMI,2023-11-02
CMP,2023-11-16
CMS,2023-10-26
CNDT,2023-11-01
CNK,2023-11-03
CNMD,2023-10-25
CNNE,2023-11-07
CNO,2023-11-06
CNP,2023-10-26
CNR,2023-10-31
CNTY,2023-11-09
CNX,2023-10-25
CNXN,2023-11-01
COCO,2023-10-31
CODI,2023-11-02
COF,2023-10-26
COHR,2023-11-06
COIN,2023-11-02
COKE,2023-11-01
COLL,2023-11-07
COLM,2023-10-26
COMP,2023-11-06
COO,2023-12-07
COOK,2023-11-08
CORT,2023-11-01
CPAY,2023-11-08
CPB,2023-12-06
CPK,2023-11-02
CRAI,2023-11-02
CRC,2023-11-01
CRCT,2023-11-07
CRDO,2023-11-29
CRI,2023-10-27
CRK,2023-10-30
CRL,2023-11-08
CRM,2023-11-29
CRNC,2023-11-27
CROX,2023-11-02
CRSP,2023-11-06
CRSR,2023-11-07
CRTO,2023-11-02
CRUS,2023-11-02
CRVL,2023-10-31
CSGP,2023-10-24
CSGS,2023-11-01
CSX,2023-10-19
CTAS,2023-12-21
CTEV,2023-11-07
CTLP,2023-11-09
CTOS,2023-11-07
CTRA,2023-11-07
CTRN,2023-11-28
CTS,2023-10-26
CTSH,2023-11-01
CTVA,2023-10-27;2023-11-08
CVCO,2023-11-02
CVGI,2023-11-01
CVI,2023-10-30
CVLG,2023-10-26
CVLT,2023-10-31
CVNA,2023-11-02
CVSA,2023-10-26
CWH,2023-11-01
CWK,2023-10-30
CWST,2023-11-01
CWT,2023-10-26
CXM,2023-12-06
CXW,2023-11-07
CYH,2023-10-25
CZR,2023-10-31
D,2023-11-03
DAN,2023-10-27
DASH,2023-11-01
DBD,2023-11-09
DBI,2023-12-05
DBX,2023-11-02
DCGO,2023-11-06
DCH,2023-11-03
DCO,2023-11-08
DD,2023-11-01
DDD,2023-10-25;2023-11-08
DDOG,2023-11-07
DECK,2023-10-26
DEI,2023-10-31
DFIN,2023-11-01
DG,2023-12-07
DGII,2023-11-09
DGX,2023-10-24
DHR,2023-10-24
DIN,2023-11-01
DIOD,2023-11-08;2023-11-13
DK,2023-11-07
DLR,2023-10-26
DLTR,2023-11-29
DLX,2023-11-02;2023-12-05
DNOW,2023-11-02
DNUT,2023-11-09
DOC,2023-10-30
DOCN,2023-11-02
DOCU,2023-12-07
DOV,2023-10-24
DPZ,2023-10-12
DRH,2023-11-01
DRI,2023-12-15
DRS,2023-11-02
DRVN,2023-11-01
DSGR,2023-11-02
DTE,2023-11-01;2023-11-02
DUK,2023-11-02
DUOL,2023-11-08
DVA,2023-11-07
DVN,2023-11-07
DXLG,2023-11-17
DXPE,2023-11-09
DY,2023-11-21
EA,2023-11-01
EAT,2023-11-01
EBAY,2023-11-07
EBF,2023-12-18
EBS,2023-11-08
ECL,2023-10-31
ECPG,2023-11-01
ECVT,2023-11-02
ED,2023-11-02
EE,2023-11-08
EEFT,2023-10-20
EEX,2023-11-06
EFX,2023-10-18
EG,2023-10-25
EHAB,2023-10-05;2023-11-07
EIG,2023-10-25
EIX,2023-11-01
EMBC,2023-11-21
EME,2023-10-26
EMR,2023-11-07
ENOV,2023-10-19;2023-11-07
ENPH,2023-10-26
ENR,2023-11-14
ENS,2023-11-08
ENSG,2023-10-25
ENTG,2023-11-02
ENVA,2023-10-24
EPAM,2023-11-02
EPC,2023-11-09
EPM,2023-11-07
EQIX,2023-10-25
EQR,2023-10-31
ERIE,2023-10-26
ES,2023-11-06
ESE,2023-11-16
ESRT,2023-10-25
ESS,2023-10-26
ETN,2023-10-31
ETR,2023-10-30;2023-11-01
EVCM,2023-11-06
EVER,2023-11-06
EVH,2023-11-02
EVRG,2023-11-07
EVTC,2023-10-26
EW,2023-10-25
EXAS,2023-11-01
EXC,2023-11-02
EXE,2023-10-31
EXEL,2023-11-01
EXLS,2023-10-26
EXPD,2023-11-07
EXPE,2023-11-02
EXPI,2023-11-02
EXR,2023-11-07
EXTR,2023-11-01
EYE,2023-11-09
EZPW,2023-11-15
FA,2023-11-09
FAST,2023-10-12
FBP,2023-10-20
FCFS,2023-10-26
FDS,2023-12-19
FE,2023-10-26
FELE,2023-10-24
FET,2023-11-03
FFIV,2023-10-24
FG,2023-11-07
FHB,2023-10-27
FICO,2023-11-08
FIGS,2023-11-02
FIS,2023-11-07
FISV,2023-10-24;2023-11-15
FIVE,2023-11-29
FIVN,2023-11-02
FIX,2023-10-26
FLNC,2023-11-17;2023-11-28
FLR,2023-11-03
FLXS,2023-10-31
FN,2023-11-06
FNKO,2023-11-02
FOR,2023-11-07
FORM,2023-11-01
FORR,2023-10-26
FOXF,2023-11-02
FRSH,2023-10-31
FRT,2023-11-02
FSLR,2023-10-31
FSTR,2023-11-07
FTAI,2023-10-25
FTDR,2023-11-01
FTNT,2023-11-02
FTRE,2023-11-13
FTV,2023-10-25
FUBO,2023-11-03
FWONA,2023-11-03
FWONK,2023-11-03
FWRD,2023-10-30
FWRG,2023-11-01
GATX,2023-10-24
GBTG,2023-11-07
GBX,2023-10-25
GCO,2023-12-01
GD,2023-10-25
GDDY,2023-11-02
GDEN,2023-11-02
GDOT,2023-11-09
GDRX,2023-11-09
GEF,2023-12-11
GEHC,2023-10-31
GEN,2023-11-07
GEO,2023-11-13
GETY,2023-11-14
GFF,2023-11-15
GH,2023-11-06
GHC,2023-11-01
GHM,2023-11-06
GIC,2023-10-31
GIII,2023-12-05
GILD,2023-11-07
GIS,2023-12-20
GL,2023-10-25
GLPI,2023-10-27
GLW,2023-10-24
GNE,2023-11-06
GNTX,2023-10-27
GNW,2023-11-01;2023-11-08
GO,2023-11-07
GOLD,2023-11-09
GOLF,2023-11-02
GPC,2023-10-19
GPI,2023-10-25
GPN,2023-10-31
GPOR,2023-10-31
GRBK,2023-10-31
GRC,2023-10-27
GRMN,2023-11-01
GRPN,2023-11-09
GT,2023-11-06
GTLB,2023-12-04
GTLS,2023-10-27
GTM,2023-10-30
GTX,2023-10-24
GWW,2023-10-26
HAE,2023-11-02
HAIN,2023-11-07
HAL,2023-10-24
HALO,2023-11-06
HAS,2023-10-26
HBAN,2023-10-20
HBANL,2023-10-20
HBANP,2023-10-20
HBB,2023-11-01
HCC,2023-11-01
HCI,2023-11-07
HCSG,2023-10-25
HE,2023-11-09
HELE,2023-10-04
HG,2023-12-05
HGV,2023-11-06
HIG,2023-10-26
HII,2023-11-02
HIMS,2023-11-06
HLF,2023-11-01
HLIO,2023-11-02
HLIT,2023-10-30
HLMN,2023-11-08
HLNE,2023-11-07
HLT,2023-10-25
HLX,2023-10-24
HMN,2023-11-02
HNI,2023-10-31
HON,2023-10-10;2023-10-26;2023-12-11
HOV,2023-12-05
HP,2023-10-18;2023-11-08
HPP,2023-11-01
HQY,2023-12-05
HRI,2023-10-23
HRL,2023-11-29
HRMY,2023-10-31
HRTG,2023-10-05;2023-11-02
HSIC,2023-11-13
HST,2023-11-01
HSY,2023-10-26
HTH,2023-10-19;2023-10-19
HTLD,2023-10-31
HTO,2023-10-30
HTZ,2023-10-26
HUBB,2023-10-31
HUBS,2023-11-08
HVT,2023-11-01
HWKN,2023-11-01
HWM,2023-11-02
HY,2023-10-31;2023-10-31;2023-11-01;2023-11-16
HZO,2023-10-26
IAC,2023-11-07
IART,2023-10-25
IBP,2023-11-08
ICE,2023-11-02
ICFI,2023-11-02
ICHR,2023-11-06
ICUI,2023-11-06
IDCC,2023-11-02
IDXX,2023-11-01
IEP,2023-11-03
IESC,2023-12-07
IEX,2023-10-26
IFF,2023-11-06
IIIV,2023-11-15
ILMN,2023-11-09
INSW,2023-11-07
INTA,2023-11-07
IONS,2023-11-02
IOSP,2023-11-08
IP,2023-10-26
IPAR,2023-10-23;2023-11-07
IPGP,2023-10-31
IQV,2023-11-01
IR,2023-11-01
IRDM,2023-10-19
IRM,2023-11-02
IRT,2023-10-30
IRTC,2023-11-02
IRWD,2023-11-09
ISRG,2023-10-19
IT,2023-11-03
ITW,2023-10-24
IVZ,2023-10-24
J,2023-11-21;2023-11-21
JACK,2023-11-21
JAZZ,2023-11-08
JBGS,2023-11-07
JBI,2023-11-06
JBLU,2023-10-31
JBSS,2023-10-31
JBTM,2023-10-24
JELD,2023-11-06
JILL,2023-12-05
JKHY,2023-10-30;2023-11-07
JRVR,2023-11-08
KAI,2023-11-06
KALU,2023-10-25
KDP,2023-10-26
KE,2023-11-06
KELYA,2023-11-09
KEQU,2023-12-06
KEY,2023-10-19
KEYS,2023-11-20
KFRC,2023-10-30
KFY,2023-12-06
KGS,2023-11-08
KIM,2023-10-26
KKR,2023-11-07
KLAC,2023-10-25
KLIC,2023-11-15
KLXE,2023-11-06
KMI,2023-10-18
KMT,2023-11-01
KN,2023-11-02
KNF,2023-11-06
KNTK,2023-11-08
KOP,2023-11-03
KOS,2023-11-06
KRG,2023-10-30
KRO,2023-11-02
KSS,2023-11-21
KTB,2023-11-02
KTOS,2023-11-02
KVUE,2023-10-26
KW,2023-11-01
KWR,2023-11-02
L,2023-10-30
LAUR,2023-11-02
LBRDA,2023-11-03
LBRDK,2023-11-03
LBTYA,2023-10-31;2023-10-31;2023-10-31
LBTYK,2023-10-31;2023-10-31;2023-10-31
LC,2023-10-12;2023-10-25
LCID,2023-10-17;2023-11-07
LCII,2023-11-07
LCUT,2023-10-25;2023-11-09
LDOS,2023-10-31
LE,2023-12-05
LECO,2023-10-27
LEG,2023-10-30
LESL,2023-11-28
LFST,2023-11-08
LFUS,2023-10-31
LGIH,2023-10-31
LH,2023-10-26
LII,2023-10-26
LILA,2023-11-09
LILAK,2023-11-09
LIN,2023-10-26
LITE,2023-10-30;2023-11-08
LIVN,2023-11-01
LKQ,2023-10-26
LLY,2023-11-02
LMB,2023-11-08
LNT,2023-11-03
LNTH,2023-11-02
LOCO,2023-11-02
LOGI,2023-10-24
LOPE,2023-11-02
LOVE,2023-10-30;2023-11-03;2023-12-06
LPG,2023-10-26;2023-11-02
LPLA,2023-10-26
LPSN,2023-11-08
LQDT,2023-12-07
LSTR,2023-10-25
LTH,2023-10-25
LULU,2023-12-07
LUV,2023-10-26
LVS,2023-10-18
LXFR,2023-10-11
LXU,2023-11-01;2023-11-02
LYFT,2023-11-08
LYV,2023-11-02
LZ,2023-11-07
LZB,2023-11-29
MA,2023-10-26
MAA,2023-10-25
MAC,2023-10-31
MAGN,2023-11-02
MANH,2023-10-24
MAR,2023-11-02
MAS,2023-10-26
MASI,2023-11-07
MAT,2023-10-25
MATV,2023-11-08
MATW,2023-11-17;2023-11-29
MATX,2023-10-23;2023-10-30
MAX,2023-11-01
MBC,2023-11-07
MBLY,2023-10-26
MBUU,2023-10-31
MCD,2023-10-30
MCFT,2023-11-08
MCHP,2023-11-02
MCO,2023-10-25
MCS,2023-11-01
MCW,2023-11-02
MCY,2023-10-31
MDB,2023-12-05
MDLZ,2023-11-01
MEC,2023-10-31
MED,2023-11-06
MEG,2023-11-07
MEI,2023-12-07
MELI,2023-11-01
MERC,2023-11-02
MG,2023-11-02
MGM,2023-10-05;2023-11-08
MGNI,2023-11-08
MGPI,2023-11-02
MGRC,2023-10-26
MGY,2023-11-01
MHO,2023-10-25
MIDD,2023-11-08
MIR,2023-11-01
MKSI,2023-11-01
MKTX,2023-10-25
MLKN,2023-12-20
MLM,2023-11-01
MLR,2023-11-08
MMI,2023-11-03
MMS,2023-11-16
MMSI,2023-10-26
MNRO,2023-10-26
MNST,2023-11-02
MO,2023-10-26
MOD,2023-11-01
MORN,2023-10-26;2023-11-13
MOS,2023-11-07
MOV,2023-11-30
MPAA,2023-11-09
MQ,2023-11-07
MRCY,2023-11-07
MRNA,2023-11-02
MRSH,2023-10-19
MRVL,2023-11-30
MSCI,2023-10-31
MSGE,2023-11-07
MSI,2023-11-02
MTB,2023-10-18
MTCH,2023-10-31
MTD,2023-11-09
MTH,2023-10-31
MTRN,2023-11-01
MTRX,2023-11-08
MTSI,2023-11-09
MTUS,2023-11-02
MTW,2023-11-01
MTX,2023-10-26
MUR,2023-11-02
MWA,2023-11-03;2023-12-13
MXL,2023-10-25
MYE,2023-11-01
MYGN,2023-11-06
MZTI,2023-11-02
NATL,2023-11-14
NATR,2023-11-07
NBIX,2023-10-31
NBR,2023-10-26
NBTB,2023-10-24
NCNO,2023-11-29
NDAQ,2023-10-18
NDLS,2023-11-07
NDSN,2023-12-13
NE,2023-10-31
NEM,2023-10-26
NEO,2023-11-06
NEOG,2023-10-10
NET,2023-11-02
NEWT,2023-10-02;2023-11-07;2023-11-13
NEWTG,2023-10-02;2023-11-07;2023-11-13
NFE,2023-11-08
NFLX,2023-10-18
NGVT,2023-11-01
NI,2023-11-01
NJR,2023-11-21
NMIH,2023-11-01
NMRK,2023-11-01
NNBR,2023-11-06
NOC,2023-10-26
NOG,2023-10-25;2023-11-01
NOVT,2023-11-07
NPKI,2023-10-31
NPO,2023-10-31
NRDS,2023-10-26
NRG,2023-11-02
NSC,2023-10-25
NSIT,2023-11-02
NSP,2023-10-31
NSSC,2023-11-06
NTAP,2023-11-28
NTCT,2023-10-16;2023-11-02
NTGR,2023-10-25
NTNX,2023-11-29
NTRA,2023-11-08
NTRS,2023-10-18
NUE,2023-10-23
NUS,2023-11-01
NVDA,2023-11-21
NVR,2023-10-24
NVRI,2023-11-02
NWE,2023-10-27
NWL,2023-10-27
NWN,2023-11-03
NWS,2023-11-09
NWSA,2023-11-09
NXPI,2023-11-07
NXST,2023-11-08
NXT,2023-10-25
ODFL,2023-10-25
OEC,2023-11-02
OFIX,2023-11-08
OGS,2023-10-30
OI,2023-10-31
OII,2023-10-25
OKE,2023-10-31
OKTA,2023-11-29
OLED,2023-11-02
OLLI,2023-12-06
OMC,2023-10-17
OMCL,2023-11-02
ON,2023-10-30
ONB,2023-10-24
ONC,2023-11-09
ONEW,2023-11-16
ONTO,2023-11-09
OPCH,2023-10-25
OPLN,2023-11-01
OPTU,2023-11-01
ORGO,2023-11-09
ORLY,2023-10-25
ORN,2023-10-25
OSCR,2023-11-07
OSIS,2023-10-26
OSUR,2023-11-07
OSW,2023-11-01
OTEX,2023-11-02
OTIS,2023-10-25
OTTR,2023-10-31
OUT,2023-11-02
OXY,2023-10-10;2023-11-07
PAHC,2023-11-08
PANL,2023-11-08
PANW,2023-11-15
PAR,2023-11-09
PARR,2023-11-07
PATK,2023-10-26
PAYC,2023-10-31
PAYO,2023-11-08
PBF,2023-11-02
PBH,2023-11-02
PBI,2023-11-02
PCAR,2023-10-24
PCG,2023-10-26
PCTY,2023-11-02
PD,2023-11-30
PDM,2023-10-30
PEB,2023-10-26
PECO,2023-10-31
PEG,2023-10-31
PEGA,2023-10-25
PENG,2023-10-12
PENN,2023-11-02
PFG,2023-10-26
PGNY,2023-11-07
PHIN,2023-11-06
PHM,2023-10-24
PII,2023-10-24
PJT,2023-10-31
PKG,2023-10-24
PKOH,2023-11-01
PLAB,2023-12-13
PLCE,2023-11-16
PLD,2023-10-17
PLPC,2023-11-01
PLTK,2023-11-08
PLTR,2023-11-02
PLUS,2023-11-09
PLXS,2023-10-25
PM,2023-10-19
PMTS,2023-11-07
PNR,2023-10-24
PNTG,2023-11-07
PNW,2023-11-02
PODD,2023-11-02
POR,2023-10-27
POWI,2023-11-07
POWL,2023-12-05
PPC,2023-10-26
PPG,2023-10-18
PPL,2023-11-02
PRSU,2023-11-02
PSA,2023-10-30
PTC,2023-11-01
PTCT,2023-10-26
PTEN,2023-11-08
PTLO,2023-11-02
PTON,2023-11-02
PUMP,2023-11-01
PWP,2023-11-07
PWR,2023-11-02
PYPL,2023-11-01
PZZA,2023-11-02
QDEL,2023-10-12;2023-11-01
QLYS,2023-11-02
QNST,2023-11-01
QRVO,2023-11-01
QTWO,2023-11-01
QUAD,2023-10-31
QVCGA,2023-11-03
QVCGP,2023-11-03
RAMP,2023-11-08
RARE,2023-10-16;2023-11-02
RBBN,2023-10-25
RBCAA,2023-10-20
RBLX,2023-11-08
RCL,2023-10-26
RDN,2023-11-02
RDNT,2023-11-13
RDNW,2023-11-07
REAL,2023-11-07
REG,2023-11-03
RELL,2023-10-11
RELY,2023-11-01
RES,2023-10-25
REX,2023-11-30
REXR,2023-10-18
REYN,2023-11-08
REZI,2023-11-01
RGP,2023-10-04
RGR,2023-11-01
RHP,2023-11-07
RICK,2023-10-10;2023-12-14
RIG,2023-10-31
RILY,2023-11-08
RILYN,2023-11-08
RILYZ,2023-11-08
RIVN,2023-10-04;2023-11-07
RJF,2023-10-25
RL,2023-11-08
RLGT,2023-11-09
RLJ,2023-11-01
RM,2023-11-01
RMBS,2023-10-30
RMD,2023-10-26
RMNI,2023-11-01
RMR,2023-11-15
RNGR,2023-10-31
ROAD,2023-10-04;2023-11-29
ROCK,2023-11-02
ROG,2023-10-26
ROK,2023-11-02
ROKU,2023-11-01
ROL,2023-10-25
ROP,2023-10-25
ROST,2023-11-16
RPD,2023-11-01
RPRX,2023-11-08
RRGB,2023-11-01
RRR,2023-11-07
RSG,2023-10-26
RSI,2023-11-01
RSVR,2023-11-07
RUN,2023-11-01
RVLV,2023-11-01
RVTY,2023-10-30
RXO,2023-11-07
RYAM,2023-11-07
RYZ,2023-10-30
SABR,2023-11-02
SAFT,2023-11-01
SAH,2023-10-26
SAIA,2023-10-27
SAIC,2023-12-04
SBAC,2023-11-02
SBGI,2023-11-01
SBH,2023-11-14
SBRA,2023-11-06
SCCO,2023-10-25
SCHL,2023-12-14
SCHW,2023-10-16
SCL,2023-10-18
SCSC,2023-11-09
SCVL,2023-11-16
SEAT,2023-11-07
SEDG,2023-10-20;2023-11-01
SEIC,2023-10-25
SEM,2023-11-02
SFIX,2023-12-05
SFM,2023-10-31
SG,2023-11-02
SGRY,2023-11-07
SHAK,2023-11-02
SHLS,2023-11-07
SHO,2023-11-07
SHOO,2023-11-08
SHW,2023-10-24
SIG,2023-12-05
SIGI,2023-11-01
SIRI,2023-10-31
SITC,2023-10-30
SJM,2023-12-05
SKT,2023-11-06
SKWD,2023-11-06
SKY,2023-10-31
SKYW,2023-10-26
SLAB,2023-11-01
SLB,2023-10-20
SLG,2023-10-19
SLQT,2023-11-02
SLVM,2023-11-09
SM,2023-11-02
SMCI,2023-11-01
SMHI,2023-11-01
SMP,2023-10-27
SNA,2023-10-19
SNBR,2023-11-07
SNCY,2023-11-07
SNDX,2023-11-02
SNPS,2023-11-29
SO,2023-10-06;2023-11-02
SONO,2023-11-15
SPB,2023-11-17
SPG,2023-10-30
SPGI,2023-11-02
SPHR,2023-11-08
SPNT,2023-11-08
SPXC,2023-11-02
SR,2023-11-16
SSNC,2023-10-26
SSP,2023-11-03
SSTK,2023-10-31
STC,2023-10-25
STE,2023-11-07
STEP,2023-11-06
STGW,2023-11-02
STKL,2023-10-17;2023-11-08
STLD,2023-10-19
STRA,2023-11-02
STRL,2023-11-06
STT,2023-10-18
STX,2023-10-26
STZ,2023-10-05
SUPN,2023-10-25;2023-11-08
SVV,2023-11-09
SWBI,2023-12-07
SWIM,2023-11-07
SWK,2023-10-27
SWKS,2023-11-02
SWX,2023-11-08
SXC,2023-11-01
SXT,2023-10-20
SYK,2023-11-02
SYM,2023-11-20
SYNA,2023-11-09
TALO,2023-11-07
TAP,2023-11-02
TASK,2023-11-06
TBI,2023-10-23
TBLA,2023-11-08;2023-11-08
TDAY,2023-11-02
TDG,2023-11-09
TDY,2023-10-25
TEAD,2023-11-07
TECH,2023-10-31
TEL,2023-11-01
TENB,2023-11-01
TER,2023-10-26
TEX,2023-10-26;2023-10-31
TG,2023-11-09
TGLS,2023-11-06
TGNA,2023-11-07
TH,2023-11-08
THR,2023-11-02
THRM,2023-10-26
THRY,2023-11-02
TILE,2023-11-03
TIPT,2023-11-01
TITN,2023-11-30
TJX,2023-11-15
TKO,2023-11-01;2023-11-07
TMHC,2023-10-25
TNDM,2023-11-01
TNET,2023-10-25
TPB,2023-11-08
TPC,2023-11-09
TPG,2023-11-07
TPGXL,2023-11-07
TPH,2023-10-26
TPL,2023-11-01
TPR,2023-11-09
TR,2023-10-26
TRGP,2023-11-02
TRIP,2023-11-06
TRMB,2023-11-01
TRN,2023-11-02
TROW,2023-10-27
TROX,2023-10-26
TRS,2023-10-26
TRUP,2023-11-02
TRV,2023-10-18
TSCO,2023-10-26
TSEOF,2023-11-03
TT,2023-11-01
TTEC,2023-11-09
TTEK,2023-11-15
TTMI,2023-11-01
TTSH,2023-11-02
TTWO,2023-11-08
TW,2023-10-26;2023-10-26
TWI,2023-11-01
TXNM,2023-10-27
TXRH,2023-10-26
TXT,2023-10-26
TYL,2023-11-01
UBER,2023-11-07
UBSI,2023-10-25
UCB,2023-10-18
UDR,2023-10-26
UEIC,2023-11-02
UFCS,2023-11-01
UFPI,2023-10-31
UHS,2023-10-26
UIS,2023-11-06
ULCC,2023-10-26
ULH,2023-10-26
ULTA,2023-11-30
UPBD,2023-11-02
UPST,2023-11-07
UPWK,2023-11-07
URI,2023-10-25
USB,2023-10-18
USNA,2023-10-24
UTHR,2023-11-01
UTI,2023-11-15
UTZ,2023-11-09
UVV,2023-11-02
VAC,2023-11-01
VAL,2023-11-07
VC,2023-10-26
VCTR,2023-11-02
VECO,2023-11-06
VERX,2023-11-09
VIAV,2023-11-02
VITL,2023-11-02
VLTO,2023-10-25
VMC,2023-10-26
VREX,2023-11-14
VRSN,2023-10-26
VRT,2023-10-25
VRTS,2023-10-27
VRTX,2023-11-06
VSAT,2023-11-08
VSCO,2023-11-29
VSEC,2023-11-01
VSH,2023-11-08
VST,2023-11-07
VSTS,2023-11-29
VTOL,2023-11-01
VTR,2023-11-02
VTRS,2023-11-07
VVX,2023-11-06
VYGR,2023-11-06
VYX,2023-11-09
WAB,2023-10-25
WAT,2023-11-07
WD,2023-11-09
WDC,2023-10-30
WEC,2023-10-31
WELL,2023-10-30
WEN,2023-11-02
WERN,2023-11-01
WEST,2023-11-09
WFRD,2023-10-24
WHD,2023-11-08
WING,2023-11-01
WK,2023-10-30
WLDN,2023-11-02
WLKP,2023-11-02
WLY,2023-12-06
WM,2023-10-24
WMG,2023-11-16
WMK,2023-11-06
WNC,2023-10-25
WOOF,2023-11-29
WOR,2023-10-03;2023-12-19;2023-12-22
WRB,2023-10-23
WRBY,2023-11-08
WSC,2023-11-01
WSFS,2023-10-23
WSM,2023-11-16
WST,2023-10-26
WTFC,2023-10-17
WTI,2023-11-07
WTS,2023-11-01
WTTR,2023-10-31
WWW,2023-11-09
WY,2023-10-26
WYNN,2023-11-09
XEL,2023-10-27
XHR,2023-10-31
XMTR,2023-11-09
XPER,2023-11-13
XRAY,2023-11-02
XRX,2023-10-24
XYL,2023-10-31
XYZ,2023-11-02
YELP,2023-11-02
YOU,2023-11-08
YUM,2023-11-01
Z,2023-11-01
ZBH,2023-11-07
ZBRA,2023-10-31
ZD,2023-11-09
ZETA,2023-11-01
ZG,2023-11-01
ZION,2023-10-18
ZIP,2023-11-08
ZM,2023-11-20
ZTS,2023-11-02
ZWS,2023-10-31
ABT,2023-10-18
AIZ,2023-10-31
AMP,2023-10-25
BF-B,2023-12-06
CBRE,2023-10-27
CEG,2023-11-06
CPRT,2023-11-16
DXCM,2023-10-26
EOG,2023-11-02
EQT,2023-10-12;2023-10-25
FANG,2023-10-10;2023-11-06
FCX,2023-10-19
GNRC,2023-11-01
HOOD,2023-10-31;2023-11-07
IBKR,2023-10-17
INCY,2023-10-31
INVH,2023-10-25
JBHT,2023-10-17
KMB,2023-10-24
MMM,2023-10-24
MPWR,2023-10-30
NCLH,2023-11-01
NOW,2023-10-25
O,2023-11-06
PNC,2023-10-13;2023-12-05
POOL,2023-10-19
REGN,2023-10-05;2023-11-02
SRE,2023-11-03
TTD,2023-11-09
UNP,2023-10-19
VRSK,2023-11-01
WDAY,2023-11-28
WMB,2023-11-01
WTW,2023-10-26
ZS,2023-11-27
