tier,ticker,hit_count,quarters,latest_quarter,latest_entry_open,latest_revenue_bucket,latest_pre_llm_bucket,latest_pre_llm_score,avg_return_90d_pct,median_return_90d_pct,max_return_90d_pct,win30_90d_count,avg_return_30d_pct,avg_score
Tier 3,ACAD,1,2025Q2,2025Q2,14.720000,$500M-$1B,weak,-2,61.6848,61.6848,61.6848,1,51.4946,-2.0
Tier 3,ACCO,9,2021Q4;2022Q3;2022Q4;2023Q3;2023Q4;2024Q1;2024Q3;2024Q4;2025Q4,2025Q4,4.850000,$100M-$500M,weak,-4,-1.0714,1.0309,30.7856,1,-0.2418,-3.0
Tier 3,ACDC,1,2025Q3,2025Q3,6.260000,$1B-$2B,mixed,0,-18.3706,-18.3706,-18.3706,0,-38.6582,0.0
Tier 3,ACH,1,2025Q2,2025Q2,7.050000,$2B-$10B,weak,-2,-10.4965,-10.4965,-10.4965,0,12.4823,-2.0
Tier 3,ACVA,5,2022Q4;2023Q1;2023Q2;2023Q4;2026Q1,2026Q1,5.580000,$100M-$500M,weak,-3,26.8861,28.965,46.1149,2,6.7538,-2.6
Tier 3,ADTN,6,2023Q4;2024Q1;2024Q3;2024Q4;2025Q1;2025Q2,2025Q2,4.730000,$100M-$500M,weak,-4,9.7469,5.4503,46.6667,2,-4.6849,-1.8333
Tier 3,AEO,1,2023Q3,2023Q3,14.990000,$1B-$2B,mixed,0,22.1481,22.1481,22.1481,0,14.4763,0.0
Tier 3,AFRM,3,2022Q4;2023Q1;2023Q2,2023Q2,12.11,$500M-$1B,weak,-4,16.6129,28.9621,30.4707,1,1.604,-3.0
Tier 3,AHCO,2,2022Q2;2025Q2,2025Q2,8.800000,$500M-$1B,weak,-1,32.5784,32.5784,50.2703,1,11.548,-1.5
Tier 3,AHR,2,2024Q1;2024Q2,2024Q2,14.000000,$1B-$2B,weak,-1,11.6304,11.6304,22.4286,0,-1.0212,-0.5
Tier 3,AI,2,2025Q4;2026Q1,2026Q1,7.790000,$100M-$500M,weak,-3,-37.8595,-37.8595,-37.8595,0,-3.5117,-2.0
Tier 3,AIOT,13,2022Q2;2022Q3;2022Q4;2023Q1;2023Q3;2023Q4;2024Q1;2024Q3;2024Q4;2025Q1;2025Q2;2025Q4;2026Q1,2026Q1,4.760000,$100M-$500M,weak,-4,12.3128,8.3159,60.566,3,-0.7352,-1.5385
Tier 3,ALTG,11,2022Q1;2022Q2;2022Q3;2022Q4;2024Q1;2024Q2;2024Q3;2024Q4;2025Q2;2025Q3;2025Q4,2025Q4,7.610000,$500M-$1B,mixed,0,2.6607,-0.9198,55.1797,3,-0.8344,-0.8182
Tier 3,AMC,10,2023Q4;2024Q1;2024Q2;2024Q3;2024Q4;2025Q1;2025Q2;2025Q3;2025Q4;2026Q1,2026Q1,1.370000,$2B-$10B,weak,-3,-8.932,-17.7258,55.2553,1,-3.368,-3.1
Tier 3,AMRX,4,2022Q2;2023Q4;2024Q1;2025Q3,2025Q3,7.900000,$500M-$1B,weak,-2,21.8332,16.8174,54.5198,1,11.5753,-1.0
Tier 3,ANGO,6,2023Q3;2024Q1;2024Q2;2024Q3;2025Q4;2026Q1,2026Q1,11.300000,$100M-$500M,weak,-1,-10.9983,-15.3801,7.8303,0,-5.6475,-3.0
Tier 3,APEI,1,2022Q4,2022Q4,12.14,$100M-$500M,mixed,0,10.4613,10.4613,10.4613,0,11.2026,0.0
Tier 3,ARLO,11,2021Q4;2022Q1;2022Q3;2022Q4;2023Q1;2023Q2;2023Q3;2023Q4;2024Q1;2024Q2;2025Q1,2025Q1,12.530000,$100M-$500M,weak,-2,14.8396,2.818,133.9759,3,5.1864,-1.5455
Tier 3,ASAN,3,2024Q2;2024Q3;2025Q1,2025Q1,11.550000,$100M-$500M,weak,-1,15.4485,20.6925,31.4286,1,7.1333,-2.0
Tier 3,ATRO,3,2022Q3;2022Q4;2023Q1,2023Q1,11.75,$100M-$500M,weak,-2,27.8708,37.1915,80.2469,2,11.4426,-2.0
Tier 3,AVD,11,2023Q3;2023Q4;2024Q1;2024Q2;2024Q3;2024Q4;2025Q1;2025Q2;2025Q3;2025Q4;2026Q1,2026Q1,3.000000,$100M-$500M,weak,-2,-6.9189,-1.7414,18.1818,0,-2.436,-1.8182
Tier 3,AVNS,1,2025Q2,2025Q2,12.840000,$100M-$500M,weak,-2,-22.9751,-22.9751,-22.9751,0,-2.9595,-2.0
Tier 3,BANC,1,2024Q3,2024Q3,13.680000,$500M-$1B,weak,-1,12.7193,12.7193,12.7193,0,7.0175,-1.0
Tier 3,BBBY,4,2025Q2;2025Q3;2025Q4;2026Q1,2026Q1,5.320000,$1B-$2B,mixed,0,30.2116,-12.4679,123.9131,1,-1.4309,-0.25
Tier 3,BDN,5,2024Q3;2024Q4;2025Q1;2025Q3;2026Q1,2026Q1,3.130000,$100M-$500M,weak,-1,-3.4455,-5.5888,14.8305,0,1.6518,-1.2
Tier 3,BE,5,2023Q4;2024Q1;2024Q2;2024Q3;2024Q4,2024Q4,12.100000,$500M-$1B,weak,-4,26.1129,-2.0797,124.2534,2,33.5799,-4.0
Tier 3,BGS,2,2024Q1;2025Q1,2025Q1,6.990000,$2B-$10B,mixed,0,-23.6783,-23.6783,-7.8717,0,2.284,-0.5
Tier 3,BHFAM,7,2023Q3;2023Q4;2025Q1;2025Q2;2025Q3;2025Q4;2026Q1,2026Q1,12.450000,$2B-$10B,weak,-4,-0.6141,-2.9803,18.3761,0,1.2322,-2.7143
Tier 3,BHFAN,3,2025Q3;2025Q4;2026Q1,2026Q1,13.870000,$2B-$10B,weak,-4,-1.455,-1.455,1.4286,0,-2.9107,-4.0
Tier 3,BHR,3,2021Q4;2022Q1;2023Q2,2023Q2,3.78,$100M-$500M,weak,-4,5.3154,4.5627,15.3518,0,12.4064,-4.0
Tier 3,BLBD,1,2022Q2,2022Q2,14.64,$100M-$500M,weak,-1,-20.2186,-20.2186,-20.2186,0,-27.5273,-1.0
Tier 3,BLMN,1,2025Q4,2025Q4,6.400000,$2B-$10B,mixed,0,3.4375,3.4375,3.4375,0,9.375,0.0
Tier 3,BMEA,2,2022Q4;2024Q4,2024Q4,12.180000,$1B-$2B,weak,-2,-32.4204,-32.4204,0.1017,0,-38.2344,-2.0
Tier 3,BNED,4,2024Q4;2025Q1;2025Q4;2026Q1,2026Q1,8.820000,$100M-$500M,weak,-4,12.7939,15.5556,32.0,1,0.9539,-2.5
Tier 3,BRSP,4,2022Q2;2022Q3;2022Q4;2024Q1,2024Q1,6.800000,$100M-$500M,weak,-4,-3.4315,-2.7858,5.487,0,0.1002,-3.25
Tier 3,BTSG,1,2024Q3,2024Q3,10.150000,$2B-$10B,mixed,0,65.6158,65.6158,65.6158,1,27.8818,0.0
Tier 3,BTU,1,2022Q1,2022Q1,14.98,$2B-$10B,weak,-4,34.4459,34.4459,34.4459,1,32.5768,-4.0
Tier 3,BV,3,2023Q1;2023Q3;2024Q1,2024Q1,8.520000,$1B-$2B,weak,-3,6.0878,-1.2289,32.277,1,0.5667,-1.6667
Tier 3,BVS,8,2022Q3;2022Q4;2023Q3;2023Q4;2024Q1;2024Q2;2025Q1;2025Q2,2025Q2,10.810000,$500M-$1B,weak,-3,-6.8551,-7.1232,49.8148,1,-2.6028,-2.0
Tier 3,CALY,2,2024Q3;2025Q2,2025Q2,12.260000,$2B-$10B,weak,-2,-7.9171,-7.9171,5.1282,0,-7.434,-1.5
Tier 3,CC,1,2025Q3,2025Q3,13.220000,$2B-$10B,mixed,0,-7.6399,-7.6399,-7.6399,0,18.4569,0.0
Tier 3,CCL,6,2022Q2;2022Q3;2022Q4;2023Q1;2023Q2;2023Q3,2023Q3,13.500000,$2B-$10B,weak,-4,14.3107,8.6485,63.311,1,6.1707,-4.0
Tier 3,CDE,11,2022Q2;2023Q2;2023Q3;2023Q4;2024Q1;2024Q2;2024Q3;2024Q4;2025Q1;2025Q2;2025Q3,2025Q3,5.300000,$100M-$500M,weak,-2,19.9459,17.1053,65.3199,4,13.116,-2.3636
Tier 3,CECO,1,2023Q3,2023Q3,14.510000,$100M-$500M,weak,-2,26.6023,26.6023,26.6023,0,-5.3067,-2.0
Tier 3,CENX,2,2023Q1;2024Q3,2024Q3,12.570000,$1B-$2B,weak,-2,24.9534,24.9534,75.8154,1,-9.1116,-2.0
Tier 3,CLNE,8,2022Q2;2022Q3;2022Q4;2024Q3;2024Q4;2025Q1;2025Q2;2026Q1,2026Q1,2.540000,$100M-$500M,weak,-1,3.4873,10.4895,26.4591,0,-6.832,-1.0
Tier 3,CMCO,1,2025Q3,2025Q3,14.440000,$100M-$500M,mixed,0,4.2244,4.2244,4.2244,0,2.7008,0.0
Tier 3,CMP,2,2024Q2;2025Q1,2025Q1,11.500000,$100M-$500M,weak,-4,29.2685,29.2685,69.2174,1,-3.5945,-3.0
Tier 3,CNDT,6,2021Q4;2022Q1;2022Q2;2024Q3;2024Q4;2025Q1,2025Q1,3.090000,$1B-$2B,weak,-1,-7.9701,-7.24,33.657,1,-1.3191,-1.5
Tier 3,CNK,3,2022Q2;2022Q4;2023Q1,2023Q1,13.61,$500M-$1B,weak,-2,14.0287,15.4977,18.1484,0,6.8494,-2.3333
Tier 3,CNTY,7,2022Q1;2024Q3;2024Q4;2025Q2;2025Q3;2025Q4;2026Q1,2026Q1,1.370000,$100M-$500M,weak,-2,10.1555,-6.8615,76.824,2,9.6664,-1.8571
Tier 3,CODI,2,2025Q4;2026Q1,2026Q1,4.860000,$1B-$2B,weak,-3,60.1014,60.1014,113.5802,1,13.2713,-2.0
Tier 3,COMP,13,2021Q4;2022Q1;2022Q2;2022Q3;2022Q4;2023Q2;2023Q3;2023Q4;2024Q1;2024Q2;2024Q3;2024Q4;2025Q2,2025Q2,4.710000,$500M-$1B,weak,-2,9.0201,13.6612,77.13,2,0.2145,-0.7692
Tier 3,CORZ,3,2024Q1;2024Q2;2025Q3,2025Q3,14.292000,$100M-$500M,weak,-2,118.5819,151.7341,169.0411,3,41.2688,-1.0
Tier 3,CRCT,3,2022Q3;2022Q4;2023Q1,2023Q1,9.21,$500M-$1B,weak,-1,20.9831,20.8571,39.1965,1,5.828,-1.0
Tier 3,CRDO,5,2022Q3;2022Q4;2023Q1;2023Q2;2023Q3,2023Q3,14.600000,<$100M,weak,-4,9.7466,12.7955,31.9567,1,-3.1901,-3.6
Tier 3,CRNC,3,2024Q2;2024Q4;2025Q2,2025Q2,3.800000,$100M-$500M,weak,-2,119.6734,-16.2109,431.0526,1,-21.6711,-2.3333
Tier 3,CRSR,3,2025Q3;2025Q4;2026Q1,2026Q1,6.480000,$500M-$1B,weak,-1,-30.2731,-30.2731,-24.6933,0,-9.152,-1.3333
Tier 3,CTLP,10,2021Q4;2022Q2;2023Q1;2023Q2;2023Q3;2023Q4;2024Q1;2024Q2;2024Q3;2025Q1,2025Q1,5.960000,$100M-$500M,weak,-2,9.5511,8.5215,59.7316,1,6.4301,-1.8
Tier 3,CTOS,15,2022Q1;2022Q2;2022Q3;2022Q4;2023Q2;2023Q3;2023Q4;2024Q1;2024Q2;2024Q3;2024Q4;2025Q2;2025Q3;2025Q4;2026Q1,2026Q1,5.510000,$1B-$2B,weak,-1,3.6847,0.6634,50.0,2,6.8311,-1.8
Tier 3,CVGI,5,2022Q2;2022Q3;2023Q2;2023Q3;2025Q2,2025Q2,1.050000,$100M-$500M,weak,-1,8.1627,0.8119,71.4286,2,3.8353,-0.8
Tier 3,CVNA,3,2022Q4;2023Q1;2023Q2,2023Q2,10.03,$2B-$10B,weak,-4,149.5632,23.0596,416.351,1,-3.4288,-3.0
Tier 3,CWK,6,2023Q2;2023Q3;2024Q3;2024Q4;2025Q2;2025Q3,2025Q3,13.030000,$2B-$10B,weak,-2,5.4035,8.9466,34.0173,1,4.4567,-1.3333
Tier 3,CXM,8,2022Q2;2022Q3;2022Q4;2023Q1;2023Q2;2023Q4;2024Q1;2025Q2,2025Q2,9.100000,$500M-$1B,mixed,0,-1.3562,-0.2956,51.166,1,-5.8449,-1.25
Tier 3,CYH,8,2022Q3;2023Q3;2023Q4;2024Q3;2024Q4;2025Q1;2025Q3;2025Q4,2025Q4,4.200000,$2B-$10B,weak,-1,2.4776,1.3466,62.3894,3,-4.0207,-0.5
Tier 3,DAN,3,2023Q2;2024Q2;2025Q2,2025Q2,13.890000,$2B-$10B,weak,-1,12.1711,14.8308,27.8976,0,5.8732,-1.0
Tier 3,DBI,5,2022Q1;2023Q1;2023Q2;2024Q2;2025Q2,2025Q2,3.000000,$500M-$1B,weak,-1,12.2353,-0.9836,48.0702,2,1.302,-1.0
Tier 3,DCGO,7,2022Q2;2022Q3;2022Q4;2023Q2;2024Q2;2024Q3;2025Q2,2025Q2,3.280000,$100M-$500M,weak,-1,6.1913,11.2805,45.3526,1,1.2283,-1.4286
Tier 3,DDD,7,2023Q2;2023Q3;2023Q4;2024Q1;2025Q2;2025Q3;2025Q4,2025Q4,1.800000,$100M-$500M,weak,-2,-3.3613,-3.8095,28.6822,0,4.0901,-1.8571
Tier 3,DNOW,3,2022Q2;2023Q2;2024Q2,2024Q2,13.440000,$500M-$1B,mixed,0,0.3422,0.1778,8.0662,0,1.6849,-0.6667
Tier 3,DNUT,10,2021Q4;2022Q2;2022Q3;2022Q4;2023Q1;2024Q1;2024Q2;2025Q1;2025Q2;2025Q3,2025Q3,7.000000,$1B-$2B,weak,-1,-2.6995,3.1231,21.6174,0,-5.7909,-1.5
Tier 3,DRH,6,2021Q4;2022Q1;2022Q3;2023Q2;2023Q3;2024Q2,2024Q2,9.040000,$500M-$1B,weak,-3,-3.4252,-2.4688,4.3038,0,-2.7447,-3.1667
Tier 3,DRS,1,2023Q1,2023Q1,12.38,$2B-$10B,mixed,0,33.0371,33.0371,33.0371,1,21.6478,0.0
Tier 3,DRVN,2,2023Q4;2024Q3,2024Q3,14.200000,$500M-$1B,mixed,0,10.5037,10.5037,16.4298,0,10.9987,-0.5
Tier 3,DXLG,4,2021Q4;2023Q1;2024Q2;2025Q2,2025Q2,1.250000,$100M-$500M,mixed,0,-18.1053,-17.1999,4.8,0,-12.9404,-1.25
Tier 3,EBS,10,2023Q1;2023Q3;2023Q4;2024Q1;2024Q3;2024Q4;2025Q1;2025Q2;2025Q3;2025Q4,2025Q4,6.360000,$100M-$500M,weak,-2,18.872,12.1795,144.3223,3,-1.4018,-1.9
Tier 3,ECVT,1,2024Q3,2024Q3,7.630000,$100M-$500M,mixed,0,-12.713,-12.713,-12.713,0,-10.2228,0.0
Tier 3,EE,1,2024Q1,2024Q1,13.860000,$2B-$10B,weak,-1,21.5729,21.5729,21.5729,0,14.43,-1.0
Tier 3,EEX,2,2021Q4;2023Q2,2023Q2,3.5,$100M-$500M,weak,-4,-0.0404,-0.0404,31.1429,1,-1.5467,-4.0
Tier 3,EMBC,1,2026Q1,2026Q1,10.520000,$100M-$500M,mixed,0,,,,0,-12.2624,0.0
Tier 3,ESRT,1,2021Q4,2021Q4,10.48,$100M-$500M,weak,-1,-15.6488,-15.6488,-15.6488,0,-9.542,-1.0
Tier 3,EVCM,7,2022Q1;2022Q2;2022Q3;2022Q4;2023Q1;2023Q2;2024Q1,2024Q1,6.900000,$100M-$500M,weak,-2,1.0165,-1.9281,37.971,1,-2.891,-2.2857
Tier 3,EVER,2,2023Q3;2023Q4,2023Q4,8.080000,$100M-$500M,weak,-1,47.4484,47.4484,62.7475,2,16.2999,-2.0
Tier 3,EVH,4,2024Q4;2025Q1;2025Q2;2025Q3,2025Q3,14.400000,$500M-$1B,weak,-4,-26.2832,-29.8184,-13.4821,0,-10.4006,-2.0
Tier 3,EZPW,2,2022Q1;2024Q1,2024Q1,9.230000,$100M-$500M,mixed,0,14.7279,14.7279,19.5016,0,-1.7934,0.0
Tier 3,FA,1,2023Q1,2023Q1,13.7,<$100M,weak,-2,-2.4818,-2.4818,-2.4818,0,1.8978,-2.0
Tier 3,FET,1,2025Q2,2025Q2,14.630000,$100M-$500M,weak,-2,29.1866,29.1866,29.1866,0,2.3923,-2.0
Tier 3,FIGS,4,2023Q2;2023Q3;2023Q4;2024Q2,2024Q2,5.390000,$100M-$500M,mixed,0,-9.1037,-7.6204,6.1224,0,2.5007,-0.25
Tier 3,FLNC,1,2022Q2,2022Q2,6.55,$100M-$500M,weak,-4,155.8779,155.8779,155.8779,1,34.0458,-4.0
Tier 3,FNKO,7,2023Q2;2023Q3;2023Q4;2024Q2;2024Q3;2024Q4;2025Q1,2025Q1,8.750000,$100M-$500M,weak,-3,-1.5889,9.157,39.6571,1,-1.0107,-1.2857
Tier 3,FOR,2,2022Q3;2022Q4,2022Q4,13.23,$500M-$1B,weak,-1,-5.4708,-5.4708,10.2041,0,4.2274,-1.0
Tier 3,FORR,2,2025Q3;2025Q4,2025Q4,9.710000,$100M-$500M,mixed,0,-8.9353,-8.9353,-2.2167,0,-5.6671,-1.0
Tier 3,FSTR,2,2022Q1;2022Q2,2022Q2,12.49,$100M-$500M,weak,-2,3.7081,3.7081,19.2954,0,1.9292,-2.0
Tier 3,FTRE,1,2025Q2,2025Q2,5.260000,$500M-$1B,weak,-3,21.4829,21.4829,21.4829,0,19.2015,-3.0
Tier 3,FWRG,1,2022Q2,2022Q2,13.3,$100M-$500M,mixed,0,26.4662,26.4662,26.4662,0,11.8797,0.0
Tier 3,GBTG,9,2022Q3;2022Q4;2023Q1;2023Q2;2023Q3;2023Q4;2024Q1;2024Q2;2024Q3,2024Q3,7.110000,$1B-$2B,weak,-4,4.937,8.7379,36.2963,1,2.7151,-3.7778
Tier 3,GHM,2,2022Q4;2023Q1,2023Q1,11.63,<$100M,weak,-4,14.9728,14.9728,22.8089,0,13.0802,-4.0
Tier 3,GNE,1,2022Q2,2022Q2,6.28,$100M-$500M,weak,-2,57.6433,57.6433,57.6433,1,35.1911,-2.0
Tier 3,GO,1,2025Q4,2025Q4,12.560000,$2B-$10B,mixed,0,-25.0796,-25.0796,-25.0796,0,-9.7134,0.0
Tier 3,GRPN,12,2022Q2;2022Q3;2023Q1;2023Q2;2023Q3;2023Q4;2024Q1;2024Q2;2024Q3;2024Q4;2025Q1;2026Q1,2026Q1,10.990000,$500M-$1B,weak,-1,31.2183,4.878,166.2041,5,19.9886,-1.5
Tier 3,GT,8,2022Q2;2022Q3;2022Q4;2023Q3;2024Q3;2024Q4;2025Q3;2025Q4,2025Q4,11.170000,$2B-$10B,weak,-4,-4.6877,-7.9962,26.9388,0,1.7649,-2.375
Tier 3,GTX,3,2021Q4;2022Q3;2022Q4,2022Q4,6.68,$2B-$10B,weak,-2,5.9771,2.0468,14.521,0,8.2139,-2.0
Tier 3,HAIN,3,2023Q4;2024Q1;2025Q4,2025Q4,1.200000,$100M-$500M,weak,-2,-16.7363,-17.5,-4.0609,0,-8.6293,-1.0
Tier 3,HBAN,1,2022Q3,2022Q3,13.39,$100M-$500M,weak,-1,-1.419,-1.419,-1.419,0,2.3898,-1.0
Tier 3,HBB,5,2022Q1;2022Q2;2023Q2;2023Q3;2023Q4,2023Q4,12.320000,$100M-$500M,mixed,0,14.1858,6.8898,49.6753,1,10.1563,-0.8
Tier 3,HCSG,2,2024Q3;2025Q3,2025Q3,11.200000,$100M-$500M,mixed,0,11.7428,11.7428,29.0212,0,2.5652,0.0
Tier 3,HE,2,2023Q4;2024Q1,2024Q1,13.060000,$2B-$10B,mixed,0,-6.0448,-6.0448,2.9945,0,-4.8706,0.0
Tier 3,HIMS,8,2021Q4;2022Q1;2022Q2;2022Q3;2022Q4;2023Q1;2023Q2;2024Q1,2024Q1,12.330000,$100M-$500M,weak,-3,2.1387,-21.4955,71.4653,3,0.8061,-3.375
Tier 3,HLIT,6,2021Q4;2022Q1;2022Q3;2023Q3;2023Q4;2024Q4,2024Q4,10.930000,$100M-$500M,mixed,0,7.1621,5.115,35.6453,1,3.8327,-1.1667
Tier 3,HLMN,8,2022Q2;2022Q3;2022Q4;2023Q1;2023Q2;2023Q3;2024Q1;2025Q2,2025Q2,6.890000,$100M-$500M,weak,-1,-2.2478,-6.8716,28.6259,0,0.727,-2.5
Tier 3,HLX,4,2021Q4;2023Q3;2023Q4;2024Q1,2024Q1,9.060000,$500M-$1B,mixed,0,2.2725,0.2585,26.0486,0,-1.5427,-1.0
Tier 3,HOOD,4,2022Q3;2023Q1;2023Q4;2024Q1,2024Q1,10.790000,$500M-$1B,weak,-2,21.8699,25.3571,54.3095,2,14.7686,-3.25
Tier 3,HPP,1,2026Q1,2026Q1,7.580000,$500M-$1B,mixed,0,,,,0,-21.2401,0.0
Tier 3,HRTG,5,2023Q3;2023Q4;2024Q1;2024Q2;2025Q1,2025Q1,11.390000,$500M-$1B,mixed,0,25.0462,13.1295,65.935,2,8.6547,-1.2
Tier 3,HTZ,3,2025Q2;2025Q3;2025Q4,2025Q4,5.710000,$2B-$10B,mixed,0,-8.1181,-6.4799,2.7409,0,-6.6721,-0.6667
Tier 3,HURC,1,2025Q2,2025Q2,13.750000,<$100M,weak,-2,28.3636,28.3636,28.3636,0,44.9455,-2.0
Tier 3,IART,3,2025Q2;2025Q3;2025Q4,2025Q4,13.340000,$100M-$500M,weak,-2,-6.6026,-6.8067,-5.8471,0,9.5185,-2.0
Tier 3,ICHR,1,2025Q3,2025Q3,14.130000,$100M-$500M,mixed,0,62.2081,62.2081,62.2081,1,16.9851,0.0
Tier 3,IEP,1,2025Q2,2025Q2,8.350000,$2B-$10B,weak,-2,10.7784,10.7784,10.7784,0,0.479,-2.0
Tier 3,IRWD,3,2024Q3;2024Q4;2025Q1,2025Q1,4.130000,$100M-$500M,weak,-1,-35.805,-58.8983,12.8329,0,-9.7086,-0.3333
Tier 3,JBLU,10,2021Q4;2022Q1;2023Q2;2023Q3;2024Q4;2025Q1;2025Q2;2025Q3;2025Q4;2026Q1,2026Q1,4.800000,$2B-$10B,weak,-2,-7.7514,-5.9589,15.5425,0,5.811,-1.7
Tier 3,JELD,3,2023Q4;2024Q3;2025Q3,2025Q3,14.460000,$1B-$2B,mixed,0,-2.6938,-2.2822,39.0023,1,16.03,-0.6667
Tier 3,JILL,1,2022Q1,2022Q1,14.61,$100M-$500M,weak,-2,26.694,26.694,26.694,0,6.434,-2.0
Tier 3,JRVR,1,2024Q2,2024Q2,8.630000,$500M-$1B,weak,-4,-14.7161,-14.7161,-14.7161,0,-10.4287,-4.0
Tier 3,KEQU,2,2021Q4;2022Q1,2022Q1,14.75,<$100M,weak,-2,6.9286,6.9286,17.247,0,1.3793,-2.0
Tier 3,KLXE,10,2021Q4;2022Q1;2022Q2;2022Q3;2023Q1;2023Q2;2023Q3;2023Q4;2024Q3;2025Q3,2025Q3,5.540000,$100M-$500M,mixed,0,26.4284,-0.6589,157.5581,3,3.5074,-1.8
Tier 3,KOS,6,2021Q4;2022Q2;2022Q3;2022Q4;2023Q1;2024Q1,2024Q1,5.820000,$1B-$2B,weak,-1,4.0399,1.3912,33.1445,1,1.8532,-1.6667
Tier 3,KRO,4,2024Q2;2024Q3;2024Q4;2025Q2,2025Q2,10.940000,$100M-$500M,weak,-2,-14.7671,-22.117,12.7057,0,-4.4648,-1.25
Tier 3,KW,6,2023Q4;2024Q1;2024Q2;2024Q3;2024Q4;2025Q1,2025Q1,10.880000,$100M-$500M,weak,-2,-7.5676,-6.0397,8.5929,0,-2.8019,-1.3333
Tier 3,LBTYA,3,2022Q1;2024Q2;2024Q3,2024Q3,9.726945,$2B-$10B,mixed,0,2.5701,9.428,20.7559,0,-2.5541,-0.3333
Tier 3,LBTYK,3,2022Q1;2024Q2;2024Q3,2024Q3,10.172775,$2B-$10B,mixed,0,3.5829,9.367,20.4192,0,-2.3291,-0.3333
Tier 3,LC,5,2023Q3;2023Q4;2024Q1;2024Q4;2025Q1,2025Q1,14.720000,$500M-$1B,mixed,0,-3.2508,-16.2583,47.0588,1,-7.5871,-1.2
Tier 3,LCID,1,2026Q1,2026Q1,11.940000,$500M-$1B,weak,-4,-21.8593,-21.8593,-21.8593,0,-20.1843,-4.0
Tier 3,LCUT,4,2023Q3;2023Q4;2025Q4;2026Q1,2026Q1,3.250000,$100M-$500M,weak,-1,19.0336,5.2459,55.098,1,55.7203,-1.0
Tier 3,LE,12,2022Q2;2022Q4;2023Q1;2023Q2;2023Q3;2023Q4;2024Q1;2024Q2;2025Q2;2025Q3;2025Q4;2026Q1,2026Q1,14.000000,$500M-$1B,weak,-2,12.7977,9.8066,64.4722,1,6.0173,-2.0833
Tier 3,LEG,1,2025Q3,2025Q3,9.600000,$1B-$2B,weak,-1,-0.7292,-0.7292,-0.7292,0,-3.0208,-1.0
Tier 3,LESL,2,2025Q2;2025Q3,2025Q3,13.600000,$100M-$500M,weak,-4,-55.232,-55.232,-54.4346,0,-9.4349,-4.0
Tier 3,LFCR,6,2022Q4;2024Q4;2025Q1;2025Q2;2025Q4;2026Q1,2026Q1,4.380000,$100M-$500M,weak,-3,7.1009,14.7193,27.619,0,7.9977,-2.6667
Tier 3,LFST,16,2021Q4;2022Q1;2022Q2;2022Q3;2022Q4;2023Q1;2023Q2;2023Q3;2023Q4;2024Q1;2024Q2;2024Q3;2024Q4;2025Q1;2025Q2;2026Q1,2026Q1,6.980000,$1B-$2B,weak,-3,-2.1738,-4.0476,51.3417,2,4.7866,-1.875
Tier 3,LILA,5,2023Q1;2023Q4;2024Q1;2024Q2;2025Q2,2025Q2,5.230000,$500M-$1B,mixed,0,15.6069,18.0751,37.0937,2,1.873,-0.4
Tier 3,LILAK,5,2023Q1;2023Q4;2024Q1;2024Q2;2025Q2,2025Q2,5.375000,$500M-$1B,mixed,0,17.3168,27.159,36.186,2,3.2208,-0.4
Tier 3,LMB,3,2022Q2;2022Q3;2022Q4,2022Q4,8.622,$100M-$500M,weak,-1,27.0517,34.1177,50.3132,2,28.0651,-2.3333
Tier 3,LOCO,1,2023Q3,2023Q3,10.060000,$100M-$500M,mixed,0,-13.4195,-13.4195,-13.4195,0,-7.3559,0.0
Tier 3,LOVE,1,2025Q4,2025Q4,12.770000,$100M-$500M,weak,-1,-17.3062,-17.3062,-17.3062,0,25.7635,-1.0
Tier 3,LPSN,5,2024Q2;2025Q1;2025Q2;2025Q4;2026Q1,2026Q1,2.760000,$100M-$500M,weak,-2,12.2674,10.4644,78.7879,2,-10.0815,-1.8
Tier 3,LTH,5,2022Q2;2022Q4;2023Q1;2024Q1;2024Q2,2024Q2,13.310000,$1B-$2B,weak,-4,38.0645,25.3236,81.7922,2,19.9223,-4.0
Tier 3,LXFR,3,2023Q4;2024Q2;2024Q3,2024Q3,13.210000,$100M-$500M,mixed,0,-1.8286,-3.4822,24.2802,0,-9.1261,-0.3333
Tier 3,LXU,1,2023Q2,2023Q2,8.68,$100M-$500M,weak,-3,27.1889,27.1889,27.1889,0,12.5576,-3.0
Tier 3,LYFT,5,2023Q2;2023Q3;2023Q4;2024Q1;2025Q2,2025Q2,14.655000,$2B-$10B,weak,-1,11.2195,13.7517,26.9019,0,13.1188,-2.0
Tier 3,MAC,1,2023Q2,2023Q2,10.18,$500M-$1B,weak,-1,23.6739,23.6739,23.6739,0,0.8841,-1.0
Tier 3,MAGN,1,2025Q2,2025Q2,12.400000,$100M-$500M,weak,-1,-7.3387,-7.3387,-7.3387,0,8.1452,-1.0
Tier 3,MATV,4,2024Q1;2024Q4;2025Q2;2025Q3,2025Q3,14.910000,$1B-$2B,weak,-1,19.714,30.1746,57.0715,2,28.8645,-1.5
Tier 3,MBC,1,2023Q3,2023Q3,12.550000,$500M-$1B,weak,-1,-7.6494,-7.6494,-7.6494,0,-1.9123,-1.0
Tier 3,MCS,1,2024Q2,2024Q2,12.140000,$100M-$500M,weak,-3,4.1186,4.1186,4.1186,0,-14.2504,-3.0
Tier 3,MCW,1,2024Q2,2024Q2,6.820000,$500M-$1B,weak,-1,11.4369,11.4369,11.4369,0,2.9325,-1.0
Tier 3,MEC,1,2023Q3,2023Q3,12.250000,$100M-$500M,weak,-1,-1.3061,-1.3061,-1.3061,0,-0.4898,-1.0
Tier 3,MEI,3,2024Q4;2025Q4;2026Q1,2026Q1,6.980000,$500M-$1B,weak,-1,-22.3692,-22.3692,6.2104,0,-14.3087,-2.0
Tier 3,MERC,8,2021Q4;2023Q1;2024Q2;2024Q3;2024Q4;2025Q2;2025Q3;2026Q1,2026Q1,1.610000,$1B-$2B,weak,-3,-15.7262,-10.6024,4.1411,0,-8.7562,-2.0
Tier 3,MG,3,2022Q3;2023Q3;2024Q3,2024Q3,10.500000,$100M-$500M,mixed,0,-13.1356,-22.1212,5.7143,0,-12.4834,-1.3333
Tier 3,MGNI,6,2022Q2;2022Q3;2022Q4;2023Q1;2024Q2;2025Q2,2025Q2,14.000000,$100M-$500M,weak,-2,17.9821,11.4751,72.2222,2,12.4861,-1.6667
Tier 3,MIR,5,2022Q2;2024Q1;2024Q2;2024Q3;2024Q4,2024Q4,10.340000,$100M-$500M,weak,-4,12.7519,3.2078,43.1335,1,8.5554,-1.6
Tier 3,MPAA,11,2022Q3;2023Q1;2023Q2;2023Q3;2023Q4;2024Q1;2024Q2;2024Q3;2024Q4;2025Q2;2025Q3,2025Q3,5.890000,$100M-$500M,weak,-4,4.2449,5.2903,50.924,2,8.9739,-2.1818
Tier 3,MQ,11,2022Q1;2022Q4;2023Q1;2023Q2;2023Q3;2023Q4;2024Q1;2024Q2;2024Q3;2024Q4;2025Q1,2025Q1,4.870000,$100M-$500M,weak,-2,-7.6981,-10.3101,31.5855,1,-4.065,-1.3636
Tier 3,MTRX,8,2022Q1;2022Q4;2023Q3;2023Q4;2024Q1;2024Q2;2024Q4;2025Q1,2025Q1,12.950000,$500M-$1B,weak,-1,12.3748,3.2832,95.6962,1,15.5865,-0.75
Tier 3,MTW,3,2025Q3;2025Q4;2026Q1,2026Q1,13.230000,$1B-$2B,weak,-2,29.1487,29.1487,41.3359,1,6.1926,-1.6667
Tier 3,MYE,2,2025Q2;2025Q3,2025Q3,10.750000,$100M-$500M,mixed,0,26.9733,26.9733,36.2791,1,15.7515,0.0
Tier 3,MYGN,5,2025Q1;2025Q2;2025Q3;2025Q4;2026Q1,2026Q1,6.600000,$500M-$1B,weak,-1,-20.8436,-30.4545,24.4701,0,-1.0239,-1.8
Tier 3,NATR,1,2023Q2,2023Q2,10.97,$100M-$500M,weak,-2,29.8997,29.8997,29.8997,0,10.0273,-2.0
Tier 3,NCLH,5,2022Q3;2022Q4;2023Q1;2023Q2;2023Q4,2023Q4,13.280000,$1B-$2B,weak,-4,21.1149,34.0361,52.6279,3,19.1905,-4.0
Tier 3,NDLS,4,2024Q3;2024Q4;2025Q3;2025Q4,2025Q4,11.600000,$100M-$500M,weak,-1,2.5354,-11.5422,50.4673,1,-10.0488,-0.25
Tier 3,NEO,8,2022Q3;2022Q4;2024Q2;2025Q1;2025Q2;2025Q3;2025Q4;2026Q1,2026Q1,12.550000,$100M-$500M,mixed,0,7.425,2.2434,90.0383,2,11.107,-1.5
Tier 3,NEOG,4,2025Q2;2025Q3;2025Q4;2026Q1,2026Q1,9.980000,$100M-$500M,mixed,0,19.2013,17.5352,41.1337,1,11.189,-1.25
Tier 3,NEWT,9,2023Q4;2024Q1;2024Q3;2024Q4;2025Q1;2025Q2;2025Q3;2025Q4;2026Q1,2026Q1,12.700000,$100M-$500M,weak,-1,0.656,-4.7091,19.7023,0,2.3116,-0.8889
Tier 3,NMRK,4,2023Q2;2024Q3;2025Q1;2026Q1,2026Q1,14.850000,$1B-$2B,weak,-2,15.5099,31.0376,35.3952,2,6.2919,-2.5
Tier 3,NNBR,10,2021Q4;2022Q3;2022Q4;2023Q1;2023Q3;2023Q4;2024Q1;2024Q2;2024Q3;2025Q3,2025Q3,3.360000,$100M-$500M,weak,-1,0.4155,-15.5949,120.9091,2,-8.21,-1.1
Tier 3,NPKI,3,2023Q4;2024Q1;2024Q2,2024Q2,7.460000,$500M-$1B,weak,-2,10.3862,5.7641,33.3333,1,12.8325,-2.0
Tier 3,NRDS,7,2022Q2;2022Q3;2022Q4;2023Q2;2023Q3;2023Q4;2024Q1,2024Q1,14.990000,$100M-$500M,weak,-1,17.3782,0.5029,97.0,2,8.3034,-1.2857
Tier 3,NTGR,2,2023Q4;2024Q1,2024Q1,13.980000,$500M-$1B,weak,-1,19.1439,19.1439,31.4208,1,12.2222,-0.5
Tier 3,NTNX,1,2022Q2,2022Q2,13.9,$500M-$1B,weak,-4,35.8273,35.8273,35.8273,1,8.6331,-4.0
Tier 3,NUS,2,2024Q3;2025Q3,2025Q3,10.710000,$100M-$500M,weak,-1,-6.3316,-6.3316,27.1127,0,1.6272,-0.5
Tier 3,NVCR,2,2024Q2;2026Q1,2026Q1,13.860000,$100M-$500M,weak,-4,11.71,11.71,46.0751,1,26.7379,-2.0
Tier 3,NVRI,9,2021Q4;2022Q1;2022Q2;2022Q3;2023Q2;2024Q1;2024Q3;2024Q4;2025Q2,2025Q2,12.100000,$1B-$2B,weak,-1,-3.3989,7.6825,27.5229,0,7.2301,-1.3333
Tier 3,NWL,4,2023Q4;2024Q1;2024Q2;2025Q2,2025Q2,4.870000,$1B-$2B,weak,-1,20.5177,18.8729,34.0491,1,7.0375,-1.0
Tier 3,OFIX,8,2022Q4;2023Q4;2024Q1;2024Q2;2025Q2;2025Q3;2025Q4;2026Q1,2026Q1,12.770000,$500M-$1B,weak,-2,13.1635,19.698,33.9236,1,3.4535,-1.75
Tier 3,OI,5,2021Q4;2022Q2;2022Q3;2024Q3;2025Q4,2025Q4,11.410000,$2B-$10B,mixed,0,4.7225,9.0272,19.9695,0,-0.708,-1.6
Tier 3,OII,1,2022Q3,2022Q3,10.34,$100M-$500M,weak,-2,8.6073,8.6073,8.6073,0,-8.6074,-2.0
Tier 3,ONEW,2,2025Q2;2026Q1,2026Q1,12.710000,$1B-$2B,weak,-2,11.5636,11.5636,11.5636,0,-5.9366,-2.5
Tier 3,ORGO,7,2021Q4;2022Q1;2022Q2;2023Q2;2024Q2;2025Q2;2025Q3,2025Q3,4.550000,$100M-$500M,weak,-2,-0.8858,-0.6593,44.2553,1,7.594,-1.5714
Tier 3,ORN,6,2022Q2;2024Q3;2024Q4;2025Q1;2025Q3;2025Q4,2025Q4,8.010000,$100M-$500M,weak,-3,16.9904,16.4137,65.1837,1,2.7614,-1.6667
Tier 3,OSCR,5,2022Q1;2022Q2;2022Q4;2023Q1;2024Q4,2024Q4,13.610000,$2B-$10B,weak,-1,44.7338,20.2552,165.1341,2,8.3658,-1.8
Tier 3,OSUR,9,2021Q4;2022Q1;2022Q4;2023Q1;2023Q2;2023Q3;2023Q4;2024Q1;2024Q2,2024Q2,5.000000,$100M-$500M,weak,-1,-7.3722,-10.8654,29.6041,0,-0.2476,-1.2222
Tier 3,OSW,8,2021Q4;2022Q1;2022Q3;2022Q4;2023Q1;2023Q2;2023Q3;2024Q2,2024Q2,14.540000,$100M-$500M,weak,-4,-1.4105,-2.283,14.5179,0,-0.4769,-3.75
Tier 3,OUT,2,2023Q3;2024Q3,2024Q3,14.784836,$100M-$500M,weak,-1,8.3256,8.3256,25.2252,0,2.4611,-0.5
Tier 3,PAHC,2,2023Q4;2024Q1,2024Q1,11.200000,$100M-$500M,weak,-1,28.3422,28.3422,53.3929,1,9.3925,-1.5
Tier 3,PANL,1,2022Q3,2022Q3,5.27,$100M-$500M,mixed,0,-2.4668,-2.4668,-2.4668,0,-5.1233,0.0
Tier 3,PAYO,5,2021Q4;2022Q1;2022Q2;2022Q4;2023Q1,2023Q1,5.72,$100M-$500M,mixed,0,1.8293,0.5245,32.3457,1,-5.7882,-1.8
Tier 3,PBI,6,2022Q3;2024Q2;2024Q3;2024Q4;2025Q1;2025Q3,2025Q3,7.110000,$500M-$1B,weak,-2,2.1755,0.5879,19.3974,0,-0.0139,-1.6667
Tier 3,PD,1,2025Q2,2025Q2,14.985000,$100M-$500M,mixed,0,12.9129,12.9129,12.9129,0,1.9686,0.0
Tier 3,PDM,1,2024Q2,2024Q2,6.840000,$100M-$500M,weak,-1,27.6316,27.6316,27.6316,0,6.5789,-1.0
Tier 3,PEB,1,2023Q3,2023Q3,14.710000,$500M-$1B,mixed,0,-11.7607,-11.7607,-11.7607,0,-2.7192,0.0
Tier 3,PENN,2,2025Q4;2026Q1,2026Q1,14.560000,$2B-$10B,mixed,0,-15.7143,-15.7143,-15.7143,0,-5.1207,0.0
Tier 3,PGY,6,2024Q2;2024Q3;2024Q4;2025Q1;2025Q2;2026Q1,2026Q1,14.575000,$500M-$1B,weak,-1,40.7444,20.2229,164.3068,1,-4.7431,-3.1667
Tier 3,PKOH,3,2022Q4;2023Q1;2023Q2,2023Q2,13.76,$1B-$2B,weak,-2,31.779,40.4611,42.9506,2,5.8383,-1.3333
Tier 3,PLCE,4,2024Q3;2024Q4;2025Q2;2025Q3,2025Q3,9.250000,$500M-$1B,weak,-2,6.2099,1.7124,57.1892,1,15.8898,-2.0
Tier 3,PLTK,1,2022Q2,2022Q2,11.62,$500M-$1B,weak,-2,-1.3769,-1.3769,-1.3769,0,13.167,-2.0
Tier 3,PLTR,2,2022Q1;2023Q2,2023Q2,9.22,$1B-$2B,weak,-4,32.417,32.417,95.1193,1,35.1857,-4.0
Tier 3,PNTG,3,2022Q2;2022Q4;2023Q2,2023Q2,13.23,$100M-$500M,weak,-1,0.374,-3.6434,19.0511,0,0.5898,-1.3333
Tier 3,POWL,3,2022Q2;2022Q3;2022Q4,2022Q4,10.666667,$100M-$500M,weak,-1,17.7298,18.8916,37.9375,1,11.4292,-1.3333
Tier 3,PTEN,2,2023Q4;2024Q2,2024Q2,10.730000,$1B-$2B,mixed,0,-8.9129,-8.9129,-4.8462,0,-7.2928,0.0
Tier 3,PTLO,1,2024Q2,2024Q2,10.550000,$100M-$500M,mixed,0,-8.3412,-8.3412,-8.3412,0,-5.0237,0.0
Tier 3,PTON,11,2022Q4;2023Q2;2023Q3;2023Q4;2024Q1;2024Q2;2024Q3;2024Q4;2025Q1;2025Q2;2025Q3,2025Q3,4.430000,$2B-$10B,weak,-2,11.4319,-0.7477,104.5147,2,6.153,-2.3636
Tier 3,PWP,6,2021Q4;2022Q1;2022Q2;2023Q2;2023Q3;2024Q2,2024Q2,14.710000,$100M-$500M,weak,-2,3.0821,5.3838,39.3333,1,-0.2761,-1.0
Tier 3,QNST,1,2026Q1,2026Q1,13.980000,$100M-$500M,weak,-1,,,,0,-14.4492,-1.0
Tier 3,QUAD,8,2023Q3;2023Q4;2024Q1;2024Q3;2024Q4;2025Q3;2025Q4;2026Q1,2026Q1,6.160000,$1B-$2B,mixed,0,7.0097,8.0071,39.4673,1,3.7047,-1.25
Tier 3,QVCGA,1,2025Q2,2025Q2,6.500000,$2B-$10B,mixed,0,-47.3846,-47.3846,-47.3846,0,-55.0769,0.0
Tier 3,RBBN,10,2021Q4;2022Q1;2022Q3;2023Q1;2023Q4;2024Q1;2025Q1;2025Q2;2025Q4;2026Q1,2026Q1,2.100000,$500M-$1B,weak,-2,-6.6591,-21.9616,66.6667,1,-6.4186,-1.7
Tier 3,RDNW,3,2022Q4;2023Q1;2023Q2,2023Q2,9.24,$100M-$500M,mixed,0,-1.4548,-8.658,20.3163,0,-3.7574,-2.3333
Tier 3,REAL,18,2021Q4;2022Q1;2022Q2;2022Q3;2022Q4;2023Q1;2023Q2;2023Q3;2023Q4;2024Q1;2024Q2;2024Q3;2024Q4;2025Q1;2025Q2;2025Q3;2025Q4;2026Q1,2026Q1,13.990000,$500M-$1B,weak,-1,16.4252,-5.0773,211.1111,5,5.1542,-2.0556
Tier 3,RELL,4,2021Q4;2023Q3;2024Q1;2024Q2,2024Q2,9.760000,$100M-$500M,mixed,0,1.8364,3.1448,21.6554,0,-1.1274,-0.25
Tier 3,RELY,3,2022Q1;2022Q2;2024Q2,2024Q2,14.000000,$100M-$500M,weak,-2,-2.505,-5.6429,19.2464,0,-5.5103,-2.0
Tier 3,RGP,4,2023Q4;2024Q1;2025Q4;2026Q1,2026Q1,4.600000,$100M-$500M,weak,-2,-9.0756,-7.1827,1.5414,0,-6.8238,-1.0
Tier 3,RIG,7,2021Q4;2022Q1;2023Q3;2024Q2;2024Q3;2024Q4;2025Q4,2025Q4,5.760000,$500M-$1B,weak,-4,-1.5963,-8.3732,28.836,0,6.2896,-1.5714
Tier 3,RILY,1,2025Q4,2025Q4,4.990000,$500M-$1B,weak,-1,44.2886,44.2886,44.2886,1,-20.6413,-1.0
Tier 3,RILYZ,2,2024Q1;2025Q4,2025Q4,10.200000,$500M-$1B,weak,-1,39.5611,39.5611,55.3922,1,2.8731,-1.5
Tier 3,RIVN,8,2024Q1;2024Q2;2024Q3;2024Q4;2025Q1;2025Q2;2025Q3;2025Q4,2025Q4,13.485000,$1B-$2B,weak,-4,10.0743,7.564,55.6257,1,13.4061,-3.625
Tier 3,RLJ,5,2022Q1;2022Q3;2022Q4;2023Q1;2023Q2,2023Q2,11.03,$100M-$500M,weak,-4,-4.4611,-7.0847,8.3405,0,-2.4762,-3.2
Tier 3,RMNI,1,2025Q4,2025Q4,3.880000,$100M-$500M,mixed,0,-11.0825,-11.0825,-11.0825,0,-2.0619,0.0
Tier 3,RNGR,4,2022Q3;2022Q4;2023Q2;2023Q3,2023Q3,9.860000,$100M-$500M,weak,-3,7.3137,8.1595,19.863,0,9.1911,-2.75
Tier 3,RSI,12,2022Q1;2022Q3;2022Q4;2023Q1;2023Q3;2023Q4;2024Q1;2024Q2;2024Q3;2024Q4;2025Q1;2025Q2,2025Q2,11.500000,$100M-$500M,weak,-1,5.0414,9.0509,42.7397,2,-1.6705,-1.3333
Tier 3,RSVR,5,2022Q3;2022Q4;2023Q3;2024Q3;2025Q1,2025Q1,7.660000,<$100M,weak,-2,4.63,6.7542,32.6715,1,-1.4877,-0.8
Tier 3,RUN,7,2023Q4;2024Q1;2024Q2;2024Q4;2025Q1;2025Q2;2025Q3,2025Q3,11.520000,$1B-$2B,weak,-4,21.4052,7.4645,83.8393,3,9.7702,-3.1429
Tier 3,RXO,3,2025Q2;2025Q3;2025Q4,2025Q4,13.200000,$500M-$1B,weak,-1,11.4011,16.9697,25.9878,0,14.926,-1.3333
Tier 3,RYAM,5,2021Q4;2023Q3;2023Q4;2024Q4;2025Q3,2025Q3,8.810000,$500M-$1B,mixed,0,16.8309,-13.1669,93.1953,2,8.2157,-1.0
Tier 3,SABR,4,2025Q2;2025Q3;2025Q4;2026Q1,2026Q1,1.175000,$2B-$10B,weak,-1,-9.0333,-5.8974,19.0476,0,2.6496,-2.5
Tier 3,SBGI,2,2025Q4;2026Q1,2026Q1,14.170000,$2B-$10B,mixed,0,-8.1496,-8.1496,-8.1496,0,-4.5287,0.0
Tier 3,SEAT,2,2025Q4;2026Q1,2026Q1,5.990000,$100M-$500M,mixed,0,-37.2228,-37.2228,-37.2228,0,-9.6141,0.0
Tier 3,SEDG,1,2024Q4,2024Q4,12.830000,$1B-$2B,mixed,0,11.7693,11.7693,11.7693,0,11.3016,0.0
Tier 3,SFIX,2,2022Q2;2022Q3,2022Q3,4.5,$1B-$2B,mixed,0,-29.0726,-29.0726,-20.3675,0,-21.9345,0.0
Tier 3,SG,8,2022Q3;2023Q1;2023Q2;2023Q3;2023Q4;2025Q3;2025Q4;2026Q1,2026Q1,5.750000,$500M-$1B,mixed,0,7.1163,12.1905,65.262,1,1.9462,-2.125
Tier 3,SHC,2,2024Q3;2025Q1,2025Q1,14.260000,$100M-$500M,weak,-2,-3.8077,-3.8077,10.7994,0,10.1539,-2.0
Tier 3,SHLS,2,2022Q2;2024Q1,2024Q1,13.100000,$100M-$500M,weak,-1,32.5615,32.5615,101.8405,1,18.4734,-2.5
Tier 3,SHO,6,2021Q4;2022Q1;2022Q2;2022Q3;2022Q4;2023Q1,2023Q1,10.75,$100M-$500M,weak,-2,-5.5997,-6.8534,7.2134,0,-3.9952,-2.3333
Tier 3,SLQT,17,2022Q1;2022Q2;2022Q3;2022Q4;2023Q1;2023Q2;2023Q3;2023Q4;2024Q1;2024Q2;2024Q3;2024Q4;2025Q1;2025Q2;2025Q3;2025Q4;2026Q1,2026Q1,1.040000,$500M-$1B,mixed,0,13.6273,-9.4098,175.4663,5,-0.6721,-1.4118
Tier 3,SMCI,2,2023Q1;2023Q2,2023Q2,9.799,$2B-$10B,weak,-1,129.6451,129.6451,215.7159,2,63.1147,-1.5
Tier 3,SMHI,10,2021Q4;2022Q1;2022Q2;2023Q1;2023Q2;2023Q3;2024Q2;2025Q2;2025Q3;2025Q4,2025Q4,4.770000,$100M-$500M,weak,-1,12.5073,12.8708,47.9218,3,6.8969,-1.3
Tier 3,SNDX,3,2023Q4;2025Q3;2025Q4,2025Q4,12.410000,<$100M,weak,-4,36.7409,42.3592,56.9853,2,29.1789,-4.0
Tier 3,SPNT,2,2023Q2;2023Q3,2023Q3,9.870000,$500M-$1B,mixed,0,3.4802,3.4802,5.3393,0,3.8897,0.0
Tier 3,SSP,5,2022Q2;2022Q3;2022Q4;2024Q3;2024Q4,2024Q4,1.744361,$1B-$2B,weak,-1,0.487,-5.911,37.3297,1,-1.2352,-0.4
Tier 3,STGW,10,2021Q4;2023Q2;2023Q3;2024Q3;2024Q4;2025Q1;2025Q2;2025Q3;2025Q4;2026Q1,2026Q1,6.000000,$2B-$10B,weak,-2,-9.3242,-13.3333,14.9733,0,2.0201,-2.3
Tier 3,STKL,7,2022Q3;2022Q4;2024Q1;2024Q2;2024Q3;2024Q4;2025Q3,2025Q3,5.700000,$100M-$500M,weak,-1,-5.3582,-5.9034,27.3684,0,1.5105,-1.1429
Tier 3,SVV,1,2024Q3,2024Q3,8.390000,$100M-$500M,weak,-3,31.2276,31.2276,31.2276,1,4.41,-3.0
Tier 3,SWBI,4,2023Q4;2025Q3;2025Q4;2026Q1,2026Q1,12.880000,$100M-$500M,mixed,0,12.8282,8.6585,25.5591,0,11.7276,-1.5
Tier 3,SWIM,9,2022Q2;2023Q2;2023Q3;2023Q4;2024Q1;2024Q2;2024Q3;2025Q2;2025Q3,2025Q3,3.980000,$100M-$500M,weak,-4,7.8114,2.1277,65.3266,3,6.6165,-1.5556
Tier 3,SYM,1,2023Q1,2023Q1,14.6,<$100M,weak,-4,83.3562,83.3562,83.3562,1,2.5342,-4.0
Tier 3,TALO,5,2022Q1;2022Q3;2025Q2;2025Q3;2025Q4,2025Q4,7.440000,$100M-$500M,weak,-1,36.936,22.9744,80.0601,2,22.248,-1.0
Tier 3,TASK,1,2024Q2,2024Q2,12.790000,$500M-$1B,weak,-2,18.061,18.061,18.061,0,13.5262,-2.0
Tier 3,TBI,3,2025Q2;2025Q3;2025Q4,2025Q4,3.890000,$500M-$1B,weak,-1,16.9248,14.553,62.982,1,15.9894,-1.0
Tier 3,TBLA,3,2023Q3;2023Q4;2024Q1,2024Q1,4.400000,$1B-$2B,weak,-1,6.9666,8.871,21.1196,0,-2.6181,-0.6667
Tier 3,TDAY,1,2022Q1,2022Q1,4.96,$1B-$2B,weak,-1,-21.9758,-21.9758,-21.9758,0,-8.2661,-1.0
Tier 3,TEAD,6,2023Q2;2023Q3;2023Q4;2024Q1;2024Q2;2024Q3,2024Q3,4.980000,$100M-$500M,weak,-2,8.5341,11.0881,49.5913,1,7.6382,-1.5
Tier 3,TG,3,2023Q3;2023Q4;2024Q2,2024Q2,6.430000,$100M-$500M,weak,-1,-6.5347,-10.5882,4.2035,0,-2.0821,-0.3333
Tier 3,TH,4,2022Q2;2022Q3;2023Q2;2023Q3,2023Q3,14.350000,$100M-$500M,weak,-2,31.6881,27.3415,84.3609,2,21.11,-3.0
Tier 3,TILE,2,2023Q3;2023Q4,2023Q4,9.580000,$500M-$1B,mixed,0,12.9489,12.9489,30.8977,1,6.6916,-0.5
Tier 3,TITN,1,2024Q3,2024Q3,12.400000,$500M-$1B,weak,-2,14.4355,14.4355,14.4355,0,7.9839,-2.0
Tier 3,TNDM,1,2025Q3,2025Q3,10.495000,$100M-$500M,weak,-3,39.7809,39.7809,39.7809,1,19.1043,-3.0
Tier 3,TPC,1,2022Q2,2022Q2,9.12,$1B-$2B,weak,-1,-1.6447,-1.6447,-1.6447,0,11.7325,-1.0
Tier 3,TROX,6,2024Q3;2024Q4;2025Q1;2025Q2;2025Q4;2026Q1,2026Q1,6.650000,$2B-$10B,mixed,0,11.6436,-10.148,120.0637,2,1.2608,-0.8333
Tier 3,TSEOF,2,2025Q3;2025Q4,2025Q4,2.180000,$500M-$1B,weak,-2,-49.2537,-49.2537,-36.2385,0,-18.3995,-1.5
Tier 3,TTEC,2,2025Q2;2025Q4,2025Q4,4.300000,$500M-$1B,weak,-2,-19.4225,-19.4225,-2.3333,0,20.9535,-2.0
Tier 3,TTMI,1,2022Q3,2022Q3,14.76,$500M-$1B,mixed,0,1.626,1.626,1.626,0,1.1518,0.0
Tier 3,TWI,4,2022Q2;2023Q2;2025Q2;2025Q4,2025Q4,6.740000,$100M-$500M,mixed,0,30.2052,31.6212,39.0728,2,14.0186,-0.5
Tier 3,UEIC,5,2023Q3;2023Q4;2024Q1;2025Q2;2025Q3,2025Q3,6.250000,<$100M,weak,-2,-5.3271,-3.52,32.0132,1,-2.3994,-2.0
Tier 3,UIS,6,2022Q3;2022Q4;2023Q2;2023Q3;2023Q4;2024Q1,2024Q1,5.290000,$1B-$2B,weak,-1,1.4462,-20.1197,90.6158,2,-7.4831,-1.8333
Tier 3,ULCC,13,2022Q1;2023Q2;2023Q3;2023Q4;2024Q1;2024Q2;2024Q3;2024Q4;2025Q1;2025Q2;2025Q3;2025Q4;2026Q1,2026Q1,4.910000,$2B-$10B,weak,-3,1.0923,-4.9774,100.9375,3,6.0196,-2.5385
Tier 3,UPWK,5,2022Q4;2023Q1;2023Q2;2023Q3;2023Q4,2023Q4,14.700000,$100M-$500M,weak,-3,-2.6482,-5.2381,51.5198,1,1.9736,-3.0
Tier 3,UTI,2,2021Q4;2022Q4,2022Q4,7.4,$100M-$500M,mixed,0,4.9945,4.9945,7.4214,0,-8.9652,-0.5
Tier 3,UTZ,5,2022Q1;2022Q2;2023Q4;2025Q1;2025Q2,2025Q2,13.980000,$1B-$2B,mixed,0,13.7021,2.5585,47.5649,2,1.1731,-1.0
Tier 3,VERX,2,2022Q1;2022Q2,2022Q2,11.3,<$100M,mixed,0,-5.8244,-5.8244,4.3363,0,5.1838,-1.0
Tier 3,VITL,3,2022Q1;2023Q3;2023Q4,2023Q4,11.730000,$100M-$500M,weak,-1,-5.6699,-14.2964,29.0708,0,0.3649,-1.0
Tier 3,VREX,2,2025Q1;2026Q1,2026Q1,12.690000,$100M-$500M,mixed,0,-35.9259,-35.9259,-35.9259,0,-10.9629,0.0
Tier 3,VRT,2,2022Q1;2022Q2,2022Q2,12.98,$2B-$10B,mixed,0,-14.9538,-14.9538,-10.8014,0,-0.8277,0.0
Tier 3,VSAT,3,2024Q4;2025Q1;2025Q2,2025Q2,10.640000,$500M-$1B,weak,-1,44.6808,-2.0364,149.3308,1,5.3382,-1.0
Tier 3,VYGR,12,2022Q1;2022Q2;2022Q3;2022Q4;2023Q1;2023Q3;2023Q4;2024Q1;2025Q1;2025Q2;2025Q3;2025Q4,2025Q4,3.800000,<$100M,weak,-3,3.1182,5.3828,56.6148,1,5.5797,-1.4167
Tier 3,VYX,2,2025Q2;2025Q3,2025Q3,10.390000,$500M-$1B,weak,-4,2.719,2.719,20.5967,0,8.7298,-2.5
Tier 3,WEST,14,2022Q4;2023Q1;2023Q2;2023Q3;2023Q4;2024Q1;2024Q2;2024Q3;2024Q4;2025Q1;2025Q2;2025Q3;2025Q4;2026Q1,2026Q1,3.920000,$500M-$1B,weak,-3,-3.995,-8.0889,30.0258,1,1.4399,-3.0714
Tier 3,WLDN,1,2022Q4,2022Q4,12.78,$100M-$500M,weak,-2,67.8404,67.8404,67.8404,1,24.2567,-2.0
Tier 3,WNC,2,2022Q2;2025Q2,2025Q2,7.060000,$500M-$1B,mixed,0,26.9482,26.9482,40.3683,1,12.7278,0.0
Tier 3,WOOF,1,2025Q3,2025Q3,3.980000,$1B-$2B,weak,-2,-19.598,-19.598,-19.598,0,-8.794,-2.0
Tier 3,WRBY,4,2023Q2;2023Q3;2023Q4;2024Q1,2024Q1,12.960000,$100M-$500M,weak,-2,11.9595,20.1474,29.3982,0,-1.5943,-2.25
Tier 3,WTI,1,2025Q3,2025Q3,1.680000,$100M-$500M,mixed,0,23.2143,23.2143,23.2143,0,8.3333,0.0
Tier 3,WTTR,5,2022Q3;2022Q4;2023Q1;2023Q2;2024Q2,2024Q2,9.240000,$500M-$1B,weak,-1,13.3207,14.2069,26.8398,0,-1.1595,-1.2
Tier 3,WWW,5,2023Q3;2023Q4;2024Q1;2024Q2;2024Q3,2024Q3,13.380000,$500M-$1B,weak,-1,7.1982,6.4118,19.9552,0,1.4326,-1.0
Tier 3,XHR,5,2022Q4;2023Q1;2023Q2;2024Q1;2024Q2,2024Q2,14.550000,$500M-$1B,mixed,0,-3.4192,1.5771,4.5969,0,0.0745,-0.2
Tier 3,XPER,13,2023Q1;2023Q2;2023Q3;2023Q4;2024Q1;2024Q2;2024Q3;2024Q4;2025Q1;2025Q2;2025Q3;2025Q4;2026Q1,2026Q1,5.670000,$100M-$500M,weak,-1,-7.0717,-5.6966,26.0274,0,-2.6503,-2.6923
Tier 3,XRX,2,2023Q4;2025Q3,2025Q3,4.010000,$1B-$2B,weak,-4,4.4558,4.4558,31.8542,1,2.5496,-3.0
Tier 3,ZETA,4,2021Q4;2022Q1;2022Q3;2022Q4,2022Q4,8.41,$100M-$500M,weak,-1,-0.2397,5.161,12.7273,0,0.0959,-0.5
