buy_focus_bucket,ticker,entry_score_0_100,entry_score_0_100_bucket,rank_score_label,monitoring_status,signal_freshness_status,signal_age_trading_days,tradable_date,entry_open,revenue_bucket,tier_1_bucket,tier_2_bucket,tier_3_bucket,tier_4_bucket,hp_production_extension,hp_LLM_best,llm_best,post_llm_candidate_flag,post_llm_high_priority_flag,causal_change,negative_revision_risk,narrative_delta_bucket,score_addition,return_10d_pct,return_20d_pct,return_30d_pct,return_60d_pct,detected_driver_category,detected_driver_name,evidence_positive,evidence_risk
Do not buy first; stress review only,ACVA,79,High-priority entry research,B,midpoint_stress,stale_signal,49.0,2026-02-24,5.58,$100M-$500M,Tier 1 - Balanced priority feed,Tier 2 - High-priority compact feed,Tier 3 - Revised dislocation feed,,,0,1,1.0,1.0,3.0,2.0,inflecting,3.0,-8.2437,-12.724,-22.4014,-5.3763,scaling marketplace growth,"dealer solutions adoption, revenue growth, and margin expansion",Fourth quarter revenue increased 15% year over year; Marketplace and Service Revenue increased 11%; marketplace units increased 5%; revenue was at the high end of guidance and Adjusted EBITDA above the high end; company cited continued margin expansion and accelerated adoption of dealer solutions.,GAAP net loss remained negative at $(20) million in the fourth quarter and $(66.1) million for the year; risk factors include history of operating losses and ability to manage growth.
Do not buy first; stress review only,SHLS,79,High-priority entry research,B,early_stress,stale_signal,48.0,2026-02-25,7.19,$100M-$500M,Tier 1 - Balanced priority feed,Tier 2 - High-priority compact feed,,,,0,1,1.0,1.0,3.0,2.0,inflecting,3.0,-20.0278,-14.1864,-7.9277,9.1794,backlog_driven_revenue_growth,"utility-scale solar demand, record revenue, record BLAO, and BESS contribution","Q4 revenue rose 39% to a record $148.3M; operating profit was $17.4M; net income was $8.1M; Adjusted EBITDA rose to $30.3M; FY revenue rose 19%; backlog and awarded orders reached a record $747.6M, up 17.8% YoY, with more than $67M attributed to BESS.","Gross profit percentage declined due to higher material costs and $3.3M of duties and tariffs; Q1 2026 revenue outlook of $125M-$135M is below Q4 revenue; filing notes project delay, regulatory, customer order pattern, and backlog conversion risks."
Do not buy first; stress review only,SWIM,79,High-priority entry research,B,midpoint_stress,aging_signal,43.0,2026-03-04,7.94,$100M-$500M,Tier 1 - Balanced priority feed,Tier 2 - High-priority compact feed,,,,0,1,1.0,1.0,3.0,1.0,inflecting,3.0,-22.9219,-27.7078,-33.5013,,margin expansion and acquisition-led growth,"lower cost structure, lean manufacturing/value engineering, Freedom Pools acquisition","Net sales rose 7.4% for 2025, Adjusted EBITDA rose 24.4% to 18.3% margin, Q4 gross margin expanded 340 bps, and 2026 guidance implies 9.0% midpoint sales growth with mid-single-digit organic growth plus Freedom Pools.",Q4 still had a GAAP net loss and SG&A increased for growth investments; 2026 Adjusted EBITDA lacks net income reconciliation.
Do not buy first; stress review only,REAL,78,High-priority entry research,B,midpoint_stress,stale_signal,46.0,2026-02-27,13.99,$500M-$1B,Tier 1 - Balanced priority feed,,Tier 3 - Revised dislocation feed,,,0,1,1.0,1.0,3.0,1.0,inflecting,3.0,-22.3016,-34.0958,-41.9585,,growth_with_margin_expansion,"GMV growth, revenue growth, and sustained Adjusted EBITDA improvement","Fourth quarter GMV rose 22%, revenue rose 18%, Adjusted EBITDA improved to $22 million or 11.3% of revenue, and full-year Adjusted EBITDA improved to $42 million; operating cash flow was positive at $37 million.",GAAP net loss persisted and included a warrant-liability fair value adjustment; forward Adjusted EBITDA was not reconciled to GAAP net income due to uncertain components.
Do not buy first; stress review only,CRSR,76,High-priority entry research,C,midpoint_stress,stale_signal,56.0,2026-02-13,6.48,$500M-$1B,Tier 1 - Balanced priority feed,Tier 2 - High-priority compact feed,Tier 3 - Revised dislocation feed,,,0,0,1.0,0.0,2.0,2.0,constructive,1.0,-16.6667,-3.7037,-18.5185,-5.4012,Product execution and mix shift,"New product launches, supply chain flexibility, higher-margin Creator/Gaming Peripherals investment","Full-year revenue grew 12% to $1.47B, GAAP gross profit rose 30%, gross margin reached 28.9%, adjusted EBITDA rose 84% to $100.6M above guidance, and Q4 adjusted EBITDA rose 62% despite revenue down 3% year over year.","Q4 revenue declined 3% due to lower North American demand, 2025 GAAP net loss was $15.0M, and management cited memory constraints, tariffs, trade regulation shifts, inflation, and recession risk."
Do not buy first; stress review only,HLIT,67,"Good candidate, needs downstream confirmation",C,midpoint_stress,stale_signal,51.0,2026-02-20,12.0,$100M-$500M,Tier 1 - Balanced priority feed,,,,,0,1,1.0,0.0,3.0,2.0,constructive,1.0,-8.8333,-21.9167,-22.8333,-9.8333,bookings_and_backlog,Broadband bookings and DOCSIS 4.0 ramps,"Record quarterly Broadband bookings drove 3.5 book-to-bill, backlog increased substantially, management cited improved 2026 visibility, and guidance calls for Q1 continuing-operations revenue of $100 million to $105 million with non-GAAP operating income of $18 million to $20 million.","Continuing-operations Q4 revenue fell to $98.2 million from $171.0 million, GAAP income from continuing operations declined sharply, and pending Video sale carries closing and execution risks."
Do not buy first; stress review only,JBI,66,"Good candidate, needs downstream confirmation",C,midpoint_stress,aging_signal,42.0,2026-03-05,6.43,$1B-$2B,Tier 1 - Balanced priority feed,Tier 2 - High-priority compact feed,,,,0,0,1.0,0.0,2.0,2.0,constructive,1.0,-17.1073,-16.9518,-22.2395,,margin recovery and product adoption,international strength and Noke Smart Entry adoption,"Q4 adjusted EBITDA increased 7.5% to $37.2 million, Q4 adjusted EBITDA margin improved about 140 basis points to 16.4%, adjusted net income increased 15.2%, and Noke installed units rose 25.5%.","Full-year adjusted EBITDA declined 19.3%, full-year adjusted EBITDA margin fell to 19.0% from 21.6%, macro conditions remain a dependency, and impairment charges were recorded."
Do not buy first; stress review only,RRGB,66,"Good candidate, needs downstream confirmation",C,midpoint_stress,stale_signal,47.0,2026-02-26,4.24,$1B-$2B,Tier 1 - Balanced priority feed,Tier 2 - High-priority compact feed,,"Tier 4 - Ultra-distressed tag, not a production tier",,0,0,1.0,0.0,2.0,2.0,constructive,1.0,-5.6604,-23.5849,-38.9151,-8.9623,turnaround_operational_efficiency,"First Choice plan, labor efficiency, price-value changes, Managing Partner empowerment","Adjusted EBITDA increased 53% for fiscal 2025, restaurant-level operating profit margin improved 190 bps to 12.7%, and guidance calls for adjusted EBITDA of $70M to $73M with restaurant-level operating profit around 13.0%.","Company still reported net losses, including a quarterly net loss of $10.1M and full-year net loss of $23.3M; comparable revenue guidance is only 0.5% to 1.5%."
"Focus 1 - highest priority, aging not stale",STGW,85,Highest-priority entry research,A+,active,aging_signal,38.0,2026-03-11,6.0,$2B-$10B,Tier 1 - Balanced priority feed,Tier 2 - High-priority compact feed,Tier 3 - Revised dislocation feed,,,0,1,1.0,1.0,3.0,1.0,inflecting,3.0,3.6667,4.8333,4.5,,organic_growth_cash_flow_and_guidance,"Accelerating ex-advocacy growth, net new business, free cash flow, and 2026 guidance","FY25 net revenue growth 6%, cash flow from operations up $148M, free cash flow more than doubled to $187M, Q4 adjusted EBITDA $129M +3%, record Q4 net new business $106M, 2026 net revenue growth guidance 8%-12%.",FY25 adjusted EBITDA increased only 1%; quantitative reconciliation for 2026 guidance excluded under unreasonable-efforts exception; macro and client demand risks cited.
"Focus 1 - highest priority, aging not stale",NNBR,80,Highest-priority entry research,A,active,aging_signal,42.0,2026-03-05,1.45,$100M-$500M,Tier 1 - Balanced priority feed,Tier 2 - High-priority compact feed,,"Tier 4 - Ultra-distressed tag, not a production tier",,0,1,1.0,0.0,3.0,2.0,constructive,1.0,-11.0345,20.0,1.3793,,turnaround and operational transformation,"plant rationalization, margin improvement, and 2026 adjusted EBITDA growth outlook","Adjusted gross margin rose 120 bps to approximately 18.8%; adjusted income from operations improved to $14.247 million from $5.086 million for the year; company guided 2026 revenue to $445-$465 million and adjusted EBITDA to $50-$60 million, a fourth consecutive year of improvement.",GAAP losses remain: Q4 operating loss of $10.4 million and 2025 net loss of $34.0 million; Q4 net sales declined 1.7%; forward-looking adjusted EBITDA lacks GAAP reconciliation and depends on new launches and modest organic growth.
"Focus 1 - highest priority, aging not stale",BVS,79,High-priority entry research,A,active,aging_signal,41.0,2026-03-06,8.96,$500M-$1B,Tier 1 - Balanced priority feed,Tier 2 - High-priority compact feed,,,,0,1,1.0,1.0,3.0,1.0,inflecting,3.0,-1.0045,3.3482,0.6696,,organic demand and margin expansion,Pain Treatments and U.S. organic growth,Q4 revenue rose 2.8% and organic revenue rose 10.0%; adjusted EBITDA rose 30% to $36.7 million; full-year adjusted EBITDA rose 6.8%; Q4 GAAP EPS was $0.21 versus $0.00; operating cash flow rose 92% for the full year.,Adjusted EPS declined to $0.24 from $0.26 due to unfavorable tax expense despite better operating profit and lower interest expense.
"Focus 1 - highest priority, aging not stale",CRCT,79,High-priority entry research,A,active,aging_signal,43.0,2026-03-04,4.35,$500M-$1B,Tier 1 - Balanced priority feed,Tier 2 - High-priority compact feed,,"Tier 4 - Ultra-distressed tag, not a production tier",,0,0,1.0,1.0,2.0,1.0,inflecting,3.0,-6.2069,-5.0575,-5.5172,,subscription/platform mix and margin expansion,"Platform revenue, paid subscribers, gross margin, cash generation",Net income increased 22% to $76.7 million with 10.8% margin; cash from operations was $200 million; paid subscribers rose over 4% to just over 3.09 million; platform revenue rose 5% for FY and 6% in Q4; FY gross margin expanded to 55.1% from 49.5%.,"Total revenue was roughly flat/down, with FY revenue $708.8 million versus $712.5 million and Q4 revenue $203.6 million versus $209.3 million; management expressed disappointment in lack of total company sales growth."
"Focus 1 - highest priority, aging not stale",SFIX,79,High-priority entry research,A,active,aging_signal,37.0,2026-03-12,3.35,$100M-$500M,Tier 1 - Balanced priority feed,Tier 2 - High-priority compact feed,,"Tier 4 - Ultra-distressed tag, not a production tier",,0,0,1.0,1.0,2.0,1.0,inflecting,3.0,-0.8955,1.194,-3.2836,,revenue_reacceleration_with_cash_generation,"personalized retail growth, positive Adjusted EBITDA, and positive free cash flow outlook","Q2 net revenue rose 9.4% YoY to $341.3M; Adjusted EBITDA was $15.9M with 4.7% margin; operating cash flow was $7.3M and free cash flow $3.4M; FY2026 outlook calls for 5.0%-6.5% revenue growth, Adjusted EBITDA of $42M-$50M, and full-year positive free cash flow.",Company still reported a $2.7M net loss and gross margin declined 90 bps YoY.
"Focus 1 - highest priority, aging not stale",JRVR,76,High-priority entry research,A,active,aging_signal,44.0,2026-03-03,6.4,$500M-$1B,Tier 1 - Balanced priority feed,Tier 2 - High-priority compact feed,,,,0,1,1.0,1.0,3.0,2.0,inflecting,3.0,-0.1563,-2.1875,-4.375,,underwriting improvement,E&S underwriting discipline and smaller insured focus,Underwriting profit was $8.6M versus a $58.1M loss in the prior-year quarter; E&S net earned premium increased 61.5% in the quarter; tangible common equity increased 34.9%; company cited lower frequency and incurred losses on recent accident years.,Net investment income declined 4%; gross written premium fell due to underwriting appetite changes; reserve estimation uncertainty remains a stated risk.
"Focus 1 - highest priority, aging not stale",CXM,76,High-priority entry research,A,active,aging_signal,37.0,2026-03-12,5.84,$500M-$1B,Tier 1 - Balanced priority feed,Tier 2 - High-priority compact feed,,,,0,0,1.0,1.0,2.0,1.0,inflecting,3.0,3.2534,2.3973,-6.8493,,Subscription growth and margin expansion,"Enterprise engagement quality, innovation leadership, operating margin expansion, free cash flow generation","Q4 revenue rose 9% to $220.6M, subscription revenue rose 6% to $193.4M, Q4 free cash flow was $15.9M, GAAP operating margin improved to 6% from 5%, non-GAAP operating margin improved to 17% from 13%, and full-year non-GAAP operating margin improved to 17% from 11%.","Non-GAAP gross margin was lower year over year, free cash flow may fluctuate with operating expenses and growth investment, and outlook implies subscription revenue growth but not an explicit acceleration."
Focus 2 - high score but stale; price/thesis check required,LZ,81,Highest-priority entry research,A,active,stale_signal,51.0,2026-02-20,6.92,$500M-$1B,Tier 1 - Balanced priority feed,Tier 2 - High-priority compact feed,,,,0,1,1.0,1.0,3.0,1.0,inflecting,3.0,0.0,-10.9827,-9.2486,-5.3468,subscription and higher-value services growth,"subscription momentum, higher-value acquisition, human-in-the-loop offerings, margin expansion",Q4 revenue increased 18% to $190.3 million; FY revenue increased 11% to $756.0 million; gross margin improved to 68% from 67%; 2026 revenue guidance implies 8% growth at midpoint; 2026 adjusted EBITDA guidance implies 13% growth at midpoint from improved gross margins and disciplined cost management.,Q1 2026 adjusted EBITDA guidance implies a 5% year-over-year decrease at midpoint due to marketing investment timing; Q4 free cash flow declined to $28.0 million from $35.9 million.
Focus 2 - high score but stale; price/thesis check required,MAX,81,Highest-priority entry research,A,active,stale_signal,49.0,2026-02-24,8.8,$100M-$500M,Tier 1 - Balanced priority feed,Tier 2 - High-priority compact feed,,,,0,1,1.0,1.0,3.0,2.0,inflecting,3.0,15.0,9.6591,8.9773,12.8443,vertical growth,P&C insurance transaction value and market share gains,"Full-year revenue increased 29%, transaction value increased 45%, P&C transaction value increased 65%, Q1 2026 outlook calls for 23% transaction value growth and 12% revenue growth, and adjusted EBITDA excluding under-65 health expected up about 25%.","Q4 revenue declined 3%, Health transaction value declined 32% for full year and is expected down about 50% in Q1; legal reserve tied to FTC matter and intangible write-off add quality risk."
Focus 2 - high score but stale; price/thesis check required,ANGO,79,High-priority entry research,A,active,stale_signal,83.0,2026-01-07,11.3,$100M-$500M,Tier 1 - Balanced priority feed,,Tier 3 - Revised dislocation feed,,,0,1,1.0,1.0,3.0,1.0,inflecting,3.0,-8.3186,-9.3805,-6.5487,-4.6018,segment_growth_and_margin_expansion,Med Tech double-digit growth with improved gross margin and EBITDA,"Med Tech delivered fifth consecutive quarter of double-digit growth; net sales rose 8.8%, gross margin improved 170 bps, Adjusted EBITDA rose to $5.9 million from $3.1 million, and net sales guidance increased.","Company still reported GAAP loss per share of $0.15 and net loss, though losses narrowed."
Focus 2 - high score but stale; price/thesis check required,MQ,79,High-priority entry research,A,active,stale_signal,48.0,2026-02-25,3.8,$500M-$1B,Tier 1 - Balanced priority feed,Tier 2 - High-priority compact feed,,"Tier 4 - Ultra-distressed tag, not a production tier",,0,1,1.0,1.0,3.0,1.0,inflecting,3.0,7.3684,5.5263,5.0,15.3947,Platform growth and EBITDA scaling,"Customer expansion across geography, use case, and solutions with value-added services","Q4 net revenue grew 27%, full-year net revenue grew 23%, Q4 gross profit grew 22%, full-year gross profit grew 24%, Q4 GAAP net loss narrowed to $1 million, and adjusted EBITDA was $31 million in Q4 and $110 million for 2025. 2026 guidance calls for revenue growth and adjusted EBITDA growth above revenue growth.","Gross margin declined 2 percentage points in Q4, GAAP full-year net loss was $14 million, and forward adjusted EBITDA reconciliation is unavailable because some items cannot be reasonably predicted and could be significant."
Focus 2 - high score but stale; price/thesis check required,LFST,79,High-priority entry research,A,active,stale_signal,47.0,2026-02-26,6.98,$1B-$2B,Tier 1 - Balanced priority feed,Tier 2 - High-priority compact feed,Tier 3 - Revised dislocation feed,,,0,0,1.0,1.0,2.0,1.0,inflecting,3.0,-1.0029,-8.1662,-10.6017,4.0831,operational execution and profitable growth,"clinician growth, center margin stability, adjusted EBITDA and free cash flow improvement","Q4 revenue increased 17% year over year to $382.2 million; FY revenue increased 14% to $1,424.3 million; clinicians increased 9% year over year to 8,040; Q4 net income was $11.7 million versus prior-year losses in several quarters; Q4 free cash flow was $46.6 million.",Forward-looking reconciliation for 2026 Center Margin and Adjusted EBITDA not provided; reimbursement and growth-rate risks disclosed; 2024 clinicians recast under new definition.
Focus 2 - high score but stale; price/thesis check required,TBLA,79,High-priority entry research,A,active,stale_signal,47.0,2026-02-26,2.97,$1B-$2B,Tier 1 - Balanced priority feed,Tier 2 - High-priority compact feed,,"Tier 4 - Ultra-distressed tag, not a production tier",,0,0,1.0,1.0,2.0,1.0,inflecting,3.0,10.7744,4.3771,1.3468,30.9024,product-led growth and cash generation,Realize platform and AI-driven innovation,"2025 revenue rose to $1.912B, net income improved to $42.3M from a loss, operating cash flow rose to $208.4M, free cash flow rose to $163.4M, and 2026 guidance calls for $1.993B-$2.054B revenue and $222M-$236M Adjusted EBITDA.","Q4 gross profit declined despite revenue growth, Q4 free cash flow declined, and Adjusted EBITDA fell 6.6% in Q4; guidance lacks GAAP net income reconciliation."
Focus 2 - high score but stale; price/thesis check required,CCC,76,High-priority entry research,A,active,stale_signal,48.0,2026-02-25,5.39,$500M-$1B,Tier 1 - Balanced priority feed,Tier 2 - High-priority compact feed,,,,0,1,1.0,1.0,3.0,1.0,inflecting,3.0,10.2041,14.4712,7.7922,-7.6994,AI platform adoption,CCC AI solution scaling,"Full-year revenue rose 12%; Q4 revenue rose 13%; full-year adjusted EBITDA rose 10% with a 41% margin; Q4 adjusted EBITDA rose 12%; operating cash flow rose to $315.5 million and free cash flow rose to $254.5 million; AI adoption expanded to more than 125 insurers and over 15,000 repair facilities.",GAAP gross margin declined to 73% from 76% for the full year; adjusted gross margin declined to 76% from 78%; customer concentration and execution risks were cited.
Focus 2 - high score but stale; price/thesis check required,RIG,76,High-priority entry research,A,active,stale_signal,50.0,2026-02-23,6.57,$2B-$10B,Tier 1 - Balanced priority feed,Tier 2 - High-priority compact feed,,,,0,1,1.0,1.0,3.0,2.0,inflecting,3.0,-6.6971,-5.6317,3.0441,-7.0015,backlog_utilization_cash_flow,"High-spec fleet utilization, backlog additions, and free cash flow growth","Adjusted EBITDA rose 19% to $1.37 billion; free cash flow rose to $626 million; backlog was about $6.1 billion; 10 new fixtures added about $610 million of backlog at a $417,000 weighted average dayrate.",GAAP net loss was $2.915 billion due largely to asset impairment and debt-conversion loss; fourth quarter operating and maintenance expense rose 3.6%; contract drilling revenue guidance for 2026 was below the full-year 2025 run-rate implied by reported results.
Focus 2 - high score but stale; price/thesis check required,EPM,76,High-priority entry research,A,active,stale_signal,58.0,2026-02-11,4.0,<$100M,Tier 1 - Balanced priority feed,Tier 2 - High-priority compact feed,,"Tier 4 - Ultra-distressed tag, not a production tier",,0,0,1.0,1.0,2.0,2.0,inflecting,3.0,7.25,11.5,17.25,11.5,production_price_cost_leverage,"Higher production, natural gas realization, lower operating costs, and royalty pipeline","Production increased 6%, revenues rose 2%, net income improved to $1.1 million from a loss, adjusted EBITDA rose 41% to $8.0 million, and adjusted EBITDA margin expanded to 39% from 28%; newly acquired royalty wells and undeveloped locations add future exposure.",Results benefited from a 22% increase in realized natural gas prices while realized oil and NGL prices fell 16% and 12%; commodity price exposure remains a risk.
Focus 2 - high score but stale; price/thesis check required,HLMN,76,High-priority entry research,A,active,stale_signal,53.0,2026-02-18,9.0,$1B-$2B,Tier 1 - Balanced priority feed,Tier 2 - High-priority compact feed,,,,0,0,1.0,1.0,2.0,1.0,inflecting,3.0,-9.7778,-8.5556,-13.7778,-0.5556,core_category_growth_and_margin_expansion,Hardware and Protective Solutions growth,"Full-year net sales rose 5.4%, GAAP net income improved to $40.3 million from $17.3 million, adjusted EBITDA increased to $275.3 million from $241.8 million, Hardware and Protective adjusted EBITDA rose 26.0%, and guidance calls for 2026 adjusted EBITDA of $275 million to $285 million and free cash flow of $100 million to $120 million.","Robotics and Digital Q4 sales declined 1.1%, Canada declined, net debt remained $665.8 million, and macro/supply-chain risks were listed."
Focus 3 - secondary aging candidates,PANL,73,High-priority entry research,B,active,aging_signal,37.0,2026-03-12,7.11,$100M-$500M,Tier 1 - Balanced priority feed,Tier 2 - High-priority compact feed,,,,0,1,1.0,1.0,3.0,1.0,inflecting,3.0,-2.391,0.4219,5.7665,,fleet expansion and utilization,"expanded fleet, higher TCE rates, and increased shipping days","Revenue rose to $183.9M from $147.2M; Q4 TCE rates increased 11% year over year and were 19% above market; shipping days increased 26% to 6,025, primarily from the acquisition of fifteen handy-size vessels; adjusted EBITDA increased 23% to $28.7M; operating cash flow was $15.1M; liquidity exceeded $100M cash at year-end.",Dry bulk was described as entering the seasonally softer first quarter; full-year net income fell to $20.2M from $31.8M despite Q4 improvement.
Focus 3 - secondary aging candidates,SWBI,71,High-priority entry research,B,active,aging_signal,41.0,2026-03-06,12.88,$100M-$500M,Tier 1 - Balanced priority feed,,Tier 3 - Revised dislocation feed,,,0,0,1.0,1.0,2.0,1.0,inflecting,3.0,8.0745,15.295,14.5963,,sales_growth_margin_and_cash_flow,Market share growth with gross margin and cash flow improvement,Q3 net sales increased 17.1% to $135.7M; gross margin improved to 26.2% from 24.1%; net income rose to $3.8M from $2.1M; adjusted EBITDAS rose to $16.8M from $13.9M; operating cash flow was $20.5M in Q3 versus $(9.8)M year earlier.,"Nine-month net income declined to $2.3M from $4.8M; firearm industry, regulation, tariff, lawsuit, demand, and raw material risks cited."
Focus 3 - secondary aging candidates,PD,70,High-priority entry research,B,active,aging_signal,36.0,2026-03-13,6.15,$100M-$500M,Tier 1 - Balanced priority feed,Tier 2 - High-priority compact feed,,,,0,0,1.0,1.0,2.0,1.0,inflecting,3.0,15.2846,4.065,-1.4634,,profitability inflection,stabilized retention and margin expansion driving GAAP profitability and free cash flow,"Q4 revenue increased 2.7% to $125M; ARR grew 1% to $498.7M; management cited stabilized revenue retention and 700 bps non-GAAP operating margin expansion; Q4 operating income was $4.5M versus a prior-year operating loss; non-GAAP operating margin was 23.9%; net income was $11.0M, third consecutive quarter of GAAP profitability; full-year net income was $173.9M, first full year of GAAP profitability; free cash flow was $102.7M for the year.",Revenue and ARR growth were low at 2.7% and 1%; forward-looking risks cite ability to sustain growth and profitability; narrative of transformation is stronger than top-line growth.
Focus 3 - secondary aging candidates,SHO,70,High-priority entry research,B,active,aging_signal,45.0,2026-03-02,9.21,$500M-$1B,Tier 1 - Balanced priority feed,Tier 2 - High-priority compact feed,,,,0,0,1.0,1.0,2.0,1.0,inflecting,3.0,-1.7372,-1.0858,-2.3887,,hotel_demand_and_capital_recycling,"RevPAR growth, Miami/Wailea demand, capital investments, and accretive repurchases","Q4 net income rose to $7.2M from $0.8M; Q4 Adjusted EBITDAre increased 17.6% to $56.6M; full-year Adjusted EBITDAre increased 3.0% to $236.6M; hotel Adjusted EBITDAre margin improved to 24.6% in Q4; 2026 guidance calls for net income of $21M-$46M, RevPAR growth of 4.0%-7.0%, and Adjusted EBITDAre of $225M-$250M.",Full-year net income declined to $24.6M from $43.3M and full-year hotel Adjusted EBITDAre margin slipped to 25.7% from 26.0%.
Focus 3 - secondary aging candidates,WOOF,69,"Good candidate, needs downstream confirmation",B,active,aging_signal,37.0,2026-03-12,2.93,$2B-$10B,Tier 1 - Balanced priority feed,Tier 2 - High-priority compact feed,,"Tier 4 - Ultra-distressed tag, not a production tier",,0,0,1.0,0.0,2.0,2.0,constructive,1.0,-1.3652,-6.8259,-3.413,,profitability_turnaround,economic model rebuild and margin expansion,"Adjusted EBITDA increased 10.6% in the quarter to $106.3 million and 21.3% for the year to $408.2 million, both above outlook. Gross margin expanded 37 bps in the quarter and 66 bps for the year, operating income increased 83.2% in the quarter, and full-year operating income rose to $120.4 million from $7.1 million.","Net sales decreased 2.4% in the quarter, comparable sales decreased 1.6%, 2026 outlook assumes a return to positive comps, and first-quarter 2026 net sales are expected down 1% to flat."
Focus 3 - secondary aging candidates,ASAN,68,"Good candidate, needs downstream confirmation",B,active,aging_signal,44.0,2026-03-03,7.2,$500M-$1B,Tier 1 - Balanced priority feed,Tier 2 - High-priority compact feed,,,,0,0,1.0,0.0,2.0,1.0,constructive,1.0,-2.6389,-8.1944,-11.5278,,productivity_and_ai_adoption,"Enterprise productivity, renewals, and AI Studio adoption with margin expansion","Q4 revenue rose 9%, GAAP operating margin improved by over 17 percentage points, non-GAAP operating margin improved 10 points to 9%, operating cash flow rose to $27.6 million, and fiscal 2026 adjusted free cash flow rose to $84.5 million from $2.6 million.","GAAP operating loss remained $34.0 million, GAAP net loss persisted, and Q1 fiscal 2027 revenue growth guidance is 8.1% to 9.2%."
Focus 3 - secondary aging candidates,LCUT,68,"Good candidate, needs downstream confirmation",B,active,aging_signal,36.0,2026-03-13,3.25,$100M-$500M,Tier 1 - Balanced priority feed,Tier 2 - High-priority compact feed,Tier 3 - Revised dislocation feed,"Tier 4 - Ultra-distressed tag, not a production tier",,0,0,1.0,0.0,2.0,2.0,constructive,1.0,66.7692,78.1538,137.8462,,cost_reduction_and_mix,leaner organization and Dolly brand growth,Quarter operating profit exceeded 2024 despite lower sales; Q4 gross margin improved to 38.6% from 37.7%; adjusted EBITDA was $50.8 million; Dolly sales grew 150% for the year.,"Net sales fell for Q4 and full year, full-year gross margin declined to 37.1% from 38.2%, net loss widened, and detailed 2026 guidance was deferred."
Focus 3 - secondary aging candidates,LE,68,"Good candidate, needs downstream confirmation",B,active,aging_signal,31.0,2026-03-20,14.0,$500M-$1B,Tier 1 - Balanced priority feed,,Tier 3 - Revised dislocation feed,,,0,0,1.0,0.0,2.0,2.0,constructive,1.0,-16.1429,-18.6429,-9.2857,,margin_expansion,key franchise recovery and gross margin improvement,Adjusted EBITDA rose to $47.4 million in Q4 from $43.7 million and to $102.3 million for fiscal 2025 from $92.6 million; full-year gross margin increased 80 bps; key franchises reversed a multi-quarter decline.,"Q4 net income declined, gross margin fell 30 bps due to unmitigated tariffs, revenue was lower from wholesale transition, and guidance was deferred until after a transaction."
Focus 3 - secondary aging candidates,ADBE,66,"Good candidate, needs downstream confirmation",B,active,aging_signal,36.0,2026-03-13,249.0,>$10B,,,,,HP production extension,0,0,1.0,1.0,2.0,1.0,inflecting,3.0,-0.5462,-2.4418,,,subscription_and_ai_growth,record subscription revenue and cash flow with AI-first ARR growth,"Record Q1 revenue $6.40B, up 12%; subscription revenue up 13%; AI-first ARR more than tripled YoY; record Q1 operating cash flow $2.96B; Q2 revenue target $6.43B-$6.48B with non-GAAP EPS $5.80-$5.85.","Risks include failure to innovate, competition, AI development/use issues, reputation damage, and acquisition/investment execution; non-GAAP operating income excludes stock-based compensation and litigation contingency."
Focus 3 - secondary aging candidates,DOCU,66,"Good candidate, needs downstream confirmation",B,active,aging_signal,33.0,2026-03-18,46.220001,$2B-$10B,,,,,HP production extension,0,0,1.0,1.0,2.0,1.0,inflecting,3.0,2.2501,2.4665,-1.0385,,subscription_growth_cash_flow,"Subscription revenue, billings, IAM ARR, record operating margin and free cash flow",Q4 total revenue rose 8%; subscription revenue rose 8%; billings rose 10%; customers using IAM represented over $350 million in ARR; company reached record highs for operating margin and free cash flow; Q4 free cash flow rose to $350.2 million from $279.6 million.,"Non-GAAP gross margin declined to 81.8% from 82.3% in Q4 and to 82.0% from 82.2% for the year; guidance keeps revenue growth near 8%, not a clear acceleration."
Focus 3 - secondary aging candidates,DBI,65,"Good candidate, needs downstream confirmation",B,active,aging_signal,26.0,2026-03-27,5.54,$2B-$10B,Tier 1 - Balanced priority feed,Tier 2 - High-priority compact feed,,,,0,0,1.0,0.0,2.0,2.0,constructive,1.0,5.4152,29.6029,38.8989,,margin_expansion,gross_margin_expansion_and_cost_control,"Fourth quarter net sales were flat year-over-year while gross margin rose to 42.4% from 39.6%, and full-year adjusted operating income significantly surpassed the high end of guidance.","Full-year net sales declined to $2.89 billion from $3.01 billion, reported net loss and adjusted net loss persisted, and 2026 net sales guidance is only down 1% to up 1%."
Focus 4 - secondary stale watchlist,FRSH,73,High-priority entry research,B,active,stale_signal,58.0,2026-02-11,7.89,$500M-$1B,Tier 1 - Balanced priority feed,Tier 2 - High-priority compact feed,,,,0,0,1.0,1.0,2.0,1.0,inflecting,3.0,-12.801,5.1965,3.0418,0.0,profitability_and_cash_flow,GAAP profitability inflection with higher cash flow margins,"Revenue grew 14% in Q4 and 16% for 2025; GAAP operating margin improved to 17.8% from -12.2% in Q4, full-year GAAP operating margin improved to 1.6% from -19.2%, non-GAAP operating margin expanded to 21.2% for 2025, operating cash flow margin rose to 28.9%, and adjusted free cash flow margin rose to 26.6%.","Q4 non-GAAP operating margin declined to 18.7% from 20.7%; forward-looking risk factors include sustaining growth, customer retention, product delays, and execution of key initiatives."
Focus 4 - secondary stale watchlist,GTM,73,High-priority entry research,B,active,stale_signal,59.0,2026-02-10,6.045,$500M-$1B,Tier 1 - Balanced priority feed,Tier 2 - High-priority compact feed,,,,0,0,1.0,1.0,2.0,1.0,inflecting,3.0,6.6997,2.2332,-0.7444,-8.6849,platform_and_upmarket_growth,AI go-to-market platform with upmarket ACV mix,"Revenue increased 3%, GAAP operating income rose 75% in Q4, full-year GAAP operating income increased to $225.7 million from $97.4 million, operating cash flow rose to $465.4 million, unlevered free cash flow rose to $454.9 million, and $100,000-plus ACV customers increased year over year.","Guidance implies continued but not accelerating revenue scale, and forward-looking platform claims depend on execution."
Focus 4 - secondary stale watchlist,LYFT,72,High-priority entry research,B,active,stale_signal,58.0,2026-02-11,14.215,$2B-$10B,Tier 1 - Balanced priority feed,,,,,0,1,1.0,1.0,3.0,1.0,inflecting,3.0,-6.5072,-7.07,-8.0549,-4.3264,marketplace scale and operating discipline,"gross bookings growth, adjusted EBITDA margin expansion, and record cash flow generation","Q4 Gross Bookings were $5.1 billion, up 19%; adjusted EBITDA rose 37% to $154.1 million; FY Gross Bookings rose 15% to $18.5 billion; FY adjusted EBITDA rose to $528.8 million from $382.4 million; Q1 2026 Gross Bookings outlook implies 17% to 20% growth.","Q1 2026 adjusted EBITDA margin outlook of 2.5% to 2.8% is in line with Q1 2025, not expansion; adjusted EBITDA includes non-GAAP exclusions including restructuring-related items."
Focus 4 - secondary stale watchlist,EXLS,71,High-priority entry research,B,active,stale_signal,48.0,2026-02-25,28.83,$1B-$2B,,,,,HP production extension,1,1,1.0,1.0,3.0,1.0,inflecting,3.0,11.7933,6.9372,3.5033,5.7232,AI/data services growth,broad segment growth with 2026 revenue and EPS guidance,"Q4 revenue grew 12.7%, adjusted diluted EPS grew 15.0%, full-year revenue grew 13.6%, and 2026 guidance calls for 9%-11% revenue growth and 10%-12% adjusted EPS growth.","Adjusted operating margin was sequentially lower at 18.8% versus 19.4%, and guidance depends on client demand, AI technology risks, selling cycles, and hiring."
Focus 4 - secondary stale watchlist,ADTN,71,High-priority entry research,B,active,stale_signal,71.0,2026-01-23,9.88,$500M-$1B,Tier 1 - Balanced priority feed,Tier 2 - High-priority compact feed,,,,0,0,1.0,1.0,2.0,1.0,inflecting,3.0,-5.1619,0.6073,3.4413,26.8219,demand outperformance / execution,preliminary Q4 revenue above guidance with positive GAAP and non-GAAP operating margin,"Preliminary Q4 revenue expected at $290 million to $293 million, above prior guidance of $275 million to $285 million; preliminary GAAP operating margin expected at 1.4% to 1.7%; non-GAAP operating margin expected at 6.0% to 6.9%; management attributed results to higher demand and strong execution.",Full-year preliminary GAAP operating margin remains negative at approximately (1.5)% to (1.4)%; release notes covenant and payment-obligation risks as possible forward-looking risk factors.
Focus 4 - secondary stale watchlist,NRDS,71,High-priority entry research,B,active,stale_signal,47.0,2026-02-26,10.32,$500M-$1B,Tier 1 - Balanced priority feed,,,,,0,0,1.0,1.0,2.0,1.0,inflecting,3.0,4.7481,-1.3566,-2.1318,6.03,profitable growth and cash generation,"revenue growth with operating income, EBITDA, and cash flow expansion",Q4 revenue grew 23% to $225.4 million and full-year revenue grew 22% to $836.6 million; GAAP income from operations was $19.4 million in Q4 and $65.2 million for 2025; trailing twelve-month operating cash flow rose to $131.6 million; 2026 adjusted EBITDA expected at $143-$158 million.,Organic search expected to remain challenged; guidance is forward-looking and forecasted adjusted EBITDA is not reconciled to GAAP net income.
Focus 4 - secondary stale watchlist,SSP,71,High-priority entry research,B,active,stale_signal,46.0,2026-02-27,3.67,$1B-$2B,Tier 1 - Balanced priority feed,Tier 2 - High-priority compact feed,,"Tier 4 - Ultra-distressed tag, not a production tier",,0,0,1.0,0.0,3.0,3.0,constructive,1.0,25.3406,-10.8992,3.2698,,transformation_and_ad_growth,EBITDA transformation plan plus core advertising growth,Transformation plan targets $125M-$150M annualized enterprise EBITDA growth by 2028; Scripps Networks delivered nearly 700 bps margin improvement; core advertising revenue increased 12% to $165M.,"Loss attributable to shareholders was $44.9M; quarter included $19.5M non-cash charge on Court TV assets, restructuring costs, and debt extinguishment loss; advertising demand and distribution risks cited."
Focus 4 - secondary stale watchlist,MCW,70,High-priority entry research,B,active,stale_signal,52.0,2026-02-19,6.975,$500M-$1B,Tier 1 - Balanced priority feed,Tier 2 - High-priority compact feed,,,,0,0,1.0,1.0,2.0,1.0,inflecting,3.0,2.0789,0.2151,0.0717,0.2151,membership and unit growth,"UWC membership growth, comparable sales, greenfield openings","Q4 net revenues increased 4%, comparable-store sales increased 1.6%, UWC members increased 7%, locations increased 7%, adjusted EBITDA increased 10%, full-year revenue increased 6%, and free cash flow improved to $30.3 million from $(81.5) million.",Company did not provide 2026 outlook and canceled earnings call due to separately announced transaction with Leonard Green & Partners.
Focus 4 - secondary stale watchlist,ARLO,69,"Good candidate, needs downstream confirmation",B,active,stale_signal,46.0,2026-02-27,14.58,$100M-$500M,Tier 1 - Balanced priority feed,,,,,0,1,1.0,1.0,3.0,1.0,inflecting,3.0,-3.4979,1.8519,-6.31,,subscription_mix_shift,Subscription services growth driving margin and cash flow expansion,"ARR grew 28%, subscriptions and services revenue grew 30%, full-year GAAP gross margin improved 730 bps, Adjusted EBITDA grew 85.4% to $74.7 million, and free cash flow was $66.9 million.","Q1 2026 revenue outlook of $135-$145 million is roughly in line with Q4 revenue, and forward-looking demand risks are noted."
Focus 4 - secondary stale watchlist,BKNG,69,"Good candidate, needs downstream confirmation",B,active,stale_signal,52.0,2026-02-19,163.554794,>$10B,,,,,HP production extension,1,1,1.0,1.0,3.0,1.0,inflecting,3.0,2.2234,5.7119,7.5307,,top-line and margin acceleration,"Room night growth, gross bookings growth, adjusted EBITDA margin expansion","Q4 room nights rose 9%, gross bookings 16%, revenue 16%, adjusted EBITDA 19%, and operating cash flow 107%; 2026 guidance calls for continued revenue and bookings growth.",GAAP net income fell 8% for FY2025 despite adjusted EPS and EBITDA gains; forward adjusted EBITDA and EPS lack GAAP reconciliation; FX expected to affect reported growth.
Focus 4 - secondary stale watchlist,CORT,69,"Good candidate, needs downstream confirmation",B,active,stale_signal,48.0,2026-02-25,37.650002,$100M-$500M,,,,,HP production extension,1,1,1.0,1.0,3.0,2.0,inflecting,3.0,-9.7211,-10.996,-0.1328,22.4436,demand_acceleration_and_pipeline,Cushing demand growth plus relacorilant regulatory and clinical pipeline,"2025 revenue rose to $761.4M from $675.0M; 2026 revenue guidance is $900M-$1,000M; tablets sold increased 37%; record new prescriptions and prescribers; specialty pharmacy transition is complete and February is tracking as a record month for new patient starts.",Prior specialty pharmacy capacity constraints limited demand fulfillment; Cushing relacorilant had a Complete Response Letter; oncology and ALS drivers depend on regulatory reviews and future studies.
Focus 4 - secondary stale watchlist,EXTR,69,"Good candidate, needs downstream confirmation",B,active,stale_signal,67.0,2026-01-29,14.78,$100M-$500M,Tier 1 - Balanced priority feed,,,,,0,1,1.0,1.0,3.0,1.0,inflecting,3.0,4.4655,-4.4655,-3.5859,1.2855,growth and operating leverage,"SaaS ARR growth, raised FY revenue outlook, and free cash flow expansion",Q2 revenue rose 14% year over year; SaaS ARR rose 25.2%; free cash flow increased to $43.0M from $16.1M; net income improved for six months to $13.5M from a loss; company raised FY 2026 revenue outlook and guides positive operating margin and EPS.,"GAAP gross margin declined 130 bps and operating margin declined 40 bps in Q2; guidance remains exposed to demand variability, pipeline conversion, competition, and supply-chain conditions."
Focus 4 - secondary stale watchlist,FA,69,"Good candidate, needs downstream confirmation",B,active,stale_signal,46.0,2026-02-27,11.12,$500M-$1B,Tier 1 - Balanced priority feed,,,,,0,1,1.0,1.0,3.0,1.0,inflecting,3.0,4.5863,-1.3489,2.8777,,integration synergies and profitable growth,"Sterling acquisition integration, retention, cross-sell, deleveraging",Revenue rose to $420.0M from $307.1M in Q4 and to $1.57B from $860.2M for 2025; operating income improved to $132.5M from a loss; Q4 customer retention was 97%; $55M of acquisition synergies actioned; operating cash flow rose to $195.1M from $28.2M.,"Full-year GAAP net loss remained $34.8M; 2026 guidance depends on product mix, targeted investments, synergies, macro environment, and labor market; net income margin in Q4 was only 0.8%."
Focus 4 - secondary stale watchlist,LITE,69,"Good candidate, needs downstream confirmation",B,active,stale_signal,63.0,2026-02-04,473.119995,$1B-$2B,,,,,HP production extension,1,1,1.0,1.0,3.0,2.0,inflecting,3.0,26.9065,45.4747,18.0335,63.2313,AI optical demand inflection,"OCS backlog, CPO order, revenue growth, margin expansion","Revenue $665.5M, +65.5% Y/Y and +24.7% Q/Q; GAAP operating margin 9.7% vs -12.8%; non-GAAP operating margin expanded above 1,700 bps; OCS backlog above $400M; Q3 revenue guide $780M-$830M.","Packet cites product mix volatility, rare-earth supply risk, customer technology spending and execution risk; CPO order deliverable in first half calendar 2027."
Focus 4 - secondary stale watchlist,LXU,69,"Good candidate, needs downstream confirmation",B,active,stale_signal,47.0,2026-02-26,10.53,$100M-$500M,Tier 1 - Balanced priority feed,,,,,0,1,1.0,1.0,3.0,2.0,inflecting,3.0,23.7417,42.3552,49.8576,35.5176,pricing and operational execution,improved production performance and disciplined commercial execution converting favorable market pricing into profitability,"Q4 net sales increased to $165.0 million from $134.9 million; net income improved to $16.1 million from a $9.1 million loss; adjusted EBITDA was $54.1 million; AN & Nitric Acid sales volumes rose 13%, ammonia volumes rose 5%, and total product volumes rose 7%.",Average natural gas cost in cost of materials rose 37%; 2026 planned turnaround activity expected to lower ammonia production by about 60k tons and UAN production by about 50k tons; market outlook depends partly on commodity pricing and demand conditions.
Focus 4 - secondary stale watchlist,NFLX,69,"Good candidate, needs downstream confirmation",B,active,stale_signal,73.0,2026-01-21,82.519997,>$10B,,,,,HP production extension,1,1,1.0,1.0,3.0,1.0,inflecting,3.0,0.2908,-0.3757,-4.6655,13.1604,"Membership, pricing, ads, and margin expansion",Revenue upside with ad growth and operating margin expansion,Q4 revenue grew 18% year over year and was 1% above guidance from stronger membership growth and ad sales; operating income rose 30% to $3.0B; operating margin expanded two points to 25%; 2025 revenue rose 16% to $45.2B and operating margin reached 29.5%; 2026 guidance calls for 12%-14% revenue growth and 31.5% operating margin.,Guidance depends on no material FX swings; 2026 margin includes about $275M acquisition-related expenses; Q4 net income included about $60M bridge-loan financing costs not in guidance; licensed second-run content volume declined after elevated 2023-2024 licensing.
Focus 4 - secondary stale watchlist,RSVR,69,"Good candidate, needs downstream confirmation",B,active,stale_signal,62.0,2026-02-05,7.5,$100M-$500M,Tier 1 - Balanced priority feed,Tier 2 - High-priority compact feed,,,,0,1,1.0,1.0,3.0,1.0,inflecting,3.0,2.8,1.0667,31.3333,28.6667,structural_revenue_growth_catalog_acquisition,"Music Publishing and Recorded Music growth from digital, performance, streaming, and catalog acquisitions","Revenue increased 8%, Music Publishing revenue rose 12%, Recorded Music revenue rose 8%, operating income increased 8%, OIBDA and adjusted EBITDA each increased 11%, Music Publishing OIBDA rose 21%, and fiscal 2026 revenue and adjusted EBITDA outlook midpoint was raised.","Net income decreased due to loss on fair value of swaps, increased interest expense, and other income changes; adjusted EBITDA excludes interest and other cash requirements."
Focus 4 - secondary stale watchlist,WTTR,69,"Good candidate, needs downstream confirmation",B,active,stale_signal,53.0,2026-02-18,14.595,$1B-$2B,Tier 1 - Balanced priority feed,,,,,0,1,1.0,0.0,3.0,1.0,inflecting,3.0,-6.4748,-4.9675,-1.2676,3.049,infrastructure expansion,Water Infrastructure network build-out and volume shift to fixed infrastructure,"Company expects another record year for Adjusted EBITDA and consolidated margins, expects Q1 Adjusted EBITDA of $65-$68 million, cites expanding Water Infrastructure opportunities, growing pipeline networks, and expected high-margin sequential growth from volume shifting onto fixed infrastructure through 2026.","Full-year gross margin declined to 14.4% from 15.1%, net loss appeared in the quarter, and fixed infrastructure growth was lower than anticipated as schedule timelines adjusted."
Focus 4 - secondary stale watchlist,THRY,69,"Good candidate, needs downstream confirmation",B,active,stale_signal,46.0,2026-02-27,2.04,$500M-$1B,Tier 1 - Balanced priority feed,Tier 2 - High-priority compact feed,,"Tier 4 - Ultra-distressed tag, not a production tier",,0,0,1.0,0.0,2.0,2.0,constructive,1.0,54.4118,34.8039,25.0,,business_mix_shift,SaaS growth and margin expansion offset Marketing Services decline,"Q4 SaaS revenue rose 14.1% year over year to $119.0 million and reached over 62% of total revenue; full-year SaaS revenue grew 34%; SaaS adjusted EBITDA margin expanded 400 bps year over year, and 2025 net income was $0.307 million versus a $74.216 million loss in 2024.",Marketing Services revenue declined 11.7% in Q4; consolidated full-year revenue fell to $785.015 million from $824.156 million; Q4 net loss was $9.660 million versus net income of $7.883 million.
Focus 4 - secondary stale watchlist,XPER,69,"Good candidate, needs downstream confirmation",B,active,stale_signal,47.0,2026-02-26,5.67,$100M-$500M,Tier 1 - Balanced priority feed,Tier 2 - High-priority compact feed,Tier 3 - Revised dislocation feed,,,0,0,1.0,0.0,2.0,2.0,constructive,1.0,7.0547,3.7037,-2.1164,17.284,platform monetization,TiVo One Media Platform and DTS AutoStage footprint growth,"TiVo One monthly active users reached 5.3 million, exceeding the 2025 goal; DTS AutoStage footprint rose 40% to 14 million vehicles; IPTV subscriber households increased 25%; company expects to double Media Platform revenue and achieve positive free cash flow in 2026.","2025 revenue fell to $448.1 million from $493.7 million, GAAP operating loss and net loss persisted, 2025 free cash flow was negative $21.5 million, and 2026 revenue outlook of $440-$470 million does not clearly show broad company growth."
Focus 4 - secondary stale watchlist,NMRK,68,"Good candidate, needs downstream confirmation",B,active,stale_signal,47.0,2026-02-26,14.85,$1B-$2B,Tier 1 - Balanced priority feed,,Tier 3 - Revised dislocation feed,,,0,0,1.0,1.0,2.0,1.0,inflecting,3.0,-2.4242,-1.8182,-1.1448,10.5387,organic growth and margin leverage,"2026 double-digit revenue, EPS, and EBITDA outlook with servicing platform growth","2026 outlook calls for total revenues of $3.7-$3.8 billion, up 12%-15%, adjusted EPS up 12%-19%, and adjusted EBITDA up 13%-20%; over 90% of earnings growth expected to be organic; high-margin servicing and asset management fees increased 6.8%, or 10.9% excluding rate impact.","Guidance depends on favorable macroeconomic backdrop, no meaningful stock price change, and excludes acquisitions after Q1 2026; forward-looking results may differ materially."
Focus 4 - secondary stale watchlist,GBTG,68,"Good candidate, needs downstream confirmation",B,active,stale_signal,53.0,2026-02-18,5.43,$1B-$2B,Tier 1 - Balanced priority feed,Tier 2 - High-priority compact feed,,,,0,0,1.0,0.0,2.0,1.0,constructive,1.0,2.3941,1.4733,0.5525,12.8914,demand_and_acquisition_growth,"business travel demand, share gains, and CWT acquisition","Company cited accelerating business travel demand, share gains, and successful CWT closing; Q4 adjusted EBITDA grew 17% to $130 million; full-year adjusted EBITDA grew 11% to $532 million; 2026 guidance calls for revenue growth of 19%-21% and adjusted EBITDA growth of 16%-21%.",Free cash flow declined to $104 million from $165 million for the year and to $13 million from $33 million in Q4; guidance is forward-looking and unreconciled to GAAP net income.
Focus 4 - secondary stale watchlist,PTEN,68,"Good candidate, needs downstream confirmation",B,active,stale_signal,84.0,2026-01-06,6.83,$2B-$10B,Tier 1 - Balanced priority feed,Tier 2 - High-priority compact feed,,,,0,0,1.0,0.0,2.0,1.0,constructive,1.0,4.6852,7.6135,19.6193,35.7248,cash generation and cost discipline,"steady drilling cash generation, cost controls, lower 2026 capex flexibility",Cost controls exceeded expectations; drilling cash generation remained steady despite weaker commodity prices; capex can be scaled lower in 2026; last-twelve-month operating cash flow was $879.5M and adjusted free cash flow data shows positive cash generation.,Efficiency gains are slowing as fleets approach operating limits; commodity prices weakened; shareholder returns remain discretionary and dependent on business conditions and debt terms.
Focus 4 - secondary stale watchlist,MSGE,67,"Good candidate, needs downstream confirmation",B,active,stale_signal,63.0,2026-02-04,60.150002,$100M-$500M,,,,,HP production extension,1,1,1.0,1.0,3.0,1.0,inflecting,3.0,4.8213,1.8786,-2.1779,0.133,Live events monetization,Christmas Spectacular record run and higher Garden event economics,"Revenue rose 13% to $459.9M, operating income rose 18% to $163.8M, adjusted operating income rose 16% to $190.4M, six-month operating cash flow rose to $184.2M, Christmas Spectacular set revenue records with over 1.2M tickets, and entertainment offerings revenue rose 13%.",Quarter benefited from 14 additional Christmas Spectacular performances and four more Knicks/Rangers games; concerts revenue declined $1.2M despite higher per-concert revenue and more theater concerts.
Focus 4 - secondary stale watchlist,AAPL,66,"Good candidate, needs downstream confirmation",B,active,stale_signal,66.0,2026-01-30,255.169998,>$10B,,,,,HP production extension,1,1,1.0,1.0,3.0,0.0,inflecting,3.0,7.6224,2.1202,3.7426,-0.5408,Demand acceleration and services growth,"Best-ever iPhone quarter, Services all-time record, 2.5B active devices","Revenue was $143.8 billion, up 16%; EPS was $2.84, up 19%; iPhone had its best-ever quarter; Services grew 14%; operating cash flow was nearly $54 billion.","Only general forward-looking and macro, trade, geopolitical, and product-transition risks are provided; no packet evidence of guidance cut or demand break."
Focus 4 - secondary stale watchlist,APP,66,"Good candidate, needs downstream confirmation",B,active,stale_signal,57.0,2026-02-12,404.0,$2B-$10B,,,,,HP production extension,1,1,1.0,1.0,3.0,1.0,inflecting,3.0,-5.7871,19.5074,12.203,,software platform monetization and margin expansion,high-growth revenue/net income with 84% adjusted EBITDA margin guidance,"Q4 revenue grew 66%, full-year revenue grew 70%, Q4 net income grew 84%, full-year net income from continuing operations grew 116%, and Q1 2026 guidance calls for $1.745B-$1.775B revenue with 84% adjusted EBITDA margin.",Forward non-GAAP adjusted EBITDA guidance lacks GAAP reconciliation due to unreasonable effort; packet gives limited causal detail beyond financial momentum.
Focus 4 - secondary stale watchlist,CSGP,66,"Good candidate, needs downstream confirmation",B,active,stale_signal,48.0,2026-02-25,46.59,$2B-$10B,,,,,HP production extension,1,1,1.0,1.0,3.0,2.0,inflecting,3.0,3.9279,-5.0225,-14.6383,,earnings_acceleration_and_subscription_growth,Adjusted EBITDA acceleration with annual-contract agent subscribers,"2025 revenue increased 19% to $3.247B; Q4 revenue rose to $900M from $709M; adjusted EBITDA rose 83% for FY2025 and 58% in Q4; guidance affirms FY2026 adjusted EBITDA of $740M-$800M; over 31,000 agent subscribers are 76% annual contracts and near $100M ARR.",GAAP net income was only $7M for FY2025 with quarterly losses earlier in 2025; Residential Real Estate EBITDA remains negative in Q1 guide; guidance relies on adjusted non-GAAP measures and integration/restructuring addbacks.
Focus 4 - secondary stale watchlist,HUBS,66,"Good candidate, needs downstream confirmation",B,active,stale_signal,57.0,2026-02-12,227.649994,$2B-$10B,,,,,HP production extension,1,1,1.0,1.0,3.0,1.0,inflecting,3.0,-4.5201,22.3765,16.2135,-9.8265,margin expansion / cash generation,GAAP and non-GAAP operating margin improvement with higher operating cash flow,GAAP operating margin improved to 5.7% from -1.5%; non-GAAP operating margin rose to 22.6% from 18.9%; Q4 operating cash flow rose to $247.4M from $194.1M.,Company cites history of losses and excludes restructuring cash payments from non-GAAP operating cash flow and free cash flow metrics.
Focus 4 - secondary stale watchlist,SYM,66,"Good candidate, needs downstream confirmation",B,active,stale_signal,62.0,2026-02-05,51.744999,$100M-$500M,,,,,HP production extension,1,1,1.0,1.0,3.0,2.0,inflecting,3.0,6.9089,8.4936,-2.9085,3.0051,scale backlog and deployment growth,AI warehouse automation backlog with rising systems and EBITDA,"Packet cites $22.3B contracted backlog, systems in deployment rising from 29 to 51, operational systems rising, adjusted EBITDA increasing from $44M to $57M, and Q1 net income of $13.4M.","Many claims rely on long-term TAM, 2030 assumptions, non-GAAP measures, and forward-looking backlog conversion."
Focus 4 - secondary stale watchlist,TALO,66,"Good candidate, needs downstream confirmation",B,active,stale_signal,47.0,2026-02-26,11.06,$1B-$2B,Tier 1 - Balanced priority feed,,,,,0,1,1.0,1.0,3.0,2.0,inflecting,3.0,19.5298,28.9331,47.5588,37.4322,free cash flow improvement and capital allocation,Optimal Performance Plan and balance sheet strengthening,"Talos generated $417.7M of Adjusted Free Cash Flow, $1.1986B of Adjusted EBITDA, exceeded its $72M free cash flow enhancement goal, held 0.7x Net Debt/LTM Adjusted EBITDA, and reduced share count by about 7%.","GAAP net loss was $495.3M in 2025, and forward-looking risks include reserve estimates, production rates, cash flow, capital access, and development timing."
Focus 4 - secondary stale watchlist,UBER,66,"Good candidate, needs downstream confirmation",B,active,stale_signal,62.0,2026-02-05,73.260002,>$10B,,,,,HP production extension,1,1,1.0,1.0,3.0,1.0,inflecting,3.0,-3.7265,-0.587,0.7917,-1.4879,platform growth / margin expansion,"Trips, gross bookings, revenue, adjusted EBITDA, and cash flow growth","Trips grew 22%, gross bookings grew 22%, revenue grew 20%, adjusted EBITDA grew 35%, GAAP income from operations was a record $1.8 billion, and free cash flow was $2.8 billion; Q1 2026 outlook calls for 17%-21% constant-currency gross bookings growth.",Adjusted EBITDA excludes recurring non-cash charges and future asset replacement needs; outlook includes a roughly 4 percentage-point currency tailwind to reported growth.
Focus 4 - secondary stale watchlist,CARS,66,"Good candidate, needs downstream confirmation",B,active,stale_signal,46.0,2026-02-27,8.94,$500M-$1B,Tier 1 - Balanced priority feed,Tier 2 - High-priority compact feed,,,,0,0,1.0,0.0,2.0,1.0,constructive,1.0,-10.7383,-8.7248,-10.2908,,dealer subscription growth,Marketplace and website repackaging plus Solutions customer growth,"Record full-year revenue of $723 million; dealer customers expanded to 19,544; Q4 subscription-based Dealer revenue rose 3%; full-year adjusted EBITDA rose 1% with a 29.2% margin; operating cash flow was $151.6 million and free cash flow was $125.7 million.",Net income fell 58% for the year; Q4 adjusted EBITDA declined 1% and margin fell to 29.9% from 30.8%; first-quarter revenue outlook is flat to up 1%.
Focus 4 - secondary stale watchlist,DNUT,66,"Good candidate, needs downstream confirmation",B,active,stale_signal,46.0,2026-02-27,3.672,$1B-$2B,Tier 1 - Balanced priority feed,Tier 2 - High-priority compact feed,,"Tier 4 - Ultra-distressed tag, not a production tier",,0,0,1.0,0.0,3.0,3.0,constructive,1.0,-6.8627,2.3965,-7.9521,,turnaround_margin_expansion,door_rationalization_refranchising_and_cost_savings,"Adjusted EBITDA increased 21.0% to $55.6 million, adjusted EBITDA margin expanded to 14.2% from 11.4%, APD increased 4.5% year-over-year, and the company delivered positive free cash flow while reducing leverage quarter-over-quarter.","Organic revenue declined 3.9%, full-year net revenue fell 8.6%, GAAP net loss widened sharply, full-year adjusted EBITDA declined 27.5%, and net leverage guidance remains elevated at or below 5.5x."
Focus 4 - secondary stale watchlist,NEOG,66,"Good candidate, needs downstream confirmation",B,active,stale_signal,81.0,2026-01-09,9.98,$100M-$500M,Tier 1 - Balanced priority feed,Tier 2 - High-priority compact feed,Tier 3 - Revised dislocation feed,,,0,0,1.0,0.0,2.0,2.0,constructive,1.0,-6.3126,2.3046,6.3126,-3.3066,operational improvement,sequential core revenue and profitability improvement with raised FY2026 outlook,Core growth increased 2.9% year over year; adjusted EBITDA margin increased 470 bps sequentially; company raised FY2026 outlook to revenue of $845-$855 million and adjusted EBITDA of approximately $175 million.,"Reported revenue declined 2.8% year over year; net loss was $15.9 million; gross margin fell due to tariff costs, inventory write-offs, and product mix; macro headwinds remain."
Focus 4 - secondary stale watchlist,TTEC,66,"Good candidate, needs downstream confirmation",B,active,stale_signal,46.0,2026-02-27,2.46,$2B-$10B,Tier 1 - Balanced priority feed,Tier 2 - High-priority compact feed,,"Tier 4 - Ultra-distressed tag, not a production tier",,0,0,1.0,0.0,2.0,2.0,constructive,1.0,1.2195,19.1057,-6.0976,,margin_cash_improvement,Adjusted EBITDA margin expansion and cash flow recovery despite modest revenue decline,"Q4 revenue rose 0.4% to $570.0 million; Q4 adjusted EBITDA rose to $62.2 million, or 10.9% of revenue, from $50.9 million, or 9.0%; full-year adjusted EBITDA rose to $213.7 million, or 10.0%, from $202.3 million, or 9.2%; operating cash flow improved to $121.1 million and free cash flow to $83.0 million.",Full-year revenue declined to $2.136899 billion from $2.207587 billion; Q4 net loss was $170.5 million due to $205.4 million non-cash goodwill impairment and related tax adjustment; TTEC Engage revenue declined 1.8% in Q4.
Focus 4 - secondary stale watchlist,BBBY,65,"Good candidate, needs downstream confirmation",B,active,stale_signal,49.0,2026-02-24,5.32,$1B-$2B,Tier 1 - Balanced priority feed,Tier 2 - High-priority compact feed,Tier 3 - Revised dislocation feed,,,0,0,1.0,0.0,2.0,3.0,constructive,1.0,-5.8271,-8.6466,-13.7218,1.938,profitability_cash_flow_turnaround,"loss narrowing, margin discipline, and operating cash flow improvement",Adjusted EBITDA loss improved by $23 million in Q4 and $113 million for 2025; operating cash flow use improved by $118 million year over year; company cites eighth consecutive quarter of improvement and low to mid-single digit 2026 revenue growth target.,Full year 2025 revenue declined 25.1%; Q4 revenue declined to $273.4 million from $303.2 million; active customers fell to 3.962 million from 5.415 million; free cash flow remained negative at $(64.1) million and financing included $137.3 million of common stock proceeds.
Focus 4 - secondary stale watchlist,OFIX,65,"Good candidate, needs downstream confirmation",B,active,stale_signal,48.0,2026-02-25,12.77,$500M-$1B,Tier 1 - Balanced priority feed,,Tier 3 - Revised dislocation feed,,,0,0,1.0,0.0,2.0,2.0,constructive,1.0,-2.4276,-5.7948,-9.9452,-2.8191,profitability improvement and operating leverage,"margin expansion, fixed-cost leverage, commercial focus, cross-selling, inventory/instrument utilization",Q4 non-GAAP pro forma adjusted EBITDA rose $5.3 million with about 230 bps margin expansion; Q4 free cash flow was $16.8 million; net loss narrowed materially versus prior year.,"Full-year GAAP net loss remained significant at $92.2 million, and GAAP forward guidance was unavailable because certain items could not be predicted without unreasonable effort."
Focus 4 - secondary stale watchlist,RLGT,65,"Good candidate, needs downstream confirmation",B,active,stale_signal,59.0,2026-02-10,7.45,$100M-$500M,Tier 1 - Balanced priority feed,Tier 2 - High-priority compact feed,,,,0,0,1.0,0.0,2.0,1.0,constructive,1.0,1.6107,2.1477,-8.7248,6.0403,margin_normalization_operational_efficiency,Milton Project exclusion and cost discipline drove adjusted margin recovery,"Adjusted gross profit margin improved 340 bps to 27.3%; excluding Milton Project, adjusted EBITDA rose 93.4% and adjusted EBITDA margin expanded 780 bps to 18.6%.","Reported revenue declined to $232.1M from $264.5M for the quarter, reported adjusted EBITDA was slightly down, and six-month adjusted EBITDA declined before normalization."
