decision_date,ticker,filed,capital_priority_score,capital_priority_bucket,cyclicality_gate,cyclicality_gate_reason,why_selected,event_shock_score,event_shock_bucket,demand_shock_score,risk_shock_score,cyclicality_penalty,cyclicality_delta,event_shock_confidence,venture_score,venture_filing_date,venture_archetype_path,venture_wave_exposure,venture_asymmetric_upside,venture_fundable_scaling,venture_wave_torque_operating_leverage,venture_false_promise_penalty,return_10d_pct,return_20d_pct,return_30d_pct,return_60d_pct,return_90d_pct,positive_delta_drivers,evidence_snippets,rank,rebalance_period
2021-08-06,AAOI,2021-08-05,27.125,neutral_event,False,,neutral_event; demand=0.00; risk=0.00; venture=15; wave=3; asym=5; convexity=4.75; cyclicality=0.00,0,neutral,0,0,0,0.0,0.85,15,2021-08-05,Torque Bottleneck,3,5,4,2,-3,-7.0151,-2.4759,7.4278,-5.5021,18.8446,datacenter; recovery our datacenter; our datacenter; datacenter market expected; softness datacenter; see softness datacenter; softness datacenter market; datacenter market,"s of products; disruptions in the supply chain; change in the rate of design wins or the rate of customer acceptance of new products; the company's reliance on a small number of customers for a substantial portion of its revenues; potential pricing pressure; a decline in demand for our customers' products or their rate of deployment of their products; general conditions in the internet datacenter, cable || pany's reliance on a small number of customers for a substantial portion of its revenues; potential pricing pressure; a decline in demand for our customers' products or their rate of deployment of their products; general conditions in the internet datacenter, cable television (CATV) broadband, telecom, or fiber-to-the-home (FTTH) markets; changes in the w || Sequence: 2 ·We believe that elimination of expenses associated with discontinued products, including depreciation and inventory obsolescence is appropriate because these expenses are not indicative of our ongoing operations; ·We believe that estimating non-GAAP income taxes allows comparison with prior periods and provides additional information || company's products due to industry conditions; changes in manufacturing operations; volatility in manufacturing costs; delays in shipments of products; disruptions in the supply chain; change in the rate of design wins or the rate of customer acceptance of new products; the company's reliance on a small number of customers for a substantial po",1,2021Q3
2021-12-21,MU,2021-12-20,38.924,clean_positive_shock,False,,clean_positive_shock; demand=4.69; risk=0.00; venture=13; wave=5; asym=5; convexity=2.25; cyclicality=0.00,4.69,positive_shock,4.69,0,0,-1.5,0.95,13,2021-10-08,Torque Bottleneck,5,5,4,3,-4,4.6747,5.5062,-4.4050,1.7755,-11.9564,demand our; demand our technology; customers; automotive customers; customers powerful; fuel demand; inventory connection; outlook fq2-22gaap,"m(408) 834-1927(408) 834-1873 MICRON TECHNOLOGY, INC. REPORTS RESULTS FOR THE FIRST QUARTER OF FISCAL 2022 On track for record revenue and solid profitability in fiscal 2022 BOISE, Idaho, Dec. 20, 2021 – Micron Technology, Inc. (Nasdaq: MU) today announced results for its first quarter of fiscal 2022, which ended Dec. 2, 2021. Fiscal Q1 2022 highlights || hrotra. “We are now shipping our industry-leading DRAM and NAND technologies across major end markets, and we delivered new solutions to data center, client, mobile, graphics and automotive customers. As powerful secular trends including 5G, AI, and EV adoption fuel demand growth, our technology leadership and world-class execution position us to create significant shareholder value in fiscal 2022 and beyond.” Quart || at investors. guidance for its second quarter. outlook. OUTLOOK FQ2-22GAAP OutlookAdjustmentsNon-GAAP OutlookRevenue$7. guidance based on the current outlook. customers. demand growth, our technology leadership and world-class execution position us to create significant shareholder value in fiscal 2022 and beyond. customers, technology leadership, and manufacturing and operational excellence, Micron || m(408) 834-1927(408) 834-1873 MICRON TECHNOLOGY, INC. REPORTS RESULTS FOR THE FIRST QUARTER OF FISCAL 2022 On track for record revenue and solid profitability in fiscal 2022 BOISE, Idaho, Dec. 20, 2021 – Micron Technology, Inc. (Nasdaq: MU) today announced results for its first quarter of fiscal 2022, which ended Dec. 2, 2021. Fiscal Q1 2022 hi",1,2021Q4
2022-03-30,MU,2022-03-29,32.595,neutral_event,False,,neutral_event; demand=3.70; risk=0.00; venture=11; wave=3; asym=5; convexity=2.25; cyclicality=0.00,3.7,neutral,3.7,0,0,-1.5,0.95,11,2022-03-30,Torque Bottleneck,3,5,5,3,-4,-14.5552,-13.7248,-19.1103,-12.4081,-31.3642,guidance for; guidance; margin; revenue margin; margin reflecting; inventory absorption; compensation119 inventory; outlook fq3-22gaap,"and our product portfolio momentum is accelerating. With outstanding first half results, Micron is on track to deliver record revenue and robust profitability in fiscal 2022.” Quarterly Financial Results(in millions, except per share amounts)GAAP(1)Non-GAAP(2)FQ2-22FQ1-22FQ2-21FQ2-22FQ1-22FQ2-21Revenue$7,786 $7,687 $6,236 $7,786 $7,687 $6,236 Gross margin3,676 3,565 1,649 3,724 3,616 2,054 percent of revenue47.2 %46. || and $3.06 billion for the same period last year“Micron’s excellent second quarter results exceeded the high end of our guidance for both revenue and margin, reflecting our strong execution,” said Micron Technology President and CEO Sanjay Mehrotra. “We’re leading the industry in technology across DRAM and NAND, and our product portfolio momentum is accelerating. With outstanding first half resul || and our product portfolio momentum is accelerating. With outstanding first half results, Micron is on track to deliver record revenue and robust profitability in fiscal 2022.” Quarterly Financial Results(in millions, except per share amounts)GAAP(1)Non-GAAP(2)FQ2-22FQ1-22FQ2-21FQ2-22FQ1-22FQ2-21Revenue$7,786 $7,687 $6,236 $7,786 $7,687 $6,236 || ncluded in restructure and asset impairments in the first quarter of 2022.In the third quarter of 2021, we recognized a charge of $435 million included in restructure and asset impairments in connection with the definitive agreement with TI (and a tax benefit of $104 million included in income tax (provision) benefit) to write down the assets h",1,2022Q1
2022-05-06,AAOI,2022-05-05,44.462,clean_positive_shock,False,,clean_positive_shock; demand=6.54; risk=0.29; venture=10; wave=5; asym=5; convexity=5.00; cyclicality=0.00,6.25,positive_shock,6.54,0.29,0,0.0,0.95,10,2022-02-24,Expansion Bridge,5,5,5,1,-5,-10.0386,-11.1969,-15.8301,-40.9266,-23.9382,customer; datacenter customer; customer sugar; customer sugar land; hyperscale; major hyperscale; hyperscale datacenter; major hyperscale datacenter,"SE Exhibit 99.1 Applied Optoelectronics Reports First Quarter 2022 Results Selected as a supplier of 400G products by a major hyperscale datacenter customer Sugar Land, Texas, May 5, 2022 – Applied Optoelectronics, Inc. (NASDAQ: AAOI), a leading provider of fiber-optic access network products for the internet datacenter, cable broadband, telecom and fiber-to-the-home (FTTH) || pany's reliance on a small number of customers for a substantial portion of its revenues; potential pricing pressure; a decline in demand for our customers' products or their rate of deployment of their products; general conditions in the internet datacenter, cable television (CATV) broadband, telecom, or fiber-to-the-home (FTTH) markets; changes in the w || performance; ·We believe that elimination of expenses associated with discontinued products, including depreciation and inventory obsolescence is appropriate because these expenses are not indicative of our ongoing operations; ·We believe that estimating non-GAAP income taxes allows comparison with prior periods and provides additional information || company's products due to industry conditions; changes in manufacturing operations; volatility in manufacturing costs; delays in shipments of products; disruptions in the supply chain; change in the rate of design wins or the rate of customer acceptance of new products; the company's reliance on a small number of customers for a substantial po",1,2022Q2
2022-07-01,MU,2022-06-30,30.973,clean_positive_shock,True,cyclicality_penalty=3.80 with venture=10 and demand=5.58; requires venture>=14 and demand>=8,clean_positive_shock; demand=5.58; risk=0.00; venture=10; wave=3; asym=5; convexity=2.25; cyclicality=3.80,5.58,positive_shock,5.58,0,3.8,4.75,0.95,10,2022-07-01,Torque Bottleneck,3,5,5,2,-4,8.4819,19.4220,17.3579,5.6483,-6.1550,demand; demand for; storage well; memory storage well; storage well positioned; memory; storage; memory storage,"g action to moderate our supply growth in fiscal 2023. demand for memory and storage and are well positioned to deliver strong cross-cycle financial performance. customers, technology leadership, and manufacturing and operational excellence, Micron delivers a rich portfolio of high-performance DRAM, NAND, and NOR memory and storage products through our Micron® and Crucial® brands. demand || .84 billion versus $3.63 billion for the prior quarter and $3.56 billion for the same period last year“Micron delivered record revenue in the fiscal third quarter driven by our team’s excellent execution across technology, products and manufacturing,” said Micron Technology President and CEO Sanjay Mehrotra. “Recently, the industry demand environment has weakened, and we are taki || .84 billion versus $3.63 billion for the prior quarter and $3.56 billion for the same period last year“Micron delivered record revenue in the fiscal third quarter driven by our team’s excellent execution across technology, products and manufacturing,” said Micron Technology President and CEO Sanjay Mehrotra. “Recently, the industry demand envir || ncluded in restructure and asset impairments in the first quarter of 2022.In the third quarter of 2021, we recognized a charge of $435 million included in restructure and asset impairments in connection with the definitive agreement with TI (and a tax benefit of $104 million included in income tax (provision) benefit) to write down the assets h",1,2022Q3
2022-11-04,AAOI,2022-11-03,48.526,clean_positive_shock,False,,clean_positive_shock; demand=9.31; risk=0.00; venture=12; wave=3; asym=5; convexity=4.75; cyclicality=0.00,9.31,positive_shock,9.31,0,0,0.0,0.95,12,2022-11-03,Torque Bottleneck,3,5,4,3,-3,3.0837,-3.5242,0.8811,-17.1806,24.2291,stronger telecom; catv market stronger; market stronger telecom; stronger telecom market; demand catv; demand catv market; telecom; catv,"ame in below our expectations, primarily due to a faster than expected decline in 40G revenue, we are encouraged by the continued demand in the CATV market and the stronger telecom market,” said Dr. Thompson Lin, Applied Optoelectronics Inc. Founder, President and Chief Executive Officer. “We generated the highest quarterly CATV revenue in the Company’s || ” said Dr. Thompson Lin, Applied Optoelectronics Inc. Founder, President and Chief Executive Officer. “We generated the highest quarterly CATV revenue in the Company’s history in Q3, and we ended the quarter with a healthy backlog of CATV products. We continue to see good customer traction on 400G, with 400G revenue more than tripling compared to Q2, which we believe is the beginning of the anticipated ramp in this p || s of products; disruptions in the supply chain; change in the rate of design wins or the rate of customer acceptance of new products; the company's reliance on a small number of customers for a substantial portion of its revenues; potential pricing pressure; a decline in demand for our customers' products or their rate of deployment of their products; general conditions in the internet datacenter, cable || 022 ended September 30, 2022.“While our revenue came in below our expectations, primarily due to a faster than expected decline in 40G revenue, we are encouraged by the continued demand in the CATV market and the stronger telecom market,” said Dr. Thompson Lin, Applied Optoelectronics Inc. Founder, President and Chief Executive Officer. “We generated the highest quarterly CATV revenue in the Company’s history in Q3, ",1,2022Q4
2023-02-24,AAOI,2023-02-23,40.126,clean_positive_shock,False,,clean_positive_shock; demand=5.31; risk=0.00; venture=12; wave=3; asym=5; convexity=4.75; cyclicality=0.00,5.31,positive_shock,5.31,0,0,0.0,0.95,12,2022-11-03,Torque Bottleneck,3,5,4,3,-3,-6.3973,-16.4983,-42.0875,-32.3232,-41.0774,datacenter telecom; internet datacenter telecom; broadband internet datacenter; guidance range; datacenter telecom fiber-to-the-home; guidance range our; datacenter telecom ftth; guidance,"Officer. “We generated the highest quarterly CATV revenue in the Company’s history this quarter and we continue to see robust demand. With respect to the transaction that we announced in September 2022 that we have entered into an agreement with Yuhan Optoelectronic Technology for the sale of our manufacturing facilities located in the People's Repub || ” said Dr. Thompson Lin, Applied Optoelectronics Inc. Founder, President and Chief Executive Officer. “We generated the highest quarterly CATV revenue in the Company’s history this quarter and we continue to see robust demand. With respect to the transaction that we announced in September 2022 that we have entered into an agreement with Yuhan Optoelectronic Technology for the sale of our manufacturing fac || s of products; disruptions in the supply chain; change in the rate of design wins or the rate of customer acceptance of new products; the company's reliance on a small number of customers for a substantial portion of its revenues; potential pricing pressure; a decline in demand for our customers' products or their rate of deployment of their products; general conditions in the cable television (CATV) bro || pany's reliance on a small number of customers for a substantial portion of its revenues; potential pricing pressure; a decline in demand for our customers' products or their rate of deployment of their products; general conditions in the cable television (CATV) broadband, internet datacenter, telecom, or fiber-to-the-home (FTTH) markets; changes in the w",1,2023Q1
2023-05-25,NVDA,2023-05-24,45.95,clean_positive_shock,False,,clean_positive_shock; demand=10.00; risk=0.00; venture=6; wave=5; asym=3; convexity=2.00; cyclicality=0.00,10,positive_shock,10,0,0,-3.25,0.95,6,2023-02-24,Expansion Bridge,5,3,5,1,-4,1.6821,11.6138,5.4747,15.8061,22.3062,hopper; grace hopper; data; hopper nvidia; infrastructure; cloud; center; data center,"unces Financial Results for First Quarter Fiscal 2024 •Quarterly revenue of $7.19 billion, up 19% from previous quarter•Record Data Center revenue of $4.28 billion •Second quarter fiscal 2024 revenue outlook of $11.00 billionSANTA CLARA, Calif.-May 24, 2023- NVIDIA (NASDAQ: NVDA) today reported revenue for the first quarter ended April 30, 2023, of $7.19 billion, down 13% from a year ago and up 19% from the previous || unces Financial Results for First Quarter Fiscal 2024 •Quarterly revenue of $7.19 billion, up 19% from previous quarter•Record Data Center revenue of $4.28 billion •Second quarter fiscal 2024 revenue outlook of $11.00 billionSANTA CLARA, Calif.-May 24, 2023- NVIDIA (NASDAQ: NVDA) today reported revenue for the first quarter ended April 30, 2023 || rm 10-Q. Copies of reports filed with the SEC are posted on the company’s website and are available from NVIDIA without charge. These forward-looking statements are not guarantees of future performance and speak only as of the date hereof, and, except as required by law, NVIDIA disclaims any obligation to update these forward-looking statements",1,2023Q2
2023-08-24,NVDA,2023-08-23,46.975,clean_positive_shock,False,,clean_positive_shock; demand=10.00; risk=0.00; venture=10; wave=4; asym=3; convexity=1.25; cyclicality=0.00,10,positive_shock,10,0,0,-0.25,0.95,10,2023-05-26,Torque Bottleneck,4,3,5,3,-4,-3.3216,-9.4213,-15.9192,-14.4197,-2.9871,server; computing infrastructure; infrastructure generative; computing infrastructure generative; general-purpose accelerated; transitioning general-purpose accelerated; general-purpose accelerated computing; gh200 grace hopper,"pyright 2023 Workiva Document FOR IMMEDIATE RELEASE: NVIDIA Announces Financial Results for Second Quarter Fiscal 2024 •Record revenue of $13.51 billion, up 88% from Q1, up 101% from year ago•Record Data Center revenue of $10.32 billion, up 141% from Q1, up 171% from year agoSANTA CLARA, Calif.—Aug. 23, 2023―NVIDIA (NASDAQ: NVDA) today reported revenue for the second quarter ended July 30, 2023, of $13.5 || am to fast-track the development and adoption of enterprise generative AI capabilities.◦VMware to extend the companies’ strategic partnership to ready enterprises running VMware’s cloud infrastructure for the era of generative AI with VMware Private AI Foundation with NVIDIA.◦Snowflake to provide businesses with an accelerated path to create customized genera || pyright 2023 Workiva Document FOR IMMEDIATE RELEASE: NVIDIA Announces Financial Results for Second Quarter Fiscal 2024 •Record revenue of $13.51 billion, up 88% from Q1, up 101% from year ago•Record Data Center revenue of $10.32 billion, up 141% from Q1, up 171% from year agoSANTA CLARA, Calif.—Aug. 23, 2023―NVIDIA (NASDAQ: NVDA) today reported || rm 10-Q. Copies of reports filed with the SEC are posted on the company’s website and are available from NVIDIA without charge. These forward-looking statements are not guarantees of future performance and speak only as of the date hereof, and, except as required by law, NVIDIA disclaims any obligation to update these forward-looking statements",1,2023Q3
2023-11-10,AAOI,2023-11-09,46.366,clean_positive_shock,False,,clean_positive_shock; demand=8.46; risk=0.00; venture=11; wave=4; asym=5; convexity=5.00; cyclicality=0.00,8.46,positive_shock,8.46,0,0,-1.0,0.95,11,2023-05-04,Expansion Bridge,4,5,5,1,-3,55.6512,42.6265,99.7847,134.3380,103.3369,datacenter; datacenter during; continue datacenter; datacenter operators; datacenter during expect; trend continue datacenter; continue datacenter operators; datacenter operators transition,"oduct mix,” said Dr. Thompson Lin, Applied Optoelectronics Inc. Founder, President and Chief Executive Officer. “We saw increased demand for both our 100G and 400G products in our datacenter business during the quarter, and we expect this trend to continue as datacenter operators transition their networks. We also shipped our first samples of 800G datace || s of products; disruptions in the supply chain; change in the rate of design wins or the rate of customer acceptance of new products; the company's reliance on a small number of customers for a substantial portion of its revenues; potential pricing pressure; a decline in demand for our customers' products or their rate of deployment of their products; general conditions in the internet datacenter, cable || pany's reliance on a small number of customers for a substantial portion of its revenues; potential pricing pressure; a decline in demand for our customers' products or their rate of deployment of their products; general conditions in the internet datacenter, cable television (CATV) broadband, telecom, or fiber-to-the-home (FTTH) markets; changes in the w || performance; •We believe that elimination of expenses associated with discontinued products, including depreciation and inventory obsolescence is appropriate because these expenses are not indicative of our ongoing operations; •We believe that estimating non-GAAP income taxes allows comparison with prior periods and provides additional information",1,2023Q4
2024-02-22,NVDA,2024-02-21,46.975,clean_positive_shock,False,,clean_positive_shock; demand=10.00; risk=0.00; venture=10; wave=4; asym=3; convexity=1.25; cyclicality=0.00,10,positive_shock,10,0,0,-3.0,0.95,10,2023-05-26,Torque Bottleneck,4,3,5,3,-4,13.6115,21.1436,26.6271,5.9887,26.5578,data; demand; demand for; for data; data processing; demand for data; for data processing; data processing training,"ted share was $11.93, up 586% from a year ago. Non-GAAP earnings per diluted share was $12.96, up 288% from a year ago.“Accelerated computing and generative AI have hit the tipping point. Demand is surging worldwide across companies, industries and nations,” said Jensen Huang, founder and CEO of NVIDIA.“Our Data Center platform is powered by increasingly diverse drivers — demand for data processing, training an || ght 2024 Workiva Document FOR IMMEDIATE RELEASE: NVIDIA Announces Financial Results for Fourth Quarter and Fiscal 2024 •Record quarterly revenue of $22.1 billion, up 22% from Q3, up 265% from year ago•Record quarterly Data Center revenue of $18.4 billion, up 27% from Q3, up 409% from year ago•Record full-year revenue of $60.9 billion, up 126%SANTA CLARA, Calif.—Feb. 21, 2024―NVIDIA (NASDAQ: NVDA) today reported r || ght 2024 Workiva Document FOR IMMEDIATE RELEASE: NVIDIA Announces Financial Results for Fourth Quarter and Fiscal 2024 •Record quarterly revenue of $22.1 billion, up 22% from Q3, up 265% from year ago•Record quarterly Data Center revenue of $18.4 billion, up 27% from Q3, up 409% from year ago•Record full-year revenue of $60.9 billion, up 126%SA || rm 10-Q. Copies of reports filed with the SEC are posted on the company’s website and are available from NVIDIA without charge. These forward-looking statements are not guarantees of future performance and speak only as of the date hereof, and, except as required by law, NVIDIA disclaims any obligation to update these forward-looking statements",1,2024Q1
2024-06-27,MU,2024-06-26,46.575,clean_positive_shock,False,,clean_positive_shock; demand=10.00; risk=0.00; venture=10; wave=3; asym=5; convexity=2.25; cyclicality=0.00,10,positive_shock,10,0,0,-1.75,0.95,10,2023-06-29,Torque Bottleneck,3,5,5,2,-4,-3.7558,-11.9965,-20.5759,-27.1596,-29.4720,data; center; data center; center revenue; data center revenue; demand; guidance range sanjay; our guidance,"ing cash flow of $2.48 billion versus $1.22 billion for the prior quarter and $24 million for the same period last year“Robust AI demand and strong execution enabled Micron to drive 17% sequential revenue growth, exceeding our guidance range in fiscal Q3,” said Sanjay Mehrotra, President and CEO of Micron Technology. “We are gaining share in high-margin || NC. REPORTS RESULTS FOR THE THIRD QUARTER OF FISCAL 2024 AI demand drives 50% sequential data center revenue growth and record high data center revenue mix BOISE, Idaho, June 26, 2024 – Micron Technology, Inc. (Nasdaq: MU) today announced results for its third quarter of fiscal 2024, which ended May 30, 2024. Fiscal Q3 2024 highlights •Revenue of $6.81 billion versus $ || slides, which have been posted at investors. guidance for its fourth quarter. guidance for the fourth quarter of 2024. outlook. demand drives 50% sequential data center revenue growth and record high data center revenue mix BOISE, Idaho, June 26, 2024 – Micron Technology, Inc. demand and strong execution enabled Micron to drive 17% sequential revenue growth, exceeding our guidance range in fiscal Q3,” said Sanj || NC. REPORTS RESULTS FOR THE THIRD QUARTER OF FISCAL 2024 AI demand drives 50% sequential data center revenue growth and record high data center revenue mix BOISE, Idaho, June 26, 2024 – Micron Technology, Inc. (Nasdaq: MU) today announced results for its third quarter of fiscal 2024, which ended May 30, 2024. Fiscal Q3 2024 highlights •Revenue",1,2024Q2
2024-08-07,AAOI,2024-08-06,48.574,clean_positive_shock,False,,clean_positive_shock; demand=10.00; risk=0.57; venture=11; wave=4; asym=5; convexity=5.00; cyclicality=0.00,9.43,positive_shock,10,0.57,0,0.0,0.95,11,2023-05-04,Expansion Bridge,4,5,5,1,-3,3.6145,10.6024,42.2892,80.0000,99.2771,customer; non-gaap gross margin; orders; hyperscale; orders for; large hyperscale; hyperscale customer; customer very,"rt to 2024. Notably, we are pleased to announce that we’ve begun to receive orders for 400G products from another large hyperscale customer, and we are very excited about this new customer interaction. Further, we began to see business improvement in our datacenter business during Q2 and expect continued improvement throughout the year. Lastly, while we saw generally slower CATV sales during the second qu || pany's reliance on a small number of customers for a substantial portion of its revenues; potential pricing pressure; a decline in demand for our customers' products or their rate of deployment of their products; general conditions in the internet datacenter, cable television (CATV) broadband, telecom, or fiber-to-the-home (FTTH) markets; changes in the w || performance; ·We believe that elimination of expenses associated with discontinued products, including depreciation and inventory obsolescence is appropriate because these expenses are not indicative of our ongoing operations; ·We believe that estimating non-GAAP income taxes allows comparison with prior periods and provides additional information || company's products due to industry conditions; changes in manufacturing operations; volatility in manufacturing costs; delays in shipments of products; disruptions in the supply chain; change in the rate of design wins or the rate of customer acceptance of new products; the company's reliance on a small number of customers for a substantial po",1,2024Q3
2024-11-08,AAOI,2024-11-07,49.078,clean_positive_shock,False,,clean_positive_shock; demand=10.00; risk=0.29; venture=11; wave=4; asym=5; convexity=5.00; cyclicality=0.00,9.71,positive_shock,10,0.29,0,0.0,0.95,11,2023-05-04,Expansion Bridge,4,5,5,1,-3,40.1026,111.3846,85.4359,69.1282,55.7949,our customers; customers; center; our data; data center; meet our customers; our data center; data,"in-line with our expectations, but our non-GAAP loss per share was larger than we expected, which was primarily due to accelerated R&D spending due to greater than anticipated new customer requests, especially in our data center business where we saw notable interest in our 1.6 Terabit transceivers,” said Dr. Stefan Murry, Applied Optoelectronics Chief Financial Officer and Chief Strategy Officer. “We are || share was larger than we expected, which was primarily due to accelerated R&D spending due to greater than anticipated new customer requests, especially in our data center business where we saw notable interest in our 1.6 Terabit transceivers,” said Dr. Stefan Murry, Applied Optoelectronics Chief Financial Officer and Chief Strategy Officer. “We are || ounced financial results for its third quarter ended September 30, 2024.“We had a solid third quarter performance as we ramped up production capacity to meet our customers’ rollout schedules,” said Dr. Thompson Lin, Applied Optoelectronics Inc. Founder, President and Chief Executive Officer. “We recorded double digit sequential growth in our data || pany's reliance on a small number of customers for a substantial portion of its revenues; potential pricing pressure; a decline in demand for our customers' products or their rate of deployment of their products; general conditions in the internet datacenter, cable television (CATV) broadband, telecom, or fiber-to-the-home (FTTH) markets; changes in the w",1,2024Q4
2025-02-28,BE,2025-02-27,53.65,clean_positive_shock,False,,clean_positive_shock; demand=10.00; risk=0.00; venture=14; wave=5; asym=5; convexity=5.00; cyclicality=0.00,10,positive_shock,10,0,0,0.0,0.95,14,2025-02-27,Expansion Bridge,5,5,5,1,-5,-3.1678,8.7757,-15.8390,-19.0497,-20.5051,energy server; old energy; server systems; old energy server; energy server systems; energy solution; reliable power; power now,"ing Wdesk Copyright 2025 Workiva Document Bloom Energy Reports Fourth Quarter and Full Year 2024 Financial Results with Record Full Year Revenues SAN JOSE, Calif., February 27, 2025 — Bloom Energy Corporation (NYSE: BE) reported today its financial results for the fourth quarter and the full year ended December 31, 2024. The company had record revenue of || markets; the ability of the Bloom Energy Server to operate on the fuel source a customer will want; the success of the strategic partnership with SK ecoplant in the United States and international markets; timing and development of an ecosystem for the hydrogen market, including in the South Korean market; continued incentives in the South Korean market; ada || 5 million in the fourth quarter of 2024, an increase of 67.2% compared to $314.4 million in the fourth quarter of 2023.•Gross margin of 38.3% in the fourth quarter of 2024, an increase of 12.4 percentage points year-over-year; Non-GAAP gross margin of 39.3% in the fourth quarter of 2024, an increase of 11.9 percentage points year-over-year.•Operating income of $104.7 million in the fourth quarter of 2 || ance, we expect revenue to grow 19% year-over-year. Outlook Bloom provides outlook for the full-year 2025:•Revenue: $1. outlook for revenue and profitability. expected, we closed 2024 with record quarterly results. forecasts of non-GAAP gross margin and non-GAAP operating margin. customer reaction to Bloom’s products; Bloom’s liquidity position; market demand for energy solutions; and Bloom’s 2025 outlook for re",1,2025Q1
2025-05-01,BE,2025-04-30,50.756,clean_positive_shock,False,,clean_positive_shock; demand=9.11; risk=0.00; venture=15; wave=4; asym=5; convexity=4.25; cyclicality=0.00,9.11,positive_shock,9.11,0,0,0.0,0.95,15,2025-04-30,Torque Bottleneck,4,5,5,3,-4,0.3183,-3.3952,-3.0239,26.8965,99.5756,customers place; customers; our customers; trust our customers; our customers place; demand; guidance; energy building,"ergy said, “Building on our success in 2024, we delivered excellent results in the first quarter of 2025, thanks to the strong execution across the entire company, and the trust our customers place in us. We appreciate Dan’s contributions over the past year and wish him all the best in his next chapter. Looking ahead, the world needs power, and we expect demand to grow, driven by AI, data center needs and in || Document created using Wdesk Copyright 2025 Workiva Document Bloom Energy Reports First Quarter 2025 Financial Results •Record Q1 revenue with 38.6% year over year growth •Reaffirming 2025 revenue and margin guidance SAN JOSE, Calif., April 30, 2025 — Bloom Energy Corporation (NYSE: BE) reported today its financial results for the first quarter ended March 31, 2025. The company reported revenue of $326.0 million for  || markets; the ability of the Bloom Energy Server to operate on the fuel source a customer will want; the success of the strategic partnership with SK ecoplant in the United States and international markets; timing and development of an ecosystem for the hydrogen market, including in the South Korean market; continued incentives in the South Korean market; ada || 5.4 million in the first quarter of 2025, an increase of 26.5% compared to $209.8 million in the first quarter of 2024.•Gross margin of 27.2% in the first quarter of 2025, an increase of 11.0 percentage points compared to 16.2% in the first quarter of 2024; Non-GAAP gross margin of 28.7% in the first quarter of 2025, an increase of 11.2 percentage points compared to 17.5% in the first quarter of 2024",1,2025Q2
2025-08-01,BE,2025-07-31,44.141,clean_positive_shock,False,,clean_positive_shock; demand=6.96; risk=0.00; venture=11; wave=4; asym=5; convexity=4.25; cyclicality=0.00,6.96,positive_shock,6.96,0,0,0.0,0.95,11,2025-07-31,Torque Bottleneck,4,5,5,2,-4,14.9969,36.9273,56.8418,158.3079,290.5009,capacity; power; power needs; factory capacity; capacity end; double factory capacity; factory capacity end; capacity end san,"mployees are executing well in a robust, rapidly changing environment, and we are excited to serve the power needs of a growing list of customers.” 1 Summary of Key Financial Metrics Summary of GAAP Profit and Loss Statements ($000), except EPS dataQ2'25Q1'25Q2'24Revenue$401,242 $326,021 $335,767 Cost of Revenue294,119 237,314 267,245 Gross Profit107,123 88,707 6 || t 2025 Workiva Document Bloom Energy Reports Second Quarter 2025 Financial Results •Third straight quarter of quarterly record revenue and profits •6th straight quarter of services profitability •Bloom plans to double factory capacity from 1GW to 2 GW by end of 2026 SAN JOSE, Calif., July 31, 2025 — Bloom Energy Corporation (NYSE: BE) reported today its financial results for the second || markets; the ability of the Bloom Energy Server to operate on the fuel source a customer will want; the success of the strategic partnership with SK ecoplant in the United States and international markets; timing and development of an ecosystem for the hydrogen market, including in the South Korean market; continued incentives in the South Korean market; ada || 1 million in the second quarter of 2025, an increase of 25.9% compared to $278.8 million in the second quarter of 2024.•Gross margin of 26.7% in the second quarter of 2025, an increase of 6.3 percentage points compared to 20.4% in the second quarter of 2024; Non-GAAP gross margin of 28.2% in the second quarter of 2025, an increase of 6.5 percentage points compared to 21.8% in the second quarter of 202",1,2025Q3
2025-10-29,BE,2025-10-28,48.707,clean_positive_shock,False,,clean_positive_shock; demand=10.00; risk=2.01; venture=13; wave=4; asym=5; convexity=4.25; cyclicality=0.00,7.99,positive_shock,10,2.01,0,0.0,0.95,13,2025-10-28,Torque Bottleneck,4,5,5,3,-4,7.6798,-18.8167,-15.5143,-31.6241,17.7958,power; for onsite power; onsite power; power globally; demand for electricity; onsite power globally; non-gaap margin; margin services,"t 2025 Workiva Document Bloom Energy Reports Third Quarter 2025 Financial Results •Fourth straight quarter of quarterly record revenue •2nd consecutive quarter of double-digit non-GAAP profit margin % in services segment •Commercial Progress Continuing to Accelerate SAN JOSE, Calif., October 28, 2025 — Bloom Energy Corporation (NYSE: BE) reported today its financial results for the third quarter ended September 30, || e third quarter of 2025, an increase of $38.1 million compared to $8.1 million in the third quarter of 2024.•$5 billion strategic AI infrastructure partnership with Brookfield Asset Management.KR Sridhar, Founder, Chairman, and CEO of Bloom Energy, said: “Bloom is at the center of a once-in-a-generation opportunity to redefine how power is generated and delivered. Powerful tai || 2.9 million in the third quarter of 2025, an increase of 55.7% compared to $284.5 million in the third quarter of 2024.•Gross margin of 29.2% in the third quarter of 2025, an increase of 5.4 percentage points compared to 23.8% in the third quarter of 2024; non-GAAP gross margin of 30.4% in the third quarter of 2025, an increase of 5.1 percentage points compared to 25.2% in the third quarter of 2024.• || t 2025 Workiva Document Bloom Energy Reports Third Quarter 2025 Financial Results •Fourth straight quarter of quarterly record revenue •2nd consecutive quarter of double-digit non-GAAP profit margin % in services segment •Commercial Progress Continuing to Accelerate SAN JOSE, Calif., October 28, 2025 — Bloom Energy Corporation (NYSE: BE) report",1,2025Q4
2026-02-26,NVDA,2026-02-25,44.535,clean_positive_shock,False,,clean_positive_shock; demand=10.00; risk=0.00; venture=8; wave=5; asym=3; convexity=1.25; cyclicality=1.60,10,positive_shock,10,0,1.6,2.0,0.95,8,2026-02-25,Torque Bottleneck,5,3,5,2,-4,-5.9814,-7.1396,-14.9792,,,rubin; accelerated; demand; vera rubin; demand growing; customers racing; demand growing exponentially; customers racing invest,"niverse™ libraries. Gaming and AI PC •Fourth-quarter Gaming revenue was $3.7 billion, up 47% from a year ago, driven by strong Blackwell demand, and down 13% from the previous quarter as channel inventory naturally moderated following a season of strong holiday demand. Full-year revenue rose 41% to a record $16.0 billion.•Announced NVIDIA DLSS 4.5, delivering m || ated using Wdesk Copyright 2026 Workiva Document NVIDIA Announces Financial Results for Fourth Quarter and Fiscal 2026 •Record quarterly revenue of $68.1 billion, up 20% from Q3 and up 73% from a year ago•Record quarterly Data Center revenue of $62.3 billion, up 22% from Q3 and up 75% from a year ago•Record full-year revenue of $215.9 billion, up 65%SANTA CLARA, Calif.—Feb. 25, 2026―NVIDIA (NASDAQ: NVDA) today report || , a new class of AI-native storage infrastructure for the next frontier of AI.•Announced a multiyear, multigenerational strategic partnership with Meta spanning on-premises, cloud and AI infrastructure, including the large-scale deployment of NVIDIA CPUs, networking and millions of NVIDIA Blackwell and Rubin GPUs.•Revealed that NVIDIA Blackwell Ultra delivers || ered by NVIDIA systems.•Entered into a non-exclusive licensing agreement with Groq to accelerate AI inference at global scale.•Strengthened a collaboration with CoreWeave to accelerate the buildout of more than 5 gigawatts of AI factories by 2030.•Announced an expanded strategic partnership with Synopsys to revolutionize engineering and design across industries.•Announced a co-innovation AI lab with L",1,2026Q1
